2026-05-15 11:25:43  INFO      📅 Daily cap: 250 | Sent today: 0 | Remaining: 250
2026-05-15 11:25:43  INFO      ⛔ Excluded domains (27): bonami.in, cgi.com, cognizant.com, dotpe.in, dronamaps.com, earthclock.in, embglobal.com, grappus.com, herovired.com, hudle.in, idreamcareer.com, infosys.com, legistify.com, locofast.com, ongrid.in, primathon.in, pushowl.com, questt.com, raftlabs.co, rayosys.com, scuderia.in, sparkeighteen.com, squareboat.com, squareops.com, tradingwithvivek.com, venturasecurities.com, wizzybox.com
2026-05-15 11:25:43  INFO      Reading PDF: TestingJobs_FullList (11).pdf
2026-05-15 11:25:43  DEBUG     ⛔ Excluded: info@jobcurator.in
2026-05-15 11:25:43  DEBUG     ⛔ Excluded: info@jobcurator.in
2026-05-15 11:25:43  DEBUG     ⛔ Excluded: info@jobcurator.in
2026-05-15 11:25:43  DEBUG     ⛔ Excluded: info@jobcurator.in
2026-05-15 11:25:43  DEBUG     ⛔ Excluded: info@jobcurator.in
2026-05-15 11:25:43  DEBUG     ⛔ Excluded: info@jobcurator.in
2026-05-15 11:25:43  DEBUG     ⛔ Excluded: info@jobcurator.in
2026-05-15 11:25:43  DEBUG     ⛔ Excluded: info@jobcurator.in
2026-05-15 11:25:44  DEBUG     ⛔ Excluded: info@jobcurator.in
2026-05-15 11:25:44  DEBUG     ⛔ Excluded: info@jobcurator.in
2026-05-15 11:25:44  DEBUG     ⛔ Excluded: info@jobcurator.in
2026-05-15 11:25:44  DEBUG     ⛔ Excluded: info@jobcurator.in
2026-05-15 11:25:44  DEBUG     ⛔ Excluded: info@jobcurator.in
2026-05-15 11:25:44  DEBUG     ⛔ Excluded: info@jobcurator.in
2026-05-15 11:25:44  DEBUG     ⛔ Excluded: info@jobcurator.in
2026-05-15 11:25:44  DEBUG     ⛔ Excluded: info@jobcurator.in
2026-05-15 11:25:44  DEBUG     ⛔ Excluded: info@jobcurator.in
2026-05-15 11:25:44  DEBUG     ⛔ Excluded: info@jobcurator.in
2026-05-15 11:25:44  DEBUG     ⛔ Excluded: info@jobcurator.in
2026-05-15 11:25:45  DEBUG     ⛔ Excluded: info@jobcurator.in
2026-05-15 11:25:45  DEBUG     ⛔ Excluded: info@jobcurator.in
2026-05-15 11:25:45  DEBUG     ⛔ Excluded: info@jobcurator.in
2026-05-15 11:25:45  DEBUG     ⛔ Excluded: info@jobcurator.in
2026-05-15 11:25:45  DEBUG     ⛔ Excluded: info@jobcurator.in
2026-05-15 11:25:45  DEBUG     ⛔ Excluded: info@jobcurator.in
2026-05-15 11:25:45  DEBUG     ⛔ Excluded: info@jobcurator.in
2026-05-15 11:25:45  DEBUG     ⛔ Excluded: info@jobcurator.in
2026-05-15 11:25:45  DEBUG     ⛔ Excluded: info@jobcurator.in
2026-05-15 11:25:45  DEBUG     ⛔ Excluded: info@jobcurator.in
2026-05-15 11:25:45  DEBUG     ⛔ Excluded: info@jobcurator.in
2026-05-15 11:25:46  DEBUG     ⛔ Excluded: info@jobcurator.in
2026-05-15 11:25:46  DEBUG     ⛔ Excluded: info@jobcurator.in
2026-05-15 11:25:46  DEBUG     ⛔ Excluded: info@jobcurator.in
2026-05-15 11:25:46  DEBUG     ⛔ Excluded: info@jobcurator.in
2026-05-15 11:25:46  DEBUG     ⛔ Excluded: info@jobcurator.in
2026-05-15 11:25:46  DEBUG     ⛔ Excluded: info@jobcurator.in
2026-05-15 11:25:46  DEBUG     ⛔ Excluded: info@jobcurator.in
2026-05-15 11:25:46  DEBUG     ⛔ Excluded: info@jobcurator.in
2026-05-15 11:25:46  DEBUG     ⛔ Excluded: info@jobcurator.in
2026-05-15 11:25:46  DEBUG     ⛔ Excluded: info@jobcurator.in
2026-05-15 11:25:46  DEBUG     ⛔ Excluded: info@jobcurator.in
2026-05-15 11:25:47  DEBUG     ⛔ Excluded: info@jobcurator.in
2026-05-15 11:25:47  DEBUG     ⛔ Excluded: info@jobcurator.in
2026-05-15 11:25:47  DEBUG     ⛔ Excluded: info@jobcurator.in
2026-05-15 11:25:47  DEBUG     ⛔ Excluded: info@jobcurator.in
2026-05-15 11:25:47  DEBUG     ⛔ Excluded: info@jobcurator.in
2026-05-15 11:25:47  DEBUG     ⛔ Excluded: info@jobcurator.in
2026-05-15 11:25:47  DEBUG     ⛔ Excluded: info@jobcurator.in
2026-05-15 11:25:47  DEBUG     ⛔ Excluded: info@jobcurator.in
2026-05-15 11:25:47  DEBUG     ⛔ Excluded: info@jobcurator.in
2026-05-15 11:25:47  DEBUG     ⛔ Excluded: info@jobcurator.in
2026-05-15 11:25:48  DEBUG     ⛔ Excluded: info@jobcurator.in
2026-05-15 11:25:48  DEBUG     ⛔ Excluded: info@jobcurator.in
2026-05-15 11:25:48  DEBUG     ⛔ Excluded: info@jobcurator.in
2026-05-15 11:25:48  DEBUG     ⛔ Excluded: info@jobcurator.in
2026-05-15 11:25:48  DEBUG     ⛔ Excluded: info@jobcurator.in
2026-05-15 11:25:48  DEBUG     ⛔ Excluded: info@jobcurator.in
2026-05-15 11:25:48  DEBUG     ⛔ Excluded: info@jobcurator.in
2026-05-15 11:25:48  DEBUG     ⛔ Excluded: info@jobcurator.in
2026-05-15 11:25:48  DEBUG     ⛔ Excluded: info@jobcurator.in
2026-05-15 11:25:49  DEBUG     ⛔ Excluded: info@jobcurator.in
2026-05-15 11:25:49  DEBUG     ⛔ Excluded: info@jobcurator.in
2026-05-15 11:25:49  DEBUG     ⛔ Excluded: info@jobcurator.in
2026-05-15 11:25:49  DEBUG     ⛔ Excluded: info@jobcurator.in
2026-05-15 11:25:49  DEBUG     ⛔ Excluded: info@jobcurator.in
2026-05-15 11:25:49  DEBUG     ⛔ Excluded: info@jobcurator.in
2026-05-15 11:25:49  DEBUG     ⛔ Excluded: info@jobcurator.in
2026-05-15 11:25:49  DEBUG     ⛔ Excluded: info@jobcurator.in
2026-05-15 11:25:49  DEBUG     ⛔ Excluded: info@jobcurator.in
2026-05-15 11:25:49  DEBUG     ⛔ Excluded: info@jobcurator.in
2026-05-15 11:25:50  DEBUG     ⛔ Excluded: info@jobcurator.in
2026-05-15 11:25:50  DEBUG     ⛔ Excluded: info@jobcurator.in
2026-05-15 11:25:50  DEBUG     ⛔ Excluded: info@jobcurator.in
2026-05-15 11:25:50  DEBUG     ⛔ Excluded: info@jobcurator.in
2026-05-15 11:25:50  DEBUG     ⛔ Excluded: info@jobcurator.in
2026-05-15 11:25:50  DEBUG     ⛔ Excluded: info@jobcurator.in
2026-05-15 11:25:50  DEBUG     ⛔ Excluded: info@jobcurator.in
2026-05-15 11:25:50  DEBUG     ⛔ Excluded: info@jobcurator.in
2026-05-15 11:25:50  DEBUG     ⛔ Excluded: info@jobcurator.in
2026-05-15 11:25:50  DEBUG     ⛔ Excluded: info@jobcurator.in
2026-05-15 11:25:50  DEBUG     ⛔ Excluded: info@jobcurator.in
2026-05-15 11:25:51  DEBUG     ⛔ Excluded: info@jobcurator.in
2026-05-15 11:25:51  DEBUG     ⛔ Excluded: info@jobcurator.in
2026-05-15 11:25:51  DEBUG     ⛔ Excluded: info@jobcurator.in
2026-05-15 11:25:51  DEBUG     ⛔ Excluded: info@jobcurator.in
2026-05-15 11:25:51  DEBUG     ⛔ Excluded: info@jobcurator.in
2026-05-15 11:25:51  DEBUG     ⛔ Excluded: info@jobcurator.in
2026-05-15 11:25:51  DEBUG     ⛔ Excluded: info@jobcurator.in
2026-05-15 11:25:51  DEBUG     ⛔ Excluded: info@jobcurator.in
2026-05-15 11:25:51  DEBUG     ⛔ Excluded: info@jobcurator.in
2026-05-15 11:25:52  DEBUG     ⛔ Excluded: info@jobcurator.in
2026-05-15 11:25:52  DEBUG     ⛔ Excluded: info@jobcurator.in
2026-05-15 11:25:52  DEBUG     ⛔ Excluded: info@jobcurator.in
2026-05-15 11:25:52  DEBUG     ⛔ Excluded: info@jobcurator.in
2026-05-15 11:25:52  DEBUG     ⛔ Excluded: info@jobcurator.in
2026-05-15 11:25:52  DEBUG     ⛔ Excluded: info@jobcurator.in
2026-05-15 11:25:52  DEBUG     ⛔ Excluded: info@jobcurator.in
2026-05-15 11:25:52  DEBUG     ⛔ Excluded: info@jobcurator.in
2026-05-15 11:25:52  DEBUG     ⛔ Excluded: info@jobcurator.in
2026-05-15 11:25:52  DEBUG     ⛔ Excluded: info@jobcurator.in
2026-05-15 11:25:52  DEBUG     ⛔ Excluded: info@jobcurator.in
2026-05-15 11:25:53  DEBUG     ⛔ Excluded: info@jobcurator.in
2026-05-15 11:25:53  DEBUG     ⛔ Excluded: jayanthi03@infosys.com
2026-05-15 11:25:53  DEBUG     ⛔ Excluded: info@jobcurator.in
2026-05-15 11:25:53  DEBUG     ⛔ Excluded: info@jobcurator.in
2026-05-15 11:25:53  DEBUG     ⛔ Excluded: info@jobcurator.in
2026-05-15 11:25:53  DEBUG     ⛔ Excluded: info@jobcurator.in
2026-05-15 11:25:53  DEBUG     ⛔ Excluded: info@jobcurator.in
2026-05-15 11:25:53  DEBUG     ⛔ Excluded: info@jobcurator.in
2026-05-15 11:25:53  DEBUG     ⛔ Excluded: info@jobcurator.in
2026-05-15 11:25:53  DEBUG     ⛔ Excluded: info@jobcurator.in
2026-05-15 11:25:54  DEBUG     ⛔ Excluded: info@jobcurator.in
2026-05-15 11:25:54  DEBUG     ⛔ Excluded: info@jobcurator.in
2026-05-15 11:25:54  DEBUG     ⛔ Excluded: info@jobcurator.in
2026-05-15 11:25:54  DEBUG     ⛔ Excluded: info@jobcurator.in
2026-05-15 11:25:54  DEBUG     ⛔ Excluded: info@jobcurator.in
2026-05-15 11:25:54  DEBUG     ⛔ Excluded: info@jobcurator.in
2026-05-15 11:25:54  DEBUG     ⛔ Excluded: info@jobcurator.in
2026-05-15 11:25:54  DEBUG     ⛔ Excluded: info@jobcurator.in
2026-05-15 11:25:54  DEBUG     ⛔ Excluded: info@jobcurator.in
2026-05-15 11:25:54  DEBUG     ⛔ Excluded: info@jobcurator.in
2026-05-15 11:25:54  DEBUG     ⛔ Excluded: info@jobcurator.in
2026-05-15 11:25:54  DEBUG     ⛔ Excluded: info@jobcurator.in
2026-05-15 11:25:55  DEBUG     ⛔ Excluded: info@jobcurator.in
2026-05-15 11:25:55  DEBUG     ⛔ Excluded: info@jobcurator.in
2026-05-15 11:25:55  DEBUG     ⛔ Excluded: info@jobcurator.in
2026-05-15 11:25:55  DEBUG     ⛔ Excluded: info@jobcurator.in
2026-05-15 11:25:55  DEBUG     ⛔ Excluded: info@jobcurator.in
2026-05-15 11:25:55  DEBUG     ⛔ Excluded: info@jobcurator.in
2026-05-15 11:25:55  DEBUG     ⛔ Excluded: info@jobcurator.in
2026-05-15 11:25:55  DEBUG     ⛔ Excluded: info@jobcurator.in
2026-05-15 11:25:55  DEBUG     ⛔ Excluded: info@jobcurator.in
2026-05-15 11:25:56  DEBUG     ⛔ Excluded: info@jobcurator.in
2026-05-15 11:25:56  DEBUG     ⛔ Excluded: info@jobcurator.in
2026-05-15 11:25:56  DEBUG     ⛔ Excluded: info@jobcurator.in
2026-05-15 11:25:56  DEBUG     ⛔ Excluded: info@jobcurator.in
2026-05-15 11:25:56  DEBUG     ⛔ Excluded: info@jobcurator.in
2026-05-15 11:25:56  DEBUG     ⛔ Excluded: info@jobcurator.in
2026-05-15 11:25:56  DEBUG     ⛔ Excluded: info@jobcurator.in
2026-05-15 11:25:56  DEBUG     ⛔ Excluded: info@jobcurator.in
2026-05-15 11:25:56  DEBUG     ⛔ Excluded: info@jobcurator.in
2026-05-15 11:25:56  DEBUG     ⛔ Excluded: info@jobcurator.in
2026-05-15 11:25:56  DEBUG     ⛔ Excluded: info@jobcurator.in
2026-05-15 11:25:56  DEBUG     ⛔ Excluded: info@jobcurator.in
2026-05-15 11:25:56  DEBUG     ⛔ Excluded: info@jobcurator.in
2026-05-15 11:25:57  DEBUG     ⛔ Excluded: info@jobcurator.in
2026-05-15 11:25:57  DEBUG     ⛔ Excluded: info@jobcurator.in
2026-05-15 11:25:57  DEBUG     ⛔ Excluded: info@jobcurator.in
2026-05-15 11:25:57  DEBUG     ⛔ Excluded: info@jobcurator.in
2026-05-15 11:25:57  DEBUG     ⛔ Excluded: info@jobcurator.in
2026-05-15 11:25:57  DEBUG     ⛔ Excluded: info@jobcurator.in
2026-05-15 11:25:57  DEBUG     ⛔ Excluded: info@jobcurator.in
2026-05-15 11:25:57  DEBUG     ⛔ Excluded: info@jobcurator.in
2026-05-15 11:25:57  DEBUG     ⛔ Excluded: info@jobcurator.in
2026-05-15 11:25:57  DEBUG     ⛔ Excluded: info@jobcurator.in
2026-05-15 11:25:58  DEBUG     ⛔ Excluded: info@jobcurator.in
2026-05-15 11:25:58  DEBUG     ⛔ Excluded: info@jobcurator.in
2026-05-15 11:25:58  DEBUG     ⛔ Excluded: info@jobcurator.in
2026-05-15 11:25:58  DEBUG     ⛔ Excluded: info@jobcurator.in
2026-05-15 11:25:58  DEBUG     ⛔ Excluded: info@jobcurator.in
2026-05-15 11:25:58  DEBUG     ⛔ Excluded: info@jobcurator.in
2026-05-15 11:25:58  DEBUG     ⛔ Excluded: info@jobcurator.in
2026-05-15 11:25:58  DEBUG     ⛔ Excluded: info@jobcurator.in
2026-05-15 11:25:58  DEBUG     ⛔ Excluded: jayanthi03@infosys.com
2026-05-15 11:25:59  DEBUG     ⛔ Excluded: info@jobcurator.in
2026-05-15 11:25:59  DEBUG     ⛔ Excluded: info@jobcurator.in
2026-05-15 11:25:59  DEBUG     ⛔ Excluded: info@jobcurator.in
2026-05-15 11:25:59  DEBUG     ⛔ Excluded: info@jobcurator.in
2026-05-15 11:25:59  DEBUG     ⛔ Excluded: info@jobcurator.in
2026-05-15 11:25:59  DEBUG     ⛔ Excluded: info@jobcurator.in
2026-05-15 11:25:59  DEBUG     ⛔ Excluded: info@jobcurator.in
2026-05-15 11:25:59  DEBUG     ⛔ Excluded: info@jobcurator.in
2026-05-15 11:25:59  DEBUG     ⛔ Excluded: info@jobcurator.in
2026-05-15 11:25:59  DEBUG     ⛔ Excluded: info@jobcurator.in
2026-05-15 11:25:59  DEBUG     ⛔ Excluded: info@jobcurator.in
2026-05-15 11:26:00  DEBUG     ⛔ Excluded: info@jobcurator.in
2026-05-15 11:26:00  DEBUG     ⛔ Excluded: info@jobcurator.in
2026-05-15 11:26:00  DEBUG     ⛔ Excluded: info@jobcurator.in
2026-05-15 11:26:00  DEBUG     ⛔ Excluded: info@jobcurator.in
2026-05-15 11:26:00  DEBUG     ⛔ Excluded: info@jobcurator.in
2026-05-15 11:26:00  DEBUG     ⛔ Excluded: info@jobcurator.in
2026-05-15 11:26:00  DEBUG     ⛔ Excluded: info@jobcurator.in
2026-05-15 11:26:00  DEBUG     ⛔ Excluded: info@jobcurator.in
2026-05-15 11:26:00  DEBUG     ⛔ Excluded: info@jobcurator.in
2026-05-15 11:26:00  DEBUG     ⛔ Excluded: info@jobcurator.in
2026-05-15 11:26:00  DEBUG     ⛔ Excluded: info@jobcurator.in
2026-05-15 11:26:00  DEBUG     ⛔ Excluded: info@jobcurator.in
2026-05-15 11:26:01  DEBUG     ⛔ Excluded: info@jobcurator.in
2026-05-15 11:26:01  DEBUG     ⛔ Excluded: info@jobcurator.in
2026-05-15 11:26:01  DEBUG     ⛔ Excluded: info@jobcurator.in
2026-05-15 11:26:01  DEBUG     ⛔ Excluded: info@jobcurator.in
2026-05-15 11:26:02  DEBUG     ⛔ Excluded: info@jobcurator.in
2026-05-15 11:26:02  DEBUG     ⛔ Excluded: info@jobcurator.in
2026-05-15 11:26:02  DEBUG     ⛔ Excluded: info@jobcurator.in
2026-05-15 11:26:02  DEBUG     ⛔ Excluded: info@jobcurator.in
2026-05-15 11:26:02  DEBUG     ⛔ Excluded: info@jobcurator.in
2026-05-15 11:26:02  DEBUG     ⛔ Excluded: info@jobcurator.in
2026-05-15 11:26:02  DEBUG     ⛔ Excluded: info@jobcurator.in
2026-05-15 11:26:02  DEBUG     ⛔ Excluded: info@jobcurator.in
2026-05-15 11:26:02  DEBUG     ⛔ Excluded: info@jobcurator.in
2026-05-15 11:26:03  DEBUG     ⛔ Excluded: info@jobcurator.in
2026-05-15 11:26:03  DEBUG     ⛔ Excluded: info@jobcurator.in
2026-05-15 11:26:03  DEBUG     ⛔ Excluded: info@jobcurator.in
2026-05-15 11:26:03  DEBUG     ⛔ Excluded: info@jobcurator.in
2026-05-15 11:26:03  DEBUG     ⛔ Excluded: info@jobcurator.in
2026-05-15 11:26:03  INFO      Unique emails found: 251  |  Excluded (domain/email filter): 205
2026-05-15 11:26:03  INFO      Already sent (all time): 0  |  New to send today: 250
2026-05-15 11:26:03  INFO      🚀 Starting send: 250 emails | Batch size: 40 | Max/hour: 55
2026-05-15 11:26:05  INFO      ✅ SMTP connected
2026-05-15 11:26:07  INFO      ✔ [1/250] Sent → -ramesh@talentsmart.co.in
2026-05-15 11:26:17  INFO      ✔ [2/250] Sent → -sravani.vommi@sonata-software.com
2026-05-15 11:29:54  INFO      📅 Daily cap: 250 | Sent today: 0 | Remaining: 250
2026-05-15 11:29:54  INFO      ⛔ Excluded domains (27): bonami.in, cgi.com, cognizant.com, dotpe.in, dronamaps.com, earthclock.in, embglobal.com, grappus.com, herovired.com, hudle.in, idreamcareer.com, infosys.com, legistify.com, locofast.com, ongrid.in, primathon.in, pushowl.com, questt.com, raftlabs.co, rayosys.com, scuderia.in, sparkeighteen.com, squareboat.com, squareops.com, tradingwithvivek.com, venturasecurities.com, wizzybox.com
2026-05-15 11:29:54  INFO      Reading PDF: TestingJobs_FullList (11).pdf
2026-05-15 11:29:54  DEBUG     ⛔ Excluded: info@jobcurator.in
2026-05-15 11:29:54  DEBUG     ⛔ Excluded: info@jobcurator.in
2026-05-15 11:29:54  DEBUG     ⛔ Excluded: info@jobcurator.in
2026-05-15 11:29:55  DEBUG     ⛔ Excluded: info@jobcurator.in
2026-05-15 11:29:55  DEBUG     ⛔ Excluded: info@jobcurator.in
2026-05-15 11:29:55  DEBUG     ⛔ Excluded: info@jobcurator.in
2026-05-15 11:29:55  DEBUG     ⛔ Excluded: info@jobcurator.in
2026-05-15 11:29:55  DEBUG     ⛔ Excluded: info@jobcurator.in
2026-05-15 11:29:55  DEBUG     ⛔ Excluded: info@jobcurator.in
2026-05-15 11:29:55  DEBUG     ⛔ Excluded: info@jobcurator.in
2026-05-15 11:29:55  DEBUG     ⛔ Excluded: info@jobcurator.in
2026-05-15 11:29:55  DEBUG     ⛔ Excluded: info@jobcurator.in
2026-05-15 11:29:55  DEBUG     ⛔ Excluded: info@jobcurator.in
2026-05-15 11:29:56  DEBUG     ⛔ Excluded: info@jobcurator.in
2026-05-15 11:29:56  DEBUG     ⛔ Excluded: info@jobcurator.in
2026-05-15 11:29:56  DEBUG     ⛔ Excluded: info@jobcurator.in
2026-05-15 11:29:56  DEBUG     ⛔ Excluded: info@jobcurator.in
2026-05-15 11:29:56  DEBUG     ⛔ Excluded: info@jobcurator.in
2026-05-15 11:29:56  DEBUG     ⛔ Excluded: info@jobcurator.in
2026-05-15 11:29:56  DEBUG     ⛔ Excluded: info@jobcurator.in
2026-05-15 11:29:56  DEBUG     ⛔ Excluded: info@jobcurator.in
2026-05-15 11:29:56  DEBUG     ⛔ Excluded: info@jobcurator.in
2026-05-15 11:29:56  DEBUG     ⛔ Excluded: info@jobcurator.in
2026-05-15 11:29:57  DEBUG     ⛔ Excluded: info@jobcurator.in
2026-05-15 11:29:57  DEBUG     ⛔ Excluded: info@jobcurator.in
2026-05-15 11:29:57  DEBUG     ⛔ Excluded: info@jobcurator.in
2026-05-15 11:29:57  DEBUG     ⛔ Excluded: info@jobcurator.in
2026-05-15 11:29:57  DEBUG     ⛔ Excluded: info@jobcurator.in
2026-05-15 11:29:57  DEBUG     ⛔ Excluded: info@jobcurator.in
2026-05-15 11:29:57  DEBUG     ⛔ Excluded: info@jobcurator.in
2026-05-15 11:29:57  DEBUG     ⛔ Excluded: info@jobcurator.in
2026-05-15 11:29:57  DEBUG     ⛔ Excluded: info@jobcurator.in
2026-05-15 11:29:57  DEBUG     ⛔ Excluded: info@jobcurator.in
2026-05-15 11:29:57  DEBUG     ⛔ Excluded: info@jobcurator.in
2026-05-15 11:29:57  DEBUG     ⛔ Excluded: info@jobcurator.in
2026-05-15 11:29:58  DEBUG     ⛔ Excluded: info@jobcurator.in
2026-05-15 11:29:58  DEBUG     ⛔ Excluded: info@jobcurator.in
2026-05-15 11:29:58  DEBUG     ⛔ Excluded: info@jobcurator.in
2026-05-15 11:29:58  DEBUG     ⛔ Excluded: info@jobcurator.in
2026-05-15 11:29:58  DEBUG     ⛔ Excluded: info@jobcurator.in
2026-05-15 11:29:58  DEBUG     ⛔ Excluded: info@jobcurator.in
2026-05-15 11:29:58  DEBUG     ⛔ Excluded: info@jobcurator.in
2026-05-15 11:29:58  DEBUG     ⛔ Excluded: info@jobcurator.in
2026-05-15 11:29:58  DEBUG     ⛔ Excluded: info@jobcurator.in
2026-05-15 11:29:58  DEBUG     ⛔ Excluded: info@jobcurator.in
2026-05-15 11:29:58  DEBUG     ⛔ Excluded: info@jobcurator.in
2026-05-15 11:29:59  DEBUG     ⛔ Excluded: info@jobcurator.in
2026-05-15 11:29:59  DEBUG     ⛔ Excluded: info@jobcurator.in
2026-05-15 11:29:59  DEBUG     ⛔ Excluded: info@jobcurator.in
2026-05-15 11:29:59  DEBUG     ⛔ Excluded: info@jobcurator.in
2026-05-15 11:29:59  DEBUG     ⛔ Excluded: info@jobcurator.in
2026-05-15 11:29:59  DEBUG     ⛔ Excluded: info@jobcurator.in
2026-05-15 11:29:59  DEBUG     ⛔ Excluded: info@jobcurator.in
2026-05-15 11:29:59  DEBUG     ⛔ Excluded: info@jobcurator.in
2026-05-15 11:30:00  DEBUG     ⛔ Excluded: info@jobcurator.in
2026-05-15 11:30:00  DEBUG     ⛔ Excluded: info@jobcurator.in
2026-05-15 11:30:00  DEBUG     ⛔ Excluded: info@jobcurator.in
2026-05-15 11:30:00  DEBUG     ⛔ Excluded: info@jobcurator.in
2026-05-15 11:30:00  DEBUG     ⛔ Excluded: info@jobcurator.in
2026-05-15 11:30:00  DEBUG     ⛔ Excluded: info@jobcurator.in
2026-05-15 11:30:00  DEBUG     ⛔ Excluded: info@jobcurator.in
2026-05-15 11:30:00  DEBUG     ⛔ Excluded: info@jobcurator.in
2026-05-15 11:30:00  DEBUG     ⛔ Excluded: info@jobcurator.in
2026-05-15 11:30:00  DEBUG     ⛔ Excluded: info@jobcurator.in
2026-05-15 11:30:00  DEBUG     ⛔ Excluded: info@jobcurator.in
2026-05-15 11:30:01  DEBUG     ⛔ Excluded: info@jobcurator.in
2026-05-15 11:30:01  DEBUG     ⛔ Excluded: info@jobcurator.in
2026-05-15 11:30:01  DEBUG     ⛔ Excluded: info@jobcurator.in
2026-05-15 11:30:01  DEBUG     ⛔ Excluded: info@jobcurator.in
2026-05-15 11:30:01  DEBUG     ⛔ Excluded: info@jobcurator.in
2026-05-15 11:30:01  DEBUG     ⛔ Excluded: info@jobcurator.in
2026-05-15 11:30:01  DEBUG     ⛔ Excluded: info@jobcurator.in
2026-05-15 11:30:01  DEBUG     ⛔ Excluded: info@jobcurator.in
2026-05-15 11:30:01  DEBUG     ⛔ Excluded: info@jobcurator.in
2026-05-15 11:30:01  DEBUG     ⛔ Excluded: info@jobcurator.in
2026-05-15 11:30:02  DEBUG     ⛔ Excluded: info@jobcurator.in
2026-05-15 11:30:02  DEBUG     ⛔ Excluded: info@jobcurator.in
2026-05-15 11:30:02  DEBUG     ⛔ Excluded: info@jobcurator.in
2026-05-15 11:30:02  DEBUG     ⛔ Excluded: info@jobcurator.in
2026-05-15 11:30:02  DEBUG     ⛔ Excluded: info@jobcurator.in
2026-05-15 11:30:02  DEBUG     ⛔ Excluded: info@jobcurator.in
2026-05-15 11:30:02  DEBUG     ⛔ Excluded: info@jobcurator.in
2026-05-15 11:30:02  DEBUG     ⛔ Excluded: info@jobcurator.in
2026-05-15 11:30:02  DEBUG     ⛔ Excluded: info@jobcurator.in
2026-05-15 11:30:02  DEBUG     ⛔ Excluded: info@jobcurator.in
2026-05-15 11:30:02  DEBUG     ⛔ Excluded: info@jobcurator.in
2026-05-15 11:30:02  DEBUG     ⛔ Excluded: info@jobcurator.in
2026-05-15 11:30:03  DEBUG     ⛔ Excluded: info@jobcurator.in
2026-05-15 11:30:03  DEBUG     ⛔ Excluded: info@jobcurator.in
2026-05-15 11:30:03  DEBUG     ⛔ Excluded: info@jobcurator.in
2026-05-15 11:30:03  DEBUG     ⛔ Excluded: info@jobcurator.in
2026-05-15 11:30:03  DEBUG     ⛔ Excluded: info@jobcurator.in
2026-05-15 11:30:03  DEBUG     ⛔ Excluded: info@jobcurator.in
2026-05-15 11:30:03  DEBUG     ⛔ Excluded: info@jobcurator.in
2026-05-15 11:30:03  DEBUG     ⛔ Excluded: info@jobcurator.in
2026-05-15 11:30:03  DEBUG     ⛔ Excluded: info@jobcurator.in
2026-05-15 11:30:04  DEBUG     ⛔ Excluded: info@jobcurator.in
2026-05-15 11:30:04  DEBUG     ⛔ Excluded: info@jobcurator.in
2026-05-15 11:30:04  DEBUG     ⛔ Excluded: info@jobcurator.in
2026-05-15 11:30:04  DEBUG     ⛔ Excluded: info@jobcurator.in
2026-05-15 11:30:04  DEBUG     ⛔ Excluded: info@jobcurator.in
2026-05-15 11:30:04  DEBUG     ⛔ Excluded: info@jobcurator.in
2026-05-15 11:30:04  DEBUG     ⛔ Excluded: jayanthi03@infosys.com
2026-05-15 11:30:04  DEBUG     ⛔ Excluded: info@jobcurator.in
2026-05-15 11:30:04  DEBUG     ⛔ Excluded: info@jobcurator.in
2026-05-15 11:30:04  DEBUG     ⛔ Excluded: info@jobcurator.in
2026-05-15 11:30:04  DEBUG     ⛔ Excluded: info@jobcurator.in
2026-05-15 11:30:04  DEBUG     ⛔ Excluded: info@jobcurator.in
2026-05-15 11:30:04  DEBUG     ⛔ Excluded: info@jobcurator.in
2026-05-15 11:30:05  DEBUG     ⛔ Excluded: info@jobcurator.in
2026-05-15 11:30:05  DEBUG     ⛔ Excluded: info@jobcurator.in
2026-05-15 11:30:05  DEBUG     ⛔ Excluded: info@jobcurator.in
2026-05-15 11:30:05  DEBUG     ⛔ Excluded: info@jobcurator.in
2026-05-15 11:30:05  DEBUG     ⛔ Excluded: info@jobcurator.in
2026-05-15 11:30:05  DEBUG     ⛔ Excluded: info@jobcurator.in
2026-05-15 11:30:05  DEBUG     ⛔ Excluded: info@jobcurator.in
2026-05-15 11:30:05  DEBUG     ⛔ Excluded: info@jobcurator.in
2026-05-15 11:30:05  DEBUG     ⛔ Excluded: info@jobcurator.in
2026-05-15 11:30:06  DEBUG     ⛔ Excluded: info@jobcurator.in
2026-05-15 11:30:06  DEBUG     ⛔ Excluded: info@jobcurator.in
2026-05-15 11:30:06  DEBUG     ⛔ Excluded: info@jobcurator.in
2026-05-15 11:30:06  DEBUG     ⛔ Excluded: info@jobcurator.in
2026-05-15 11:30:06  DEBUG     ⛔ Excluded: info@jobcurator.in
2026-05-15 11:30:06  DEBUG     ⛔ Excluded: info@jobcurator.in
2026-05-15 11:30:06  DEBUG     ⛔ Excluded: info@jobcurator.in
2026-05-15 11:30:06  DEBUG     ⛔ Excluded: info@jobcurator.in
2026-05-15 11:30:06  DEBUG     ⛔ Excluded: info@jobcurator.in
2026-05-15 11:30:06  DEBUG     ⛔ Excluded: info@jobcurator.in
2026-05-15 11:30:06  DEBUG     ⛔ Excluded: info@jobcurator.in
2026-05-15 11:30:06  DEBUG     ⛔ Excluded: info@jobcurator.in
2026-05-15 11:30:06  DEBUG     ⛔ Excluded: info@jobcurator.in
2026-05-15 11:30:07  DEBUG     ⛔ Excluded: info@jobcurator.in
2026-05-15 11:30:07  DEBUG     ⛔ Excluded: info@jobcurator.in
2026-05-15 11:30:07  DEBUG     ⛔ Excluded: info@jobcurator.in
2026-05-15 11:30:07  DEBUG     ⛔ Excluded: info@jobcurator.in
2026-05-15 11:30:07  DEBUG     ⛔ Excluded: info@jobcurator.in
2026-05-15 11:30:07  DEBUG     ⛔ Excluded: info@jobcurator.in
2026-05-15 11:30:07  DEBUG     ⛔ Excluded: info@jobcurator.in
2026-05-15 11:30:07  DEBUG     ⛔ Excluded: info@jobcurator.in
2026-05-15 11:30:07  DEBUG     ⛔ Excluded: info@jobcurator.in
2026-05-15 11:30:08  DEBUG     ⛔ Excluded: info@jobcurator.in
2026-05-15 11:30:08  DEBUG     ⛔ Excluded: info@jobcurator.in
2026-05-15 11:30:08  DEBUG     ⛔ Excluded: info@jobcurator.in
2026-05-15 11:30:08  DEBUG     ⛔ Excluded: info@jobcurator.in
2026-05-15 11:30:08  DEBUG     ⛔ Excluded: info@jobcurator.in
2026-05-15 11:30:08  DEBUG     ⛔ Excluded: info@jobcurator.in
2026-05-15 11:30:08  DEBUG     ⛔ Excluded: info@jobcurator.in
2026-05-15 11:30:08  DEBUG     ⛔ Excluded: info@jobcurator.in
2026-05-15 11:30:08  DEBUG     ⛔ Excluded: info@jobcurator.in
2026-05-15 11:30:08  DEBUG     ⛔ Excluded: info@jobcurator.in
2026-05-15 11:30:08  DEBUG     ⛔ Excluded: info@jobcurator.in
2026-05-15 11:30:08  DEBUG     ⛔ Excluded: info@jobcurator.in
2026-05-15 11:30:09  DEBUG     ⛔ Excluded: info@jobcurator.in
2026-05-15 11:30:09  DEBUG     ⛔ Excluded: info@jobcurator.in
2026-05-15 11:30:09  DEBUG     ⛔ Excluded: info@jobcurator.in
2026-05-15 11:30:09  DEBUG     ⛔ Excluded: info@jobcurator.in
2026-05-15 11:30:09  DEBUG     ⛔ Excluded: info@jobcurator.in
2026-05-15 11:30:09  DEBUG     ⛔ Excluded: info@jobcurator.in
2026-05-15 11:30:09  DEBUG     ⛔ Excluded: info@jobcurator.in
2026-05-15 11:30:10  DEBUG     ⛔ Excluded: info@jobcurator.in
2026-05-15 11:30:10  DEBUG     ⛔ Excluded: info@jobcurator.in
2026-05-15 11:30:10  DEBUG     ⛔ Excluded: info@jobcurator.in
2026-05-15 11:30:10  DEBUG     ⛔ Excluded: info@jobcurator.in
2026-05-15 11:30:10  DEBUG     ⛔ Excluded: jayanthi03@infosys.com
2026-05-15 11:30:10  DEBUG     ⛔ Excluded: info@jobcurator.in
2026-05-15 11:30:10  DEBUG     ⛔ Excluded: info@jobcurator.in
2026-05-15 11:30:10  DEBUG     ⛔ Excluded: info@jobcurator.in
2026-05-15 11:30:10  DEBUG     ⛔ Excluded: info@jobcurator.in
2026-05-15 11:30:10  DEBUG     ⛔ Excluded: info@jobcurator.in
2026-05-15 11:30:10  DEBUG     ⛔ Excluded: info@jobcurator.in
2026-05-15 11:30:10  DEBUG     ⛔ Excluded: info@jobcurator.in
2026-05-15 11:30:10  DEBUG     ⛔ Excluded: info@jobcurator.in
2026-05-15 11:30:11  DEBUG     ⛔ Excluded: info@jobcurator.in
2026-05-15 11:30:11  DEBUG     ⛔ Excluded: info@jobcurator.in
2026-05-15 11:30:11  DEBUG     ⛔ Excluded: info@jobcurator.in
2026-05-15 11:30:11  DEBUG     ⛔ Excluded: info@jobcurator.in
2026-05-15 11:30:11  DEBUG     ⛔ Excluded: info@jobcurator.in
2026-05-15 11:30:11  DEBUG     ⛔ Excluded: info@jobcurator.in
2026-05-15 11:30:11  DEBUG     ⛔ Excluded: info@jobcurator.in
2026-05-15 11:30:11  DEBUG     ⛔ Excluded: info@jobcurator.in
2026-05-15 11:30:11  DEBUG     ⛔ Excluded: info@jobcurator.in
2026-05-15 11:30:11  DEBUG     ⛔ Excluded: info@jobcurator.in
2026-05-15 11:30:11  DEBUG     ⛔ Excluded: info@jobcurator.in
2026-05-15 11:30:12  DEBUG     ⛔ Excluded: info@jobcurator.in
2026-05-15 11:30:12  DEBUG     ⛔ Excluded: info@jobcurator.in
2026-05-15 11:30:12  DEBUG     ⛔ Excluded: info@jobcurator.in
2026-05-15 11:30:12  DEBUG     ⛔ Excluded: info@jobcurator.in
2026-05-15 11:30:12  DEBUG     ⛔ Excluded: info@jobcurator.in
2026-05-15 11:30:12  DEBUG     ⛔ Excluded: info@jobcurator.in
2026-05-15 11:30:12  DEBUG     ⛔ Excluded: info@jobcurator.in
2026-05-15 11:30:12  DEBUG     ⛔ Excluded: info@jobcurator.in
2026-05-15 11:30:13  DEBUG     ⛔ Excluded: info@jobcurator.in
2026-05-15 11:30:13  DEBUG     ⛔ Excluded: info@jobcurator.in
2026-05-15 11:30:13  DEBUG     ⛔ Excluded: info@jobcurator.in
2026-05-15 11:30:13  DEBUG     ⛔ Excluded: info@jobcurator.in
2026-05-15 11:30:13  DEBUG     ⛔ Excluded: info@jobcurator.in
2026-05-15 11:30:13  DEBUG     ⛔ Excluded: info@jobcurator.in
2026-05-15 11:30:13  DEBUG     ⛔ Excluded: info@jobcurator.in
2026-05-15 11:30:13  DEBUG     ⛔ Excluded: info@jobcurator.in
2026-05-15 11:30:13  DEBUG     ⛔ Excluded: info@jobcurator.in
2026-05-15 11:30:13  DEBUG     ⛔ Excluded: info@jobcurator.in
2026-05-15 11:30:13  DEBUG     ⛔ Excluded: info@jobcurator.in
2026-05-15 11:30:14  DEBUG     ⛔ Excluded: info@jobcurator.in
2026-05-15 11:30:14  DEBUG     ⛔ Excluded: info@jobcurator.in
2026-05-15 11:30:14  DEBUG     ⛔ Excluded: info@jobcurator.in
2026-05-15 11:30:14  INFO      Unique emails found: 251  |  Excluded (domain/email filter): 205
2026-05-15 11:30:14  INFO      Already sent (all time): 2  |  New to send today: 249
2026-05-15 11:30:14  INFO      🚀 Starting send: 249 emails | Batch size: 40 | Max/hour: 55
2026-05-15 11:30:15  INFO      ✅ SMTP connected
2026-05-15 11:30:18  INFO      ✔ [1/249] Sent → a_zeba.begg@airtel.com
2026-05-15 11:30:25  INFO      ✔ [2/249] Sent → aakash.v@techedge-solution.com
2026-05-15 11:30:34  INFO      ✔ [3/249] Sent → aarthi.p@domniclewis.com
2026-05-15 11:30:44  INFO      ✔ [4/249] Sent → aayushi.poothia@apptadinc.com
2026-05-15 11:30:53  INFO      ✔ [5/249] Sent → abdul@prosapiens.in
2026-05-15 11:31:00  INFO      ✔ [6/249] Sent → abhishek@jigya.com
2026-05-15 11:31:08  INFO      ✔ [7/249] Sent → admin@pixigoinnovation.com
2026-05-15 11:31:18  INFO      ✔ [8/249] Sent → akanksha.anishaglobalsevices11@gmail.com
2026-05-15 11:31:25  INFO      ✔ [9/249] Sent → akash.sahu@equestever.com
2026-05-15 11:31:32  INFO      ✔ [10/249] Sent → akila@avtechsoftwareservices.co.in
2026-05-15 11:31:40  INFO      ✔ [11/249] Sent → alina.zaman@girikon.com
2026-05-15 11:31:49  INFO      ✔ [12/249] Sent → amishac@gkhrconsulting.com
2026-05-15 11:31:55  INFO      ✔ [13/249] Sent → amrutar.paturde@emcure.com
2026-05-15 11:32:02  INFO      ✔ [14/249] Sent → angel@epiqindia.com
2026-05-15 11:32:10  INFO      ✔ [15/249] Sent → anil.kumar@sourceresources.co
2026-05-15 11:32:17  INFO      ✔ [16/249] Sent → ankur.kakran@infojiniconsulting.com
2026-05-15 11:32:26  INFO      ✔ [17/249] Sent → anoushka@tsit.co.in
2026-05-15 11:32:35  INFO      ✔ [18/249] Sent → anusha.d@spartechnologyservices.com
2026-05-15 11:32:43  INFO      ✔ [19/249] Sent → apacrec04@itconnectus.com
2026-05-15 11:32:49  INFO      ✔ [20/249] Sent → apacrec10@itconnectus.com
2026-05-15 11:32:49  DEBUG     Domain burst pause (itconnectus.com): 29.5s
2026-05-15 11:33:26  INFO      ✔ [21/249] Sent → ashmitap@futuresoftindia.com
2026-05-15 11:33:34  INFO      ✔ [22/249] Sent → asra@rmvworkforce.com
2026-05-15 11:33:43  INFO      ✔ [23/249] Sent → ayesha@xavemcloud.com
2026-05-15 11:33:52  INFO      ✔ [24/249] Sent → baddula.sreekanth@ltm.com
2026-05-15 11:34:01  INFO      ✔ [25/249] Sent → bhagavathi.sharma@quest-global.com
2026-05-15 11:34:09  INFO      ✔ [26/249] Sent → bhagavathi@avtechsoftwareservices.co.in
2026-05-15 11:34:09  DEBUG     Domain burst pause (avtechsoftwareservices.co.in): 17.6s
2026-05-15 11:34:36  INFO      ✔ [27/249] Sent → bhanuchandar@skaps.co.in
2026-05-15 11:34:44  INFO      ✔ [28/249] Sent → bharath.c@techedge-solution.com
2026-05-15 11:34:44  DEBUG     Domain burst pause (techedge-solution.com): 28.5s
2026-05-15 11:35:20  INFO      ✔ [29/249] Sent → bharathi@aimplusstaffing.com
2026-05-15 11:35:30  INFO      ✔ [30/249] Sent → business@mm-consultancy.net
2026-05-15 11:35:38  INFO      ✔ [31/249] Sent → bussa.sirisha@mphasis.com
2026-05-15 11:35:45  INFO      ✔ [32/249] Sent → bvineth@asofttek.com
2026-05-15 11:35:54  INFO      ✔ [33/249] Sent → career@opensenselabs.com
2026-05-15 11:36:03  INFO      ✔ [34/249] Sent → career@refercircle.in
2026-05-15 11:36:10  INFO      ✔ [35/249] Sent → careers@vishleshan.net
2026-05-15 11:36:17  INFO      ✔ [36/249] Sent → carolin.j@vdartinc.com
2026-05-15 11:36:24  INFO      ✔ [37/249] Sent → chandani@maplecloudtechnologies.com
2026-05-15 11:36:32  INFO      ✔ [38/249] Sent → chinnadurai.p@infotics.co
2026-05-15 11:36:41  INFO      ✔ [39/249] Sent → chitra.sharma@talentola.com
2026-05-15 11:36:49  INFO      ✔ [40/249] Sent → connect@indivize.com
2026-05-15 11:36:53  INFO      ☕ Batch 1/7 complete (40 sent). Session break: 20 minutes…
2026-05-15 11:41:53  INFO      ⏰ Resuming in 15 minutes…
2026-05-15 11:46:53  INFO      ⏰ Resuming in 10 minutes…
2026-05-15 11:51:53  INFO      ⏰ Resuming in 5 minutes…
2026-05-15 11:56:45  INFO      ✅ SMTP connected
2026-05-15 11:56:48  INFO      ✔ [41/249] Sent → contact@talent3.com
2026-05-15 11:56:55  INFO      ✔ [42/249] Sent → csa.namrata8081@gmail.com
2026-05-15 11:56:55  DEBUG     Domain burst pause (gmail.com): 27.0s
2026-05-15 11:57:30  INFO      ✔ [43/249] Sent → danish@adescaretech.com
2026-05-15 11:57:38  INFO      ✔ [44/249] Sent → deepu.r@spartechnologyservices.com
2026-05-15 11:57:38  DEBUG     Domain burst pause (spartechnologyservices.com): 24.0s
2026-05-15 11:58:09  INFO      ✔ [45/249] Sent → details.faisal@pmcsservices.com
2026-05-15 11:58:16  INFO      ✔ [46/249] Sent → devakumar.d@smartitframe.com
2026-05-15 11:58:25  INFO      ✔ [47/249] Sent → devika@ielektron.com
2026-05-15 11:58:33  INFO      ✔ [48/249] Sent → dharshini.v@vdartinc.com
2026-05-15 11:58:33  DEBUG     Domain burst pause (vdartinc.com): 26.1s
2026-05-15 11:59:07  INFO      ✔ [49/249] Sent → dilraj.kaur@programming.com
2026-05-15 11:59:16  INFO      ✔ [50/249] Sent → divya@flexingit.in
2026-05-15 11:59:24  INFO      ✔ [51/249] Sent → divya@humanectere.com
2026-05-15 11:59:32  INFO      ✔ [52/249] Sent → divyag@edurungroup.in
2026-05-15 11:59:38  INFO      ✔ [53/249] Sent → divyanshi.raghaw@innovationm.com
2026-05-15 11:59:48  INFO      ✔ [54/249] Sent → doddipalli.bhanuja@compunnel.com
2026-05-15 11:59:56  INFO      ✔ [55/249] Sent → elluri.bhavani@millionmindsinfo.com
2026-05-15 12:00:01  INFO      ⏳ Hourly limit (55/hr) reached. Waiting 30 minutes…
2026-05-15 12:30:23  ERROR     ✘ SMTP error for email.hanseena@costaffglobal.in: (451, b'4.4.2 Timeout - closing connection.\n4.4.2  For more information, go to\n4.4.2  https://support.google.com/a/answer/3221692 98e67ed59e1d1-36959ca0fa5sm439718a91.3 - gsmtp', 'kanishkakohli4@gmail.com')
2026-05-15 12:30:26  WARNING   🔌 Server disconnected — reconnecting…
2026-05-15 12:30:28  INFO      ✅ SMTP connected
2026-05-15 12:30:32  INFO      ✔ [56/249] Sent (retry) → evoke@evokehr.com
2026-05-15 12:30:40  INFO      ✔ [57/249] Sent → faizan@unisongroup.com
2026-05-15 12:30:48  INFO      ✔ [58/249] Sent → fathima.nowwin@gmail.com
2026-05-15 12:30:58  INFO      ✔ [59/249] Sent → gandhimathi@annulartechnologies.com
2026-05-15 12:31:07  INFO      ✔ [60/249] Sent → gayathri.murahari@quadrantitservices.com
2026-05-15 12:31:16  INFO      ✔ [61/249] Sent → gayathri@psrtek.com
2026-05-15 12:31:24  INFO      ✔ [62/249] Sent → gayathri@smartitframe.com
2026-05-15 12:31:24  DEBUG     Domain burst pause (smartitframe.com): 27.4s
2026-05-15 12:31:58  INFO      ✔ [63/249] Sent → giridhar.g@tekwissen.in
2026-05-15 12:32:08  INFO      ✔ [64/249] Sent → girijadevi.g@thomasmount.com
2026-05-15 12:32:15  INFO      ✔ [65/249] Sent → gorika.singh@aqmtechnologies.com
2026-05-15 12:32:24  INFO      ✔ [66/249] Sent → harini.s@metaforgeit.com
2026-05-15 12:32:31  INFO      ✔ [67/249] Sent → harry@goldenpicktech.com
2026-05-15 12:32:37  INFO      ✔ [68/249] Sent → harshpathare.convictionhr@gmail.com
2026-05-15 12:32:37  DEBUG     Domain burst pause (gmail.com): 20.8s
2026-05-15 12:33:08  INFO      ✔ [69/249] Sent → hello@dqodify.com
2026-05-15 12:33:17  INFO      ✔ [70/249] Sent → himanshu.shekharotta@wipro.com
2026-05-15 12:33:25  INFO      ✔ [71/249] Sent → hr.tas@theaischool.co
2026-05-15 12:33:34  INFO      ✔ [72/249] Sent → hr2@krysalisco.com
2026-05-15 12:33:41  INFO      ✔ [73/249] Sent → hr@accudataanalytics.com
2026-05-15 12:33:47  INFO      ✔ [74/249] Sent → hr@anytimerupee.com
2026-05-15 12:33:57  INFO      ✔ [75/249] Sent → hr@arokee.com
2026-05-15 12:34:05  INFO      ✔ [76/249] Sent → hr@bharatjagriti.com
2026-05-15 12:34:14  INFO      ✔ [77/249] Sent → hr@bloomitsolutions.com
2026-05-15 12:34:21  INFO      ✔ [78/249] Sent → hr@devnagri.com
2026-05-15 12:34:30  INFO      ✔ [79/249] Sent → hr@estafftech.com
2026-05-15 12:34:36  INFO      ☕ Batch 2/7 complete (79 sent). Session break: 19 minutes…
2026-05-15 12:39:37  INFO      ⏰ Resuming in 14 minutes…
2026-05-15 12:44:37  INFO      ⏰ Resuming in 9 minutes…
2026-05-15 12:49:37  INFO      ⏰ Resuming in 4 minutes…
2026-05-15 12:53:35  INFO      ✅ SMTP connected
2026-05-15 12:53:38  INFO      ✔ [80/249] Sent → hr@hiraksolutions.com
2026-05-15 12:53:47  INFO      ✔ [81/249] Sent → hr@ingenific.com
2026-05-15 12:53:55  INFO      ✔ [82/249] Sent → hr@logicodesoftware.com
2026-05-15 12:54:02  INFO      ✔ [83/249] Sent → hr@prologicfirst.com
2026-05-15 12:54:12  INFO      ✔ [84/249] Sent → hr@raptbot.com
2026-05-15 12:54:20  INFO      ✔ [85/249] Sent → hr@refillhealth.com
2026-05-15 12:54:26  INFO      ✔ [86/249] Sent → hr@refurbedge.com
2026-05-15 12:54:33  INFO      ✔ [87/249] Sent → hr@siitechnologies.co.uk
2026-05-15 12:54:41  INFO      ✔ [88/249] Sent → hr@smart-minds.co.in
2026-05-15 12:54:48  INFO      ✔ [89/249] Sent → hr@techaivv.com
2026-05-15 12:54:54  INFO      ✔ [90/249] Sent → hr@techior.com
2026-05-15 12:55:01  INFO      ✔ [91/249] Sent → hr@visdinsolutions.com
2026-05-15 12:55:10  INFO      ✔ [92/249] Sent → hr@whistle-stopper.com
2026-05-15 12:55:19  INFO      ✔ [93/249] Sent → hr@zfunds.in
2026-05-15 12:55:25  INFO      ✔ [94/249] Sent → hre@pioneercadsolution.com
2026-05-15 12:55:32  INFO      ✔ [95/249] Sent → info@ddaitech.com
2026-05-15 12:55:41  INFO      ✔ [96/249] Sent → info@future4global.com
2026-05-15 12:55:49  INFO      ✔ [97/249] Sent → info@sankalptechnologyservices.com
2026-05-15 12:55:56  INFO      ✔ [98/249] Sent → info@vertexitconsultancy.com
2026-05-15 12:56:06  INFO      ✔ [99/249] Sent → ishita.sharma@peopleintegra.com
2026-05-15 12:56:14  INFO      ✔ [100/249] Sent → ismita.ghosh@webart.technol
2026-05-15 12:56:22  INFO      ✔ [101/249] Sent → jemima.j@edureka.co
2026-05-15 12:56:30  INFO      ✔ [102/249] Sent → jenifer.n@liveconnections.in
2026-05-15 12:56:39  INFO      ✔ [103/249] Sent → jigeorge@teksystems.com
2026-05-15 12:56:46  INFO      ✔ [104/249] Sent → jigya.dubey@covetus.com
2026-05-15 12:56:55  INFO      ✔ [105/249] Sent → jobs@gtcsys.com
2026-05-15 12:57:04  INFO      ✔ [106/249] Sent → juned.turak@gotatva.com
2026-05-15 12:57:12  INFO      ✔ [107/249] Sent → jyothi@tquanta.com
2026-05-15 12:57:18  INFO      ✔ [108/249] Sent → jyoti.hr@inspityitsolutions.com
2026-05-15 12:57:26  INFO      ✔ [109/249] Sent → jyoti.sharma@quesscorp.com
2026-05-15 12:57:33  INFO      ✔ [110/249] Sent → jyoti.singh@peopleintegra.com
2026-05-15 12:57:33  DEBUG     Domain burst pause (peopleintegra.com): 15.3s
2026-05-15 12:57:52  INFO      ⏳ Hourly limit (55/hr) reached. Waiting 33 minutes…
2026-05-15 13:30:37  ERROR     ✘ SMTP error for kajal1.kumari@upgrad.com: (451, b'4.4.2 Timeout - closing connection.\n4.4.2  For more information, go to\n4.4.2  https://support.google.com/a/answer/3221692 98e67ed59e1d1-369514361b6sm1751010a91.12 - gsmtp', 'kanishkakohli4@gmail.com')
2026-05-15 13:30:41  WARNING   🔌 Server disconnected — reconnecting…
2026-05-15 13:30:43  INFO      ✅ SMTP connected
2026-05-15 13:30:47  INFO      ✔ [111/249] Sent (retry) → kalpesh.kotkar@globant.com
2026-05-15 13:30:54  INFO      ✔ [112/249] Sent → kamalraj.rajdevkumar1@innovasolutions.com
2026-05-15 13:31:01  INFO      ✔ [113/249] Sent → karamjeet@unisongroup.com
2026-05-15 13:31:01  DEBUG     Domain burst pause (unisongroup.com): 24.9s
2026-05-15 13:31:33  INFO      ✔ [114/249] Sent → karthik@scaresservices.com
2026-05-15 13:31:43  INFO      ✔ [115/249] Sent → keerthi.v@testyantra.co.uk
2026-05-15 13:31:51  INFO      ✔ [116/249] Sent → kevin.j@emeasurematics.com
2026-05-15 13:32:00  INFO      ✔ [117/249] Sent → khushi.singh@appzlogic.com
2026-05-15 13:32:08  INFO      ✔ [118/249] Sent → kiruthika.devi@infotics.co
2026-05-15 13:32:08  DEBUG     Domain burst pause (infotics.co): 17.1s
2026-05-15 13:32:29  INFO      ☕ Batch 3/7 complete (118 sent). Session break: 11 minutes…
2026-05-15 13:37:29  INFO      ⏰ Resuming in 6 minutes…
2026-05-15 13:42:29  INFO      ⏰ Resuming in 1 minutes…
2026-05-15 13:43:14  INFO      ✅ SMTP connected
2026-05-15 13:43:17  INFO      ✔ [119/249] Sent → kshama.raj@blueocean.systems
2026-05-15 13:43:24  INFO      ✔ [120/249] Sent → kundan.singh@inkitsolutions.com
2026-05-15 13:43:31  INFO      ✔ [121/249] Sent → lakshmi.a@immidart.com
2026-05-15 13:43:39  INFO      ✔ [122/249] Sent → lalitha@nexusprofessionals.in
2026-05-15 13:43:49  INFO      ✔ [123/249] Sent → leena.karri@launchcg.com
2026-05-15 13:43:56  INFO      ✔ [124/249] Sent → lkumari@vyzeinc.com
2026-05-15 13:44:02  INFO      ✔ [125/249] Sent → m.sharanya@enspirit.co
2026-05-15 13:44:10  INFO      ✔ [126/249] Sent → madhavi.singh@ethxsoftcon.com
2026-05-15 13:44:16  INFO      ✔ [127/249] Sent → mahendra@i-fusioninc.com
2026-05-15 13:44:26  INFO      ✔ [128/249] Sent → mahima.handysolver@gmail.com
2026-05-15 13:44:32  INFO      ✔ [129/249] Sent → manikandan@servicecare.in
2026-05-15 13:44:39  INFO      ✔ [130/249] Sent → manisha.ravuri@automus.com
2026-05-15 13:44:45  INFO      ✔ [131/249] Sent → megha.ns@eastencher.com
2026-05-15 13:44:52  INFO      ✔ [132/249] Sent → meghna@gracehire.com
2026-05-15 13:45:01  INFO      ✔ [133/249] Sent → meshach@liveconnections.in
2026-05-15 13:45:01  DEBUG     Domain burst pause (liveconnections.in): 21.6s
2026-05-15 13:45:30  INFO      ✔ [134/249] Sent → mgbeg@yorksolutions.net
2026-05-15 13:45:35  INFO      ✔ [135/249] Sent → milinda.rao@workast.com.mx
2026-05-15 13:45:45  INFO      ✔ [136/249] Sent → mohit.kumar@firstmeridianglobal.com
2026-05-15 13:45:51  INFO      ✔ [137/249] Sent → monika.m@aarchsol.com
2026-05-15 13:46:00  INFO      ✔ [138/249] Sent → monika.swain@infotics.co
2026-05-15 13:46:06  INFO      ✔ [139/249] Sent → monika.tyagi@igiusa.com
2026-05-15 13:46:16  INFO      ✔ [140/249] Sent → mudit.goswami@infogain.com
2026-05-15 13:46:23  INFO      ✔ [141/249] Sent → narkishbanu.m@vdartinc.com
2026-05-15 13:46:30  INFO      ✔ [142/249] Sent → narmada.k@creenosolutions.com
2026-05-15 13:46:39  INFO      ✔ [143/249] Sent → neeshi.panchal@digitrixsoftware.com
2026-05-15 13:46:48  INFO      ✔ [144/249] Sent → neha@vconnectjob.in
2026-05-15 13:46:55  INFO      ✔ [145/249] Sent → nikhil@anaxontech.com
2026-05-15 13:47:02  INFO      ✔ [146/249] Sent → niteesha@cabptoidsolutions.com
2026-05-15 13:47:09  INFO      ✔ [147/249] Sent → nitika.kalra@helixbeat.com
2026-05-15 13:47:19  INFO      ✔ [148/249] Sent → nitish.kumar@mimiotech.com
2026-05-15 13:47:28  INFO      ✔ [149/249] Sent → nivethitha.thangaraj@kumaran.com
2026-05-15 13:47:33  INFO      ✔ [150/249] Sent → operations@skytek-global.com
2026-05-15 13:47:40  INFO      ✔ [151/249] Sent → pariti.vinay@onzestt.com
2026-05-15 13:47:47  INFO      ✔ [152/249] Sent → parvez@aiadeptconsulting.com
2026-05-15 13:47:53  INFO      ✔ [153/249] Sent → pasha@8elementstech.com
2026-05-15 13:48:00  INFO      ✔ [154/249] Sent → patil.shivani@orcapod.work
2026-05-15 13:48:07  INFO      ✔ [155/249] Sent → pavankumar.guttula@webpipl.com
2026-05-15 13:48:15  INFO      ✔ [156/249] Sent → pavitra.reddy@costaffglobal.in
2026-05-15 13:48:15  DEBUG     Domain burst pause (costaffglobal.in): 19.7s
2026-05-15 13:48:44  INFO      ✔ [157/249] Sent → pbaghel@vyzeinc.com
2026-05-15 13:48:44  DEBUG     Domain burst pause (vyzeinc.com): 29.4s
2026-05-15 13:49:21  INFO      ✔ [158/249] Sent → peak_hire_solutions@proton.me
2026-05-15 13:49:26  INFO      ☕ Batch 4/7 complete (158 sent). Session break: 17 minutes…
2026-05-15 13:54:26  INFO      ⏰ Resuming in 12 minutes…
2026-05-15 13:59:26  INFO      ⏰ Resuming in 7 minutes…
2026-05-15 14:04:26  INFO      ⏰ Resuming in 2 minutes…
2026-05-15 14:06:28  INFO      ✅ SMTP connected
2026-05-15 14:06:31  INFO      ✔ [159/249] Sent → pkalyandharmendra@rezolve.com
2026-05-15 14:06:40  INFO      ✔ [160/249] Sent → prabhu@americanitsystems.com
2026-05-15 14:06:48  INFO      ✔ [161/249] Sent → praharsha@intellectt.com
2026-05-15 14:06:57  INFO      ✔ [162/249] Sent → pranitaganvir@visdinsolutions.com
2026-05-15 14:06:57  DEBUG     Domain burst pause (visdinsolutions.com): 27.9s
2026-05-15 14:07:33  INFO      ✔ [163/249] Sent → priya.s@vdartinc.com
2026-05-15 14:07:33  DEBUG     Domain burst pause (vdartinc.com): 27.0s
2026-05-15 14:08:08  INFO      ✔ [164/249] Sent → priyanka@hr-hyre.com
2026-05-15 14:08:14  INFO      ✔ [165/249] Sent → priyanshu.k@careernexta.com
2026-05-15 14:08:21  INFO      ⏳ Hourly limit (55/hr) reached. Waiting 23 minutes…
2026-05-15 14:30:52  ERROR     ✘ SMTP error for queentina@vrdella.com: (451, b'4.4.2 Timeout - closing connection.\n4.4.2  For more information, go to\n4.4.2  https://support.google.com/a/answer/3221692 98e67ed59e1d1-369512424a6sm2729428a91.1 - gsmtp', 'kanishkakohli4@gmail.com')
2026-05-15 14:30:57  WARNING   🔌 Server disconnected — reconnecting…
2026-05-15 14:30:59  INFO      ✅ SMTP connected
2026-05-15 14:31:02  INFO      ✔ [166/249] Sent (retry) → rahulsharma@flexingit.in
2026-05-15 14:31:02  DEBUG     Domain burst pause (flexingit.in): 15.8s
2026-05-15 14:31:27  INFO      ✔ [167/249] Sent → rajashrij@quinnox.com
2026-05-15 14:31:34  INFO      ✔ [168/249] Sent → rajeshm@kaizentek.com
2026-05-15 14:31:44  INFO      ✔ [169/249] Sent → rajeshwari.chencha@epps-erp.com
2026-05-15 14:31:53  INFO      ✔ [170/249] Sent → rajiv.raju@placeelements.com
2026-05-15 14:32:00  INFO      ✔ [171/249] Sent → raju.dodda@quadranttechnologies.com
2026-05-15 14:32:08  INFO      ✔ [172/249] Sent → ramya.r@tekwissen.in
2026-05-15 14:32:08  DEBUG     Domain burst pause (tekwissen.in): 29.4s
2026-05-15 14:32:47  INFO      ✔ [173/249] Sent → ranusingh@stratosphere.co.in
2026-05-15 14:32:54  INFO      ✔ [174/249] Sent → recruit3@goldsikka.com
2026-05-15 14:33:00  INFO      ✔ [175/249] Sent → revanth.k@socbridgesemi.com
2026-05-15 14:33:07  INFO      ✔ [176/249] Sent → rimsha@xavemcloud.com
2026-05-15 14:33:07  DEBUG     Domain burst pause (xavemcloud.com): 15.2s
2026-05-15 14:33:31  INFO      ✔ [177/249] Sent → rishitha.vasagiri@lancesoft.in
2026-05-15 14:33:39  INFO      ✔ [178/249] Sent → ritu.tripathi@diverselynx.in
2026-05-15 14:33:48  INFO      ✔ [179/249] Sent → riya.satyala@robotinsighttech.com
2026-05-15 14:33:55  INFO      ✔ [180/249] Sent → rizwan.a@xlysi.com
2026-05-15 14:34:04  INFO      ✔ [181/249] Sent → rohan.tandon@fiserv.com
2026-05-15 14:34:13  INFO      ✔ [182/249] Sent → rohini.gk@quest-global.com
2026-05-15 14:34:13  DEBUG     Domain burst pause (quest-global.com): 25.0s
2026-05-15 14:34:45  INFO      ✔ [183/249] Sent → roshani.more@jobscapital.in
2026-05-15 14:34:52  INFO      ✔ [184/249] Sent → roshnee.patankar@covetus.com
2026-05-15 14:34:52  DEBUG     Domain burst pause (covetus.com): 19.0s
2026-05-15 14:35:21  INFO      ✔ [185/249] Sent → ruhita.thakur@hdfcbank.com
2026-05-15 14:35:28  INFO      ✔ [186/249] Sent → sagarpal@covetus.com
2026-05-15 14:35:36  INFO      ✔ [187/249] Sent → saloni@consultingkrew.in
2026-05-15 14:35:46  INFO      ✔ [188/249] Sent → sam.gosh@peoplentech.com
2026-05-15 14:35:54  INFO      ✔ [189/249] Sent → sam@dataformix.com
2026-05-15 14:36:04  INFO      ✔ [190/249] Sent → sameer@firstphoenicssolutions.com
2026-05-15 14:36:13  INFO      ✔ [191/249] Sent → sameermd02703@gmail.com
2026-05-15 14:36:13  DEBUG     Domain burst pause (gmail.com): 19.4s
2026-05-15 14:36:41  INFO      ✔ [192/249] Sent → sameern@hrinputs.com
2026-05-15 14:36:51  INFO      ✔ [193/249] Sent → sandhya@hr-hyre.com
2026-05-15 14:36:51  DEBUG     Domain burst pause (hr-hyre.com): 29.5s
2026-05-15 14:37:29  INFO      ✔ [194/249] Sent → sandhya@softpathtech.com
2026-05-15 14:37:37  INFO      ✔ [195/249] Sent → sandhya@technixonline.com
2026-05-15 14:37:44  INFO      ✔ [196/249] Sent → sangita@harjai.com
2026-05-15 14:37:54  INFO      ✔ [197/249] Sent → sanjana.sharma@walkingtree.tech
2026-05-15 14:38:00  INFO      ☕ Batch 5/7 complete (197 sent). Session break: 19 minutes…
2026-05-15 14:43:00  INFO      ⏰ Resuming in 14 minutes…
2026-05-15 14:48:00  INFO      ⏰ Resuming in 9 minutes…
2026-05-15 14:53:00  INFO      ⏰ Resuming in 4 minutes…
2026-05-15 14:56:39  INFO      ✅ SMTP connected
2026-05-15 14:56:41  INFO      ✔ [198/249] Sent → sarankumar.r@smartitframe.com
2026-05-15 14:56:51  INFO      ✔ [199/249] Sent → sarath@vaanvee.com
2026-05-15 14:57:00  INFO      ✔ [200/249] Sent → sayali@savanitechsolutions.com
2026-05-15 14:57:08  INFO      ✔ [201/249] Sent → shaikmohammed.h@twsol.com
2026-05-15 14:57:17  INFO      ✔ [202/249] Sent → shailly.s@techaivv.com
2026-05-15 14:57:17  DEBUG     Domain burst pause (techaivv.com): 28.4s
2026-05-15 14:57:54  INFO      ✔ [203/249] Sent → shamangi.thakur@successpact.com
2026-05-15 14:58:04  INFO      ✔ [204/249] Sent → shanti.sharma@harjai.com
2026-05-15 14:58:04  DEBUG     Domain burst pause (harjai.com): 18.4s
2026-05-15 14:58:28  INFO      ✔ [205/249] Sent → sharan.pk@univisiontechnocon.com
2026-05-15 14:58:35  INFO      ✔ [206/249] Sent → shikha@vconnectjob.in
2026-05-15 14:58:35  DEBUG     Domain burst pause (vconnectjob.in): 27.9s
2026-05-15 14:59:11  INFO      ✔ [207/249] Sent → shraddha.soni@netweb.biz
2026-05-15 14:59:21  INFO      ✔ [208/249] Sent → shravani@renaissanceconsulting.com.au
2026-05-15 14:59:28  INFO      ✔ [209/249] Sent → shreyas.gaikwad@mckinleyrice.co
2026-05-15 14:59:34  INFO      ✔ [210/249] Sent → shruti.arya@kk-talents.com
2026-05-15 14:59:42  INFO      ✔ [211/249] Sent → shruti.jawade@programming.com
2026-05-15 14:59:42  DEBUG     Domain burst pause (programming.com): 18.5s
2026-05-15 15:00:09  INFO      ✔ [212/249] Sent → shruti.vasava@deltassi.in
2026-05-15 15:00:16  INFO      ✔ [213/249] Sent → shruti@amysoftech.in
2026-05-15 15:00:24  INFO      ✔ [214/249] Sent → sinha.soumya@net2source.co.in
2026-05-15 15:00:33  INFO      ✔ [215/249] Sent → smitha.cs@qualitrix.com
2026-05-15 15:00:44  INFO      ✔ [216/249] Sent → snehal.dhende@qualitykiosk.com
2026-05-15 15:00:53  INFO      ✔ [217/249] Sent → sonika.balasubramanian@sacha.global
2026-05-15 15:01:01  INFO      ✔ [218/249] Sent → sony.g@tekprosol.com
2026-05-15 15:01:09  INFO      ✔ [219/249] Sent → sourav.tyagi@vintellic.com
2026-05-15 15:01:16  INFO      ✔ [220/249] Sent → sreekanth@burgeonits.net
2026-05-15 15:01:23  INFO      ⏳ Hourly limit (55/hr) reached. Waiting 30 minutes…
2026-05-15 15:31:07  ERROR     ✘ SMTP error for srushti.bombe@ltm.com: (451, b'4.4.2 Timeout - closing connection.\n4.4.2  For more information, go to\n4.4.2  https://support.google.com/a/answer/3221692 d2e1a72fcca58-83f19c7ed3fsm5315220b3a.45 - gsmtp', 'kanishkakohli4@gmail.com')
2026-05-15 15:31:07  DEBUG     Domain burst pause (ltm.com): 29.3s
2026-05-15 15:31:42  WARNING   🔌 Server disconnected — reconnecting…
2026-05-15 15:31:43  INFO      ✅ SMTP connected
2026-05-15 15:31:47  INFO      ✔ [221/249] Sent (retry) → subashri@warriortechsolution.com
2026-05-15 15:31:53  INFO      ✔ [222/249] Sent → subhash@servicecare.in
2026-05-15 15:31:53  DEBUG     Domain burst pause (servicecare.in): 26.1s
2026-05-15 15:32:29  INFO      ✔ [223/249] Sent → suma.n@thoughtwavesoft.com
2026-05-15 15:32:36  INFO      ✔ [224/249] Sent → surabhi@adlerqa.in
2026-05-15 15:32:45  INFO      ✔ [225/249] Sent → swagatika.hota@infotics.co
2026-05-15 15:32:45  DEBUG     Domain burst pause (infotics.co): 16.5s
2026-05-15 15:33:09  INFO      ✔ [226/249] Sent → sweta.sahu@odiware.com
2026-05-15 15:33:16  INFO      ✔ [227/249] Sent → swetha.ganesan@programming.com
2026-05-15 15:33:23  INFO      ✔ [228/249] Sent → ta7162@sfjbs.com
2026-05-15 15:33:31  INFO      ✔ [229/249] Sent → talent.connect@acrossassist.com
2026-05-15 15:33:41  INFO      ✔ [230/249] Sent → talent@digitruinx.com
2026-05-15 15:33:49  INFO      ✔ [231/249] Sent → tanishka.verma@recruiter.nlbtech.com
2026-05-15 15:33:56  INFO      ✔ [232/249] Sent → tausif@prideveterans.com
2026-05-15 15:34:02  INFO      ✔ [233/249] Sent → teja@catstaffing-us.com
2026-05-15 15:34:12  INFO      ✔ [234/249] Sent → thulasi.d@tekskills.in
2026-05-15 15:34:18  INFO      ✔ [235/249] Sent → udayasri.m@martinettechnologies.com
2026-05-15 15:34:26  INFO      ✔ [236/249] Sent → ugudavalli@primusglobal.com
2026-05-15 15:34:33  INFO      ☕ Batch 6/7 complete (236 sent). Session break: 17 minutes…
2026-05-15 15:39:33  INFO      ⏰ Resuming in 12 minutes…
2026-05-15 15:44:33  INFO      ⏰ Resuming in 7 minutes…
2026-05-15 15:49:33  INFO      ⏰ Resuming in 2 minutes…
2026-05-15 15:51:45  INFO      ✅ SMTP connected
2026-05-15 15:51:48  INFO      ✔ [237/249] Sent → vaishnavi.s@techsaga.in
2026-05-15 15:51:59  INFO      ✔ [238/249] Sent → vamshi.b@people-prime.com
2026-05-15 15:52:05  INFO      ✔ [239/249] Sent → venkat@adarshsolutions.com
2026-05-15 15:52:12  INFO      ✔ [240/249] Sent → venkat@gvmshiring.com
2026-05-15 15:52:18  INFO      ✔ [241/249] Sent → victor@edureka.co
2026-05-15 15:52:18  DEBUG     Domain burst pause (edureka.co): 26.6s
2026-05-15 15:52:54  INFO      ✔ [242/249] Sent → vijaya@relixtech.com
2026-05-15 15:53:03  INFO      ✔ [243/249] Sent → vinod@in.ey.com
2026-05-15 15:53:09  INFO      ✔ [244/249] Sent → vishal.kr@lancesoft.com
2026-05-15 15:53:18  INFO      ✔ [245/249] Sent → wilsonwade@nexavertex.com
2026-05-15 15:53:21  INFO      🎉 Done — 245/249 emails sent today.
2026-05-15 15:53:21  INFO      📊 Total sent all time: 247
2026-05-15 15:53:21  WARNING   Skipping PDF deletion — only 245/249 emails sent.
2026-05-18 08:06:32  INFO      📅 Daily cap: 250 | Sent today: 0 | Remaining: 250
2026-05-18 08:06:32  INFO      ⛔ Excluded domains (27): bonami.in, cgi.com, cognizant.com, dotpe.in, dronamaps.com, earthclock.in, embglobal.com, grappus.com, herovired.com, hudle.in, idreamcareer.com, infosys.com, legistify.com, locofast.com, ongrid.in, primathon.in, pushowl.com, questt.com, raftlabs.co, rayosys.com, scuderia.in, sparkeighteen.com, squareboat.com, squareops.com, tradingwithvivek.com, venturasecurities.com, wizzybox.com
2026-05-18 08:06:32  INFO      Reading PDF: TestingJobs_FullList (12).pdf
2026-05-18 08:06:32  DEBUG     ⛔ Excluded: info@jobcurator.in
2026-05-18 08:06:32  DEBUG     ⛔ Excluded: info@jobcurator.in
2026-05-18 08:06:33  DEBUG     ⛔ Excluded: info@jobcurator.in
2026-05-18 08:06:33  DEBUG     ⛔ Excluded: info@jobcurator.in
2026-05-18 08:06:33  DEBUG     ⛔ Excluded: info@jobcurator.in
2026-05-18 08:06:33  DEBUG     ⛔ Excluded: info@jobcurator.in
2026-05-18 08:06:33  DEBUG     ⛔ Excluded: info@jobcurator.in
2026-05-18 08:06:33  DEBUG     ⛔ Excluded: info@jobcurator.in
2026-05-18 08:06:33  DEBUG     ⛔ Excluded: info@jobcurator.in
2026-05-18 08:06:33  DEBUG     ⛔ Excluded: info@jobcurator.in
2026-05-18 08:06:33  DEBUG     ⛔ Excluded: info@jobcurator.in
2026-05-18 08:06:33  DEBUG     ⛔ Excluded: info@jobcurator.in
2026-05-18 08:06:33  DEBUG     ⛔ Excluded: info@jobcurator.in
2026-05-18 08:06:34  DEBUG     ⛔ Excluded: info@jobcurator.in
2026-05-18 08:06:34  DEBUG     ⛔ Excluded: info@jobcurator.in
2026-05-18 08:06:34  DEBUG     ⛔ Excluded: info@jobcurator.in
2026-05-18 08:06:34  DEBUG     ⛔ Excluded: info@jobcurator.in
2026-05-18 08:06:34  DEBUG     ⛔ Excluded: info@jobcurator.in
2026-05-18 08:06:34  DEBUG     ⛔ Excluded: info@jobcurator.in
2026-05-18 08:06:34  DEBUG     ⛔ Excluded: info@jobcurator.in
2026-05-18 08:06:34  DEBUG     ⛔ Excluded: info@jobcurator.in
2026-05-18 08:06:34  DEBUG     ⛔ Excluded: info@jobcurator.in
2026-05-18 08:06:34  DEBUG     ⛔ Excluded: info@jobcurator.in
2026-05-18 08:06:34  DEBUG     ⛔ Excluded: info@jobcurator.in
2026-05-18 08:06:35  DEBUG     ⛔ Excluded: info@jobcurator.in
2026-05-18 08:06:35  DEBUG     ⛔ Excluded: info@jobcurator.in
2026-05-18 08:06:35  DEBUG     ⛔ Excluded: info@jobcurator.in
2026-05-18 08:06:35  DEBUG     ⛔ Excluded: info@jobcurator.in
2026-05-18 08:06:35  DEBUG     ⛔ Excluded: info@jobcurator.in
2026-05-18 08:06:35  DEBUG     ⛔ Excluded: info@jobcurator.in
2026-05-18 08:06:35  DEBUG     ⛔ Excluded: info@jobcurator.in
2026-05-18 08:06:35  DEBUG     ⛔ Excluded: info@jobcurator.in
2026-05-18 08:06:35  DEBUG     ⛔ Excluded: info@jobcurator.in
2026-05-18 08:06:35  DEBUG     ⛔ Excluded: info@jobcurator.in
2026-05-18 08:06:35  DEBUG     ⛔ Excluded: info@jobcurator.in
2026-05-18 08:06:36  DEBUG     ⛔ Excluded: info@jobcurator.in
2026-05-18 08:06:36  DEBUG     ⛔ Excluded: info@jobcurator.in
2026-05-18 08:06:36  DEBUG     ⛔ Excluded: info@jobcurator.in
2026-05-18 08:06:36  DEBUG     ⛔ Excluded: info@jobcurator.in
2026-05-18 08:06:36  DEBUG     ⛔ Excluded: info@jobcurator.in
2026-05-18 08:06:36  DEBUG     ⛔ Excluded: info@jobcurator.in
2026-05-18 08:06:36  DEBUG     ⛔ Excluded: info@jobcurator.in
2026-05-18 08:06:36  DEBUG     ⛔ Excluded: info@jobcurator.in
2026-05-18 08:06:36  DEBUG     ⛔ Excluded: info@jobcurator.in
2026-05-18 08:06:36  DEBUG     ⛔ Excluded: ranjani.n@wizzybox.com
2026-05-18 08:06:36  DEBUG     ⛔ Excluded: sneha.gs@wizzybox.com
2026-05-18 08:06:36  DEBUG     ⛔ Excluded: info@jobcurator.in
2026-05-18 08:06:36  DEBUG     ⛔ Excluded: info@jobcurator.in
2026-05-18 08:06:36  DEBUG     ⛔ Excluded: info@jobcurator.in
2026-05-18 08:06:37  DEBUG     ⛔ Excluded: info@jobcurator.in
2026-05-18 08:06:37  DEBUG     ⛔ Excluded: info@jobcurator.in
2026-05-18 08:06:37  DEBUG     ⛔ Excluded: info@jobcurator.in
2026-05-18 08:06:37  DEBUG     ⛔ Excluded: info@jobcurator.in
2026-05-18 08:06:37  DEBUG     ⛔ Excluded: info@jobcurator.in
2026-05-18 08:06:37  DEBUG     ⛔ Excluded: info@jobcurator.in
2026-05-18 08:06:37  DEBUG     ⛔ Excluded: info@jobcurator.in
2026-05-18 08:06:37  DEBUG     ⛔ Excluded: info@jobcurator.in
2026-05-18 08:06:37  DEBUG     ⛔ Excluded: info@jobcurator.in
2026-05-18 08:06:37  DEBUG     ⛔ Excluded: info@jobcurator.in
2026-05-18 08:06:38  DEBUG     ⛔ Excluded: info@jobcurator.in
2026-05-18 08:06:38  DEBUG     ⛔ Excluded: info@jobcurator.in
2026-05-18 08:06:38  DEBUG     ⛔ Excluded: himanshu.agrawal@cgi.com
2026-05-18 08:06:38  DEBUG     ⛔ Excluded: info@jobcurator.in
2026-05-18 08:06:38  DEBUG     ⛔ Excluded: info@jobcurator.in
2026-05-18 08:06:38  DEBUG     ⛔ Excluded: info@jobcurator.in
2026-05-18 08:06:38  DEBUG     ⛔ Excluded: info@jobcurator.in
2026-05-18 08:06:38  DEBUG     ⛔ Excluded: info@jobcurator.in
2026-05-18 08:06:38  DEBUG     ⛔ Excluded: info@jobcurator.in
2026-05-18 08:06:38  DEBUG     ⛔ Excluded: kavitha_s20@infosys.com
2026-05-18 08:06:39  DEBUG     ⛔ Excluded: info@jobcurator.in
2026-05-18 08:06:39  DEBUG     ⛔ Excluded: info@jobcurator.in
2026-05-18 08:06:39  DEBUG     ⛔ Excluded: info@jobcurator.in
2026-05-18 08:06:39  DEBUG     ⛔ Excluded: info@jobcurator.in
2026-05-18 08:06:39  DEBUG     ⛔ Excluded: info@jobcurator.in
2026-05-18 08:06:39  DEBUG     ⛔ Excluded: info@jobcurator.in
2026-05-18 08:06:39  DEBUG     ⛔ Excluded: info@jobcurator.in
2026-05-18 08:06:39  DEBUG     ⛔ Excluded: info@jobcurator.in
2026-05-18 08:06:39  DEBUG     ⛔ Excluded: info@jobcurator.in
2026-05-18 08:06:40  DEBUG     ⛔ Excluded: info@jobcurator.in
2026-05-18 08:06:40  DEBUG     ⛔ Excluded: info@jobcurator.in
2026-05-18 08:06:40  DEBUG     ⛔ Excluded: info@jobcurator.in
2026-05-18 08:06:40  DEBUG     ⛔ Excluded: info@jobcurator.in
2026-05-18 08:06:40  DEBUG     ⛔ Excluded: info@jobcurator.in
2026-05-18 08:06:40  DEBUG     ⛔ Excluded: info@jobcurator.in
2026-05-18 08:06:40  DEBUG     ⛔ Excluded: info@jobcurator.in
2026-05-18 08:06:40  DEBUG     ⛔ Excluded: info@jobcurator.in
2026-05-18 08:06:41  DEBUG     ⛔ Excluded: info@jobcurator.in
2026-05-18 08:06:41  DEBUG     ⛔ Excluded: info@jobcurator.in
2026-05-18 08:06:41  DEBUG     ⛔ Excluded: info@jobcurator.in
2026-05-18 08:06:41  DEBUG     ⛔ Excluded: info@jobcurator.in
2026-05-18 08:06:41  DEBUG     ⛔ Excluded: info@jobcurator.in
2026-05-18 08:06:41  DEBUG     ⛔ Excluded: info@jobcurator.in
2026-05-18 08:06:41  DEBUG     ⛔ Excluded: info@jobcurator.in
2026-05-18 08:06:41  DEBUG     ⛔ Excluded: info@jobcurator.in
2026-05-18 08:06:41  DEBUG     ⛔ Excluded: info@jobcurator.in
2026-05-18 08:06:42  DEBUG     ⛔ Excluded: info@jobcurator.in
2026-05-18 08:06:42  DEBUG     ⛔ Excluded: info@jobcurator.in
2026-05-18 08:06:42  DEBUG     ⛔ Excluded: info@jobcurator.in
2026-05-18 08:06:42  DEBUG     ⛔ Excluded: info@jobcurator.in
2026-05-18 08:06:42  DEBUG     ⛔ Excluded: info@jobcurator.in
2026-05-18 08:06:42  DEBUG     ⛔ Excluded: info@jobcurator.in
2026-05-18 08:06:42  DEBUG     ⛔ Excluded: info@jobcurator.in
2026-05-18 08:06:42  DEBUG     ⛔ Excluded: info@jobcurator.in
2026-05-18 08:06:42  DEBUG     ⛔ Excluded: info@jobcurator.in
2026-05-18 08:06:42  DEBUG     ⛔ Excluded: info@jobcurator.in
2026-05-18 08:06:42  DEBUG     ⛔ Excluded: info@jobcurator.in
2026-05-18 08:06:42  DEBUG     ⛔ Excluded: info@jobcurator.in
2026-05-18 08:06:42  DEBUG     ⛔ Excluded: info@jobcurator.in
2026-05-18 08:06:43  DEBUG     ⛔ Excluded: info@jobcurator.in
2026-05-18 08:06:43  DEBUG     ⛔ Excluded: info@jobcurator.in
2026-05-18 08:06:43  DEBUG     ⛔ Excluded: info@jobcurator.in
2026-05-18 08:06:43  DEBUG     ⛔ Excluded: info@jobcurator.in
2026-05-18 08:06:43  DEBUG     ⛔ Excluded: info@jobcurator.in
2026-05-18 08:06:43  DEBUG     ⛔ Excluded: info@jobcurator.in
2026-05-18 08:06:43  DEBUG     ⛔ Excluded: info@jobcurator.in
2026-05-18 08:06:43  DEBUG     ⛔ Excluded: info@jobcurator.in
2026-05-18 08:06:43  DEBUG     ⛔ Excluded: info@jobcurator.in
2026-05-18 08:06:44  DEBUG     ⛔ Excluded: info@jobcurator.in
2026-05-18 08:06:44  DEBUG     ⛔ Excluded: info@jobcurator.in
2026-05-18 08:06:44  DEBUG     ⛔ Excluded: info@jobcurator.in
2026-05-18 08:06:44  DEBUG     ⛔ Excluded: info@jobcurator.in
2026-05-18 08:06:44  DEBUG     ⛔ Excluded: info@jobcurator.in
2026-05-18 08:06:44  DEBUG     ⛔ Excluded: info@jobcurator.in
2026-05-18 08:06:44  DEBUG     ⛔ Excluded: info@jobcurator.in
2026-05-18 08:06:44  DEBUG     ⛔ Excluded: info@jobcurator.in
2026-05-18 08:06:44  DEBUG     ⛔ Excluded: info@jobcurator.in
2026-05-18 08:06:44  DEBUG     ⛔ Excluded: info@jobcurator.in
2026-05-18 08:06:44  DEBUG     ⛔ Excluded: info@jobcurator.in
2026-05-18 08:06:44  DEBUG     ⛔ Excluded: info@jobcurator.in
2026-05-18 08:06:44  DEBUG     ⛔ Excluded: info@jobcurator.in
2026-05-18 08:06:45  DEBUG     ⛔ Excluded: info@jobcurator.in
2026-05-18 08:06:45  DEBUG     ⛔ Excluded: info@jobcurator.in
2026-05-18 08:06:45  DEBUG     ⛔ Excluded: info@jobcurator.in
2026-05-18 08:06:45  DEBUG     ⛔ Excluded: info@jobcurator.in
2026-05-18 08:06:45  DEBUG     ⛔ Excluded: info@jobcurator.in
2026-05-18 08:06:45  DEBUG     ⛔ Excluded: info@jobcurator.in
2026-05-18 08:06:45  DEBUG     ⛔ Excluded: info@jobcurator.in
2026-05-18 08:06:45  DEBUG     ⛔ Excluded: info@jobcurator.in
2026-05-18 08:06:45  DEBUG     ⛔ Excluded: info@jobcurator.in
2026-05-18 08:06:45  DEBUG     ⛔ Excluded: info@jobcurator.in
2026-05-18 08:06:46  DEBUG     ⛔ Excluded: info@jobcurator.in
2026-05-18 08:06:46  DEBUG     ⛔ Excluded: info@jobcurator.in
2026-05-18 08:06:46  DEBUG     ⛔ Excluded: info@jobcurator.in
2026-05-18 08:06:46  DEBUG     ⛔ Excluded: info@jobcurator.in
2026-05-18 08:06:46  DEBUG     ⛔ Excluded: info@jobcurator.in
2026-05-18 08:06:46  DEBUG     ⛔ Excluded: info@jobcurator.in
2026-05-18 08:06:46  DEBUG     ⛔ Excluded: info@jobcurator.in
2026-05-18 08:06:46  DEBUG     ⛔ Excluded: info@jobcurator.in
2026-05-18 08:06:46  DEBUG     ⛔ Excluded: info@jobcurator.in
2026-05-18 08:06:46  DEBUG     ⛔ Excluded: info@jobcurator.in
2026-05-18 08:06:46  DEBUG     ⛔ Excluded: info@jobcurator.in
2026-05-18 08:06:46  DEBUG     ⛔ Excluded: info@jobcurator.in
2026-05-18 08:06:47  DEBUG     ⛔ Excluded: info@jobcurator.in
2026-05-18 08:06:47  DEBUG     ⛔ Excluded: info@jobcurator.in
2026-05-18 08:06:47  DEBUG     ⛔ Excluded: info@jobcurator.in
2026-05-18 08:06:47  DEBUG     ⛔ Excluded: info@jobcurator.in
2026-05-18 08:06:47  DEBUG     ⛔ Excluded: info@jobcurator.in
2026-05-18 08:06:47  DEBUG     ⛔ Excluded: info@jobcurator.in
2026-05-18 08:06:47  DEBUG     ⛔ Excluded: info@jobcurator.in
2026-05-18 08:06:47  DEBUG     ⛔ Excluded: info@jobcurator.in
2026-05-18 08:06:47  DEBUG     ⛔ Excluded: info@jobcurator.in
2026-05-18 08:06:47  DEBUG     ⛔ Excluded: info@jobcurator.in
2026-05-18 08:06:47  DEBUG     ⛔ Excluded: info@jobcurator.in
2026-05-18 08:06:47  DEBUG     ⛔ Excluded: info@jobcurator.in
2026-05-18 08:06:48  DEBUG     ⛔ Excluded: info@jobcurator.in
2026-05-18 08:06:48  DEBUG     ⛔ Excluded: info@jobcurator.in
2026-05-18 08:06:48  DEBUG     ⛔ Excluded: info@jobcurator.in
2026-05-18 08:06:48  DEBUG     ⛔ Excluded: info@jobcurator.in
2026-05-18 08:06:48  DEBUG     ⛔ Excluded: info@jobcurator.in
2026-05-18 08:06:48  DEBUG     ⛔ Excluded: info@jobcurator.in
2026-05-18 08:06:48  DEBUG     ⛔ Excluded: info@jobcurator.in
2026-05-18 08:06:49  DEBUG     ⛔ Excluded: info@jobcurator.in
2026-05-18 08:06:49  DEBUG     ⛔ Excluded: info@jobcurator.in
2026-05-18 08:06:49  DEBUG     ⛔ Excluded: info@jobcurator.in
2026-05-18 08:06:49  DEBUG     ⛔ Excluded: info@jobcurator.in
2026-05-18 08:06:49  DEBUG     ⛔ Excluded: info@jobcurator.in
2026-05-18 08:06:49  DEBUG     ⛔ Excluded: info@jobcurator.in
2026-05-18 08:06:49  DEBUG     ⛔ Excluded: info@jobcurator.in
2026-05-18 08:06:49  DEBUG     ⛔ Excluded: info@jobcurator.in
2026-05-18 08:06:49  DEBUG     ⛔ Excluded: info@jobcurator.in
2026-05-18 08:06:49  DEBUG     ⛔ Excluded: info@jobcurator.in
2026-05-18 08:06:49  DEBUG     ⛔ Excluded: info@jobcurator.in
2026-05-18 08:06:49  DEBUG     ⛔ Excluded: info@jobcurator.in
2026-05-18 08:06:50  DEBUG     ⛔ Excluded: info@jobcurator.in
2026-05-18 08:06:50  DEBUG     ⛔ Excluded: info@jobcurator.in
2026-05-18 08:06:50  DEBUG     ⛔ Excluded: info@jobcurator.in
2026-05-18 08:06:50  DEBUG     ⛔ Excluded: info@jobcurator.in
2026-05-18 08:06:50  DEBUG     ⛔ Excluded: info@jobcurator.in
2026-05-18 08:06:50  DEBUG     ⛔ Excluded: info@jobcurator.in
2026-05-18 08:06:50  DEBUG     ⛔ Excluded: info@jobcurator.in
2026-05-18 08:06:50  DEBUG     ⛔ Excluded: info@jobcurator.in
2026-05-18 08:06:50  DEBUG     ⛔ Excluded: info@jobcurator.in
2026-05-18 08:06:50  DEBUG     ⛔ Excluded: info@jobcurator.in
2026-05-18 08:06:50  DEBUG     ⛔ Excluded: info@jobcurator.in
2026-05-18 08:06:50  DEBUG     ⛔ Excluded: info@jobcurator.in
2026-05-18 08:06:51  DEBUG     ⛔ Excluded: info@jobcurator.in
2026-05-18 08:06:51  DEBUG     ⛔ Excluded: info@jobcurator.in
2026-05-18 08:06:51  DEBUG     ⛔ Excluded: info@jobcurator.in
2026-05-18 08:06:51  DEBUG     ⛔ Excluded: info@jobcurator.in
2026-05-18 08:06:51  DEBUG     ⛔ Excluded: info@jobcurator.in
2026-05-18 08:06:52  DEBUG     ⛔ Excluded: info@jobcurator.in
2026-05-18 08:06:52  DEBUG     ⛔ Excluded: info@jobcurator.in
2026-05-18 08:06:52  DEBUG     ⛔ Excluded: info@jobcurator.in
2026-05-18 08:06:52  DEBUG     ⛔ Excluded: info@jobcurator.in
2026-05-18 08:06:52  DEBUG     ⛔ Excluded: info@jobcurator.in
2026-05-18 08:06:52  DEBUG     ⛔ Excluded: info@jobcurator.in
2026-05-18 08:06:52  DEBUG     ⛔ Excluded: info@jobcurator.in
2026-05-18 08:06:52  DEBUG     ⛔ Excluded: info@jobcurator.in
2026-05-18 08:06:52  DEBUG     ⛔ Excluded: info@jobcurator.in
2026-05-18 08:06:52  DEBUG     ⛔ Excluded: info@jobcurator.in
2026-05-18 08:06:52  DEBUG     ⛔ Excluded: info@jobcurator.in
2026-05-18 08:06:52  DEBUG     ⛔ Excluded: info@jobcurator.in
2026-05-18 08:06:52  DEBUG     ⛔ Excluded: info@jobcurator.in
2026-05-18 08:06:53  DEBUG     ⛔ Excluded: info@jobcurator.in
2026-05-18 08:06:53  DEBUG     ⛔ Excluded: info@jobcurator.in
2026-05-18 08:06:53  DEBUG     ⛔ Excluded: info@jobcurator.in
2026-05-18 08:06:53  DEBUG     ⛔ Excluded: info@jobcurator.in
2026-05-18 08:06:53  DEBUG     ⛔ Excluded: info@jobcurator.in
2026-05-18 08:06:53  DEBUG     ⛔ Excluded: info@jobcurator.in
2026-05-18 08:06:53  DEBUG     ⛔ Excluded: info@jobcurator.in
2026-05-18 08:06:53  DEBUG     ⛔ Excluded: info@jobcurator.in
2026-05-18 08:06:53  DEBUG     ⛔ Excluded: info@jobcurator.in
2026-05-18 08:06:53  DEBUG     ⛔ Excluded: info@jobcurator.in
2026-05-18 08:06:53  DEBUG     ⛔ Excluded: info@jobcurator.in
2026-05-18 08:06:54  DEBUG     ⛔ Excluded: info@jobcurator.in
2026-05-18 08:06:54  DEBUG     ⛔ Excluded: info@jobcurator.in
2026-05-18 08:06:54  DEBUG     ⛔ Excluded: info@jobcurator.in
2026-05-18 08:06:54  DEBUG     ⛔ Excluded: info@jobcurator.in
2026-05-18 08:06:54  DEBUG     ⛔ Excluded: info@jobcurator.in
2026-05-18 08:06:54  DEBUG     ⛔ Excluded: info@jobcurator.in
2026-05-18 08:06:54  DEBUG     ⛔ Excluded: info@jobcurator.in
2026-05-18 08:06:54  DEBUG     ⛔ Excluded: info@jobcurator.in
2026-05-18 08:06:54  DEBUG     ⛔ Excluded: info@jobcurator.in
2026-05-18 08:06:54  DEBUG     ⛔ Excluded: info@jobcurator.in
2026-05-18 08:06:54  DEBUG     ⛔ Excluded: info@jobcurator.in
2026-05-18 08:06:54  DEBUG     ⛔ Excluded: info@jobcurator.in
2026-05-18 08:06:54  DEBUG     ⛔ Excluded: info@jobcurator.in
2026-05-18 08:06:54  DEBUG     ⛔ Excluded: info@jobcurator.in
2026-05-18 08:06:55  DEBUG     ⛔ Excluded: info@jobcurator.in
2026-05-18 08:06:55  DEBUG     ⛔ Excluded: info@jobcurator.in
2026-05-18 08:06:55  DEBUG     ⛔ Excluded: info@jobcurator.in
2026-05-18 08:06:56  DEBUG     ⛔ Excluded: info@jobcurator.in
2026-05-18 08:06:56  DEBUG     ⛔ Excluded: info@jobcurator.in
2026-05-18 08:06:56  DEBUG     ⛔ Excluded: info@jobcurator.in
2026-05-18 08:06:56  DEBUG     ⛔ Excluded: info@jobcurator.in
2026-05-18 08:06:56  DEBUG     ⛔ Excluded: info@jobcurator.in
2026-05-18 08:06:56  DEBUG     ⛔ Excluded: info@jobcurator.in
2026-05-18 08:06:56  DEBUG     ⛔ Excluded: info@jobcurator.in
2026-05-18 08:06:56  DEBUG     ⛔ Excluded: info@jobcurator.in
2026-05-18 08:06:56  DEBUG     ⛔ Excluded: info@jobcurator.in
2026-05-18 08:06:56  INFO      Unique emails found: 309  |  Excluded (domain/email filter): 250
2026-05-18 08:06:56  INFO      Already sent (all time): 247  |  New to send today: 250
2026-05-18 08:06:56  INFO      🚀 Starting send: 250 emails | Batch size: 40 | Max/hour: 55
2026-05-18 08:07:00  INFO      ✅ SMTP connected
2026-05-18 08:07:03  INFO      ✔ [1/250] Sent → 2227developer@gmail.com
2026-05-18 08:07:10  INFO      ✔ [2/250] Sent → aarushi.agarwal@tdnewton.com
2026-05-18 08:07:18  INFO      ✔ [3/250] Sent → abhishek.pandey@hipathtech.com
2026-05-18 08:07:27  INFO      ✔ [4/250] Sent → abhisheksingh.epochfolio@gmail.com
2026-05-18 08:07:27  DEBUG     Domain burst pause (gmail.com): 26.8s
2026-05-18 08:08:02  INFO      ✔ [5/250] Sent → adityap@scaleneworks.com
2026-05-18 08:08:10  INFO      ✔ [6/250] Sent → ajay@iitsolutionsinc.com
2026-05-18 08:08:17  INFO      ✔ [7/250] Sent → akanksha.ch@cspiredigital.in
2026-05-18 08:08:24  INFO      ✔ [8/250] Sent → akanksha.mishra@techior.com
2026-05-18 08:08:30  INFO      ✔ [9/250] Sent → alex@spotter.ai
2026-05-18 08:08:37  INFO      ✔ [10/250] Sent → almasum.gazi@quesscorp.com
2026-05-18 08:08:46  INFO      ✔ [11/250] Sent → amruta@makeyourway.in
2026-05-18 08:08:52  INFO      ✔ [12/250] Sent → anand.kumarpandey@hcltech.com
2026-05-18 08:09:01  INFO      ✔ [13/250] Sent → anil.kumar@sabioinfotech.com
2026-05-18 08:09:09  INFO      ✔ [14/250] Sent → anishaydv07@gmail.com
2026-05-18 08:09:16  INFO      ✔ [15/250] Sent → anita.bachhar@digicomm.org
2026-05-18 08:09:25  INFO      ✔ [16/250] Sent → anjaliconverse22@gmail.com
2026-05-18 08:09:25  DEBUG     Domain burst pause (gmail.com): 22.1s
2026-05-18 08:09:55  INFO      ✔ [17/250] Sent → anju@net2source.co.in
2026-05-18 08:10:02  INFO      ✔ [18/250] Sent → ankita.baruah@xopuntech.com
2026-05-18 08:10:09  INFO      ✔ [19/250] Sent → annesa@mewartechservices.com
2026-05-18 08:10:18  INFO      ✔ [20/250] Sent → anuradha.c@chirokhealth.com
2026-05-18 08:10:26  INFO      ✔ [21/250] Sent → anurag.maheshwari@eisenvault.com
2026-05-18 08:10:36  INFO      ✔ [22/250] Sent → anusha@pearlhire.in
2026-05-18 08:10:42  INFO      ✔ [23/250] Sent → anusha_c@tekwissen.in
2026-05-18 08:10:47  INFO      ✔ [24/250] Sent → apoorva@nexusprofessionals.in
2026-05-18 08:10:55  INFO      ✔ [25/250] Sent → apushpa@4labsinc.com
2026-05-18 08:11:03  INFO      ✔ [26/250] Sent → arathi@nileconnect.co.in
2026-05-18 08:11:09  INFO      ✔ [27/250] Sent → aravind.t@jaastechnologies.com
2026-05-18 08:11:15  INFO      ✔ [28/250] Sent → arindam.das@magicedtech.com
2026-05-18 08:11:22  INFO      ✔ [29/250] Sent → arunam@vilwaatech.com
2026-05-18 08:11:30  INFO      ✔ [30/250] Sent → ashasri.guthula@steponestepahead.com
2026-05-18 08:11:36  INFO      ✔ [31/250] Sent → avninder.singh@peopleintegra.com
2026-05-18 08:11:44  INFO      ✔ [32/250] Sent → badvel.anusha@csm.tech
2026-05-18 08:11:54  INFO      ✔ [33/250] Sent → basant@zylonpartner.com
2026-05-18 08:11:59  INFO      ✔ [34/250] Sent → bhanu@pontoonglobal.com
2026-05-18 08:12:06  INFO      ✔ [35/250] Sent → bharath.k@adaminfotech.com
2026-05-18 08:12:15  INFO      ✔ [36/250] Sent → bhuvanesh@brillius.com
2026-05-18 08:12:24  INFO      ✔ [37/250] Sent → bhuvnesh.kumar@crossdoor.in
2026-05-18 08:12:32  INFO      ✔ [38/250] Sent → career@conscent.ai
2026-05-18 08:12:41  INFO      ✔ [39/250] Sent → career@programming.com
2026-05-18 08:12:49  INFO      ✔ [40/250] Sent → careers.india@ncs.com.sg
2026-05-18 08:12:54  INFO      ☕ Batch 1/7 complete (40 sent). Session break: 19 minutes…
2026-05-18 09:32:36  INFO      ⏰ Resuming in 14 minutes…
2026-05-18 09:37:35  INFO      ⏰ Resuming in 9 minutes…
2026-05-18 09:42:35  INFO      ⏰ Resuming in 4 minutes…
2026-05-18 09:46:22  INFO      ✅ SMTP connected
2026-05-18 09:46:25  INFO      ✔ [41/250] Sent → careers@caregenix.solutio
2026-05-18 09:46:32  INFO      ✔ [42/250] Sent → careers@hyniva.com
2026-05-18 09:46:40  INFO      ✔ [43/250] Sent → chaitanya.sahaya@qzigma.com
2026-05-18 09:46:49  INFO      ✔ [44/250] Sent → chaitanyak@futuresoftindia.com
2026-05-18 09:46:58  INFO      ✔ [45/250] Sent → chandramohan@velkinz.in
2026-05-18 09:47:04  INFO      ✔ [46/250] Sent → chandrika.recruiter.iclivia@gmail.com
2026-05-18 09:47:11  INFO      ✔ [47/250] Sent → chandrika@sevenhillsgrouptech.com
2026-05-18 09:47:20  INFO      ✔ [48/250] Sent → chethan.ds@onzestt.com
2026-05-18 09:47:28  INFO      ✔ [49/250] Sent → chethan.sn@zispl.com
2026-05-18 09:47:34  INFO      ✔ [50/250] Sent → ckeshoju@encore-c.com
2026-05-18 09:47:44  INFO      ✔ [51/250] Sent → contact@moforceglobal.com
2026-05-18 09:47:52  INFO      ✔ [52/250] Sent → dahalesupriya0407@gmail.com
2026-05-18 09:47:52  DEBUG     Domain burst pause (gmail.com): 28.9s
2026-05-18 09:48:29  INFO      ✔ [53/250] Sent → damla@ydcpro.com
2026-05-18 09:48:38  INFO      ✔ [54/250] Sent → daniinfogine@gmail.com
2026-05-18 09:48:45  INFO      ✔ [55/250] Sent → devayani.r@kamlaxglobal.com
2026-05-18 09:48:52  INFO      ✔ [56/250] Sent → dharmaa@huconinnovations.com
2026-05-18 09:48:58  INFO      ✔ [57/250] Sent → dibyashree.s@eslabs.net
2026-05-18 09:49:05  INFO      ✔ [58/250] Sent → dinesh.punjabi@latentbridge.com
2026-05-18 09:49:13  INFO      ✔ [59/250] Sent → divya.g@kotasoftware.com
2026-05-18 09:49:20  INFO      ✔ [60/250] Sent → divya@avtechsoftwareservices.co.in
2026-05-18 09:49:26  INFO      ✔ [61/250] Sent → divya@calyc.com
2026-05-18 09:49:33  INFO      ✔ [62/250] Sent → divyas@scgcareer.in
2026-05-18 09:49:40  INFO      ✔ [63/250] Sent → falak.gosain@programming.com
2026-05-18 09:49:40  DEBUG     Domain burst pause (programming.com): 26.6s
2026-05-18 09:50:15  INFO      ✔ [64/250] Sent → fastmanpowersolution@gmail.com
2026-05-18 09:50:15  DEBUG     Domain burst pause (gmail.com): 18.5s
2026-05-18 09:50:43  INFO      ✔ [65/250] Sent → fathimanisha.hr@talentcarpet.com
2026-05-18 09:50:52  INFO      ✔ [66/250] Sent → frank@workcog.com
2026-05-18 09:51:00  INFO      ✔ [67/250] Sent → g.mounika@avontechnologies.com
2026-05-18 09:51:05  INFO      ✔ [68/250] Sent → g.nandini@avontechnologies.com
2026-05-18 09:51:05  DEBUG     Domain burst pause (avontechnologies.com): 15.4s
2026-05-18 09:51:29  INFO      ✔ [69/250] Sent → gautham.c@caritorsolutions.in
2026-05-18 09:51:36  INFO      ✔ [70/250] Sent → gavin.jeff@rkubeinc.com
2026-05-18 09:51:45  INFO      ✔ [71/250] Sent → gunasekaran.moorthy@banfico.com
2026-05-18 09:51:52  INFO      ✔ [72/250] Sent → gupta.muskan@net2source.co.in
2026-05-18 09:51:52  DEBUG     Domain burst pause (net2source.co.in): 23.6s
2026-05-18 09:52:22  INFO      ✔ [73/250] Sent → hanzla.akhtar@trbitix.com
2026-05-18 09:52:29  INFO      ✔ [74/250] Sent → harichandana.v@artech.com
2026-05-18 09:52:35  INFO      ✔ [75/250] Sent → harshika.k@lancesoft.in
2026-05-18 09:52:41  INFO      ✔ [76/250] Sent → harshita.motiramani@truemeds.in
2026-05-18 09:52:50  INFO      ✔ [77/250] Sent → head@spenterprises.cloud
2026-05-18 09:52:59  INFO      ✔ [78/250] Sent → helpdesk@hersecondinnings.com
2026-05-18 09:53:08  INFO      ✔ [79/250] Sent → hemanth.p@3itechglobal.com
2026-05-18 09:53:18  INFO      ✔ [80/250] Sent → hr.teambcoder@gmail.com
2026-05-18 09:53:22  INFO      ☕ Batch 2/7 complete (80 sent). Session break: 14 minutes…
2026-05-18 09:58:22  INFO      ⏰ Resuming in 9 minutes…
2026-05-18 10:03:22  INFO      ⏰ Resuming in 4 minutes…
2026-05-18 10:07:10  INFO      ✅ SMTP connected
2026-05-18 10:07:13  INFO      ✔ [81/250] Sent → hr@a2zyouthsolution.com
2026-05-18 10:07:19  INFO      ✔ [82/250] Sent → hr@eisenvault.com
2026-05-18 10:07:19  DEBUG     Domain burst pause (eisenvault.com): 18.2s
2026-05-18 10:07:46  INFO      ✔ [83/250] Sent → hr@hirecamp.in
2026-05-18 10:07:56  INFO      ✔ [84/250] Sent → hr@magnify360solutions.com
2026-05-18 10:08:04  INFO      ✔ [85/250] Sent → hr@nexusprofessionals.in
2026-05-18 10:08:04  DEBUG     Domain burst pause (nexusprofessionals.in): 24.5s
2026-05-18 10:08:36  INFO      ✔ [86/250] Sent → hr@nxeevtechnologies.com
2026-05-18 10:08:42  INFO      ✔ [87/250] Sent → hr@onsumaye.com
2026-05-18 10:08:48  INFO      ✔ [88/250] Sent → hr@sidanglobal.com
2026-05-18 10:08:57  INFO      ✔ [89/250] Sent → hr@yutitech.in
2026-05-18 10:09:04  INFO      ✔ [90/250] Sent → ibaadat.hrd@cumail.in
2026-05-18 10:09:13  INFO      ✔ [91/250] Sent → indtag8@psrtek.com
2026-05-18 10:09:19  INFO      ✔ [92/250] Sent → info@avtechsoftwareservices.co.in
2026-05-18 10:09:19  DEBUG     Domain burst pause (avtechsoftwareservices.co.in): 18.3s
2026-05-18 10:09:47  INFO      ✔ [93/250] Sent → info@collabifyjobs.com
2026-05-18 10:09:55  INFO      ✔ [94/250] Sent → ishika.sharma@talentonlease.com
2026-05-18 10:10:01  INFO      ✔ [95/250] Sent → ishika@otyms.com
2026-05-18 10:10:04  INFO      ⏳ Hourly limit (55/hr) reached. Waiting 36 minutes…
2026-05-18 10:46:30  ERROR     ✘ SMTP error for j.geetanjali@joulestowatts.co: (451, b'4.4.2 Timeout - closing connection.\n4.4.2  For more information, go to\n4.4.2  https://support.google.com/a/answer/3221692 d9443c01a7336-2bd5d11c7f3sm130251065ad.70 - gsmtp', 'kanishkakohli4@gmail.com')
2026-05-18 10:46:36  WARNING   🔌 Server disconnected — reconnecting…
2026-05-18 10:46:38  INFO      ✅ SMTP connected
2026-05-18 10:46:40  INFO      ✔ [96/250] Sent (retry) → jagrati@fastrallc.com
2026-05-18 10:46:47  INFO      ✔ [97/250] Sent → jakeer@absoluting.com
2026-05-18 10:46:57  INFO      ✔ [98/250] Sent → janani.kannan@novintix.com
2026-05-18 10:47:05  INFO      ✔ [99/250] Sent → jashwanth.varma@lancesoft.in
2026-05-18 10:47:05  DEBUG     Domain burst pause (lancesoft.in): 29.8s
2026-05-18 10:47:41  INFO      ✔ [100/250] Sent → jaswanth@vergilindia.com
2026-05-18 10:47:50  INFO      ✔ [101/250] Sent → jelin@prophecytechs.com
2026-05-18 10:47:59  INFO      ✔ [102/250] Sent → jesilina@icoresoftwaresystems.com
2026-05-18 10:48:08  INFO      ✔ [103/250] Sent → jibin.j@lancesoft.in
2026-05-18 10:48:17  INFO      ✔ [104/250] Sent → jobs.3@proximagenesis.com
2026-05-18 10:48:23  INFO      ✔ [105/250] Sent → jobs2@proximagenesis.com
2026-05-18 10:48:23  DEBUG     Domain burst pause (proximagenesis.com): 25.3s
2026-05-18 10:48:58  INFO      ✔ [106/250] Sent → jobs@proximagenesis.com
2026-05-18 10:49:05  INFO      ✔ [107/250] Sent → jobs@techvantagesystems.com
2026-05-18 10:49:12  INFO      ✔ [108/250] Sent → june@qualmission.com
2026-05-18 10:49:21  INFO      ✔ [109/250] Sent → jyothi@insighttechus.com
2026-05-18 10:49:27  INFO      ✔ [110/250] Sent → jyothi@metadatacorp.com
2026-05-18 10:49:35  INFO      ✔ [111/250] Sent → kalpana.aj@costaffglobal.in
2026-05-18 10:49:44  INFO      ✔ [112/250] Sent → kamesh.r@gomoder.com
2026-05-18 10:49:53  INFO      ✔ [113/250] Sent → kanchan.manral@infojiniconsulting.com
2026-05-18 10:50:01  INFO      ✔ [114/250] Sent → kanchan.tigga@thewitslab.com
2026-05-18 10:50:10  INFO      ✔ [115/250] Sent → kanika.pant@tdnewton.com
2026-05-18 10:50:10  DEBUG     Domain burst pause (tdnewton.com): 19.1s
2026-05-18 10:50:38  INFO      ✔ [116/250] Sent → keerthiga.r@weareams.com
2026-05-18 10:50:46  INFO      ✔ [117/250] Sent → keerthika@avtechsoftwareservices.co.in
2026-05-18 10:50:52  INFO      ✔ [118/250] Sent → khushboovijay.bnh@gmail.com
2026-05-18 10:50:52  DEBUG     Domain burst pause (gmail.com): 22.9s
2026-05-18 10:51:24  INFO      ✔ [119/250] Sent → kondamuri.akash@vlinkinfo.com
2026-05-18 10:51:30  INFO      ☕ Batch 3/7 complete (119 sent). Session break: 15 minutes…
2026-05-18 10:56:30  INFO      ⏰ Resuming in 10 minutes…
2026-05-18 11:01:30  INFO      ⏰ Resuming in 5 minutes…
2026-05-18 11:06:30  INFO      ⏰ Resuming in 0 minutes…
2026-05-18 11:07:00  INFO      ✅ SMTP connected
2026-05-18 11:07:03  INFO      ✔ [120/250] Sent → koppunaga.madhulatha@orcapod.work
2026-05-18 11:07:10  INFO      ✔ [121/250] Sent → krishna.thakkar@delphic.in
2026-05-18 11:07:19  INFO      ✔ [122/250] Sent → kundan.kumar@innobles.com
2026-05-18 11:07:26  INFO      ✔ [123/250] Sent → laksh.nagpal@altezzasys.com
2026-05-18 11:07:36  INFO      ✔ [124/250] Sent → lakshmi@skygate.co.in
2026-05-18 11:07:45  INFO      ✔ [125/250] Sent → lalitha@conveytechlabs.com
2026-05-18 11:07:52  INFO      ✔ [126/250] Sent → latika.shinde@pratititech.com
2026-05-18 11:08:00  INFO      ✔ [127/250] Sent → lavisha.varyani@devlabsalliance.com
2026-05-18 11:08:07  INFO      ✔ [128/250] Sent → madhuri@codersbrain.com
2026-05-18 11:08:17  INFO      ✔ [129/250] Sent → mahak@sourcebae.com
2026-05-18 11:08:26  INFO      ✔ [130/250] Sent → malika.raina@lancesoft.in
2026-05-18 11:08:26  DEBUG     Domain burst pause (lancesoft.in): 18.9s
2026-05-18 11:08:53  INFO      ✔ [131/250] Sent → manasi@intellikart.in
2026-05-18 11:09:03  INFO      ✔ [132/250] Sent → manikanta.g@tekskills.in
2026-05-18 11:09:10  INFO      ✔ [133/250] Sent → manimozhi@tmangoes.com
2026-05-18 11:09:16  INFO      ✔ [134/250] Sent → manjusha@dprsolutionsinc.com
2026-05-18 11:09:25  INFO      ✔ [135/250] Sent → manohar@meedenlabs.com
2026-05-18 11:09:34  INFO      ✔ [136/250] Sent → manoj@kamlaxglobal.com
2026-05-18 11:09:34  DEBUG     Domain burst pause (kamlaxglobal.com): 28.5s
2026-05-18 11:10:10  INFO      ✔ [137/250] Sent → manvi.shrivas@talentola.com
2026-05-18 11:10:18  INFO      ✔ [138/250] Sent → marumugam@opteamix.com
2026-05-18 11:10:25  INFO      ✔ [139/250] Sent → mdasetti@primusglobal.com
2026-05-18 11:10:33  INFO      ✔ [140/250] Sent → meetali@adlerqa.in
2026-05-18 11:10:41  INFO      ✔ [141/250] Sent → mohit@algaeservices.co.in
2026-05-18 11:10:48  INFO      ✔ [142/250] Sent → namrata.rai@steponestepahead.com
2026-05-18 11:10:48  DEBUG     Domain burst pause (steponestepahead.com): 28.4s
2026-05-18 11:11:22  INFO      ✔ [143/250] Sent → neelam.raste@steponestepahead.com
2026-05-18 11:11:32  INFO      ✔ [144/250] Sent → neeraj@iflowglobal.com
2026-05-18 11:11:41  INFO      ✔ [145/250] Sent → neha.arya@centricconsulting.com
2026-05-18 11:11:48  INFO      ✔ [146/250] Sent → neha@adescaretech.com
2026-05-18 11:11:55  INFO      ✔ [147/250] Sent → nehad@selectsourceintl.com
2026-05-18 11:12:04  INFO      ✔ [148/250] Sent → neshma.prodduturu@lancesoft.in
2026-05-18 11:12:11  INFO      ✔ [149/250] Sent → niharika.b@techno-facts.com
2026-05-18 11:12:19  INFO      ✔ [150/250] Sent → nikhil.k@sgnglobaltech.com
2026-05-18 11:12:24  INFO      ⏳ Hourly limit (55/hr) reached. Waiting 34 minutes…
2026-05-18 11:46:45  ERROR     ✘ SMTP error for nikky.sharma@benthonlabs.com: (451, b'4.4.2 Timeout - closing connection.\n4.4.2  For more information, go to\n4.4.2  https://support.google.com/a/answer/3221692 98e67ed59e1d1-369598fa445sm4848464a91.1 - gsmtp', 'kanishkakohli4@gmail.com')
2026-05-18 11:46:51  WARNING   🔌 Server disconnected — reconnecting…
2026-05-18 11:46:52  INFO      ✅ SMTP connected
2026-05-18 11:46:55  INFO      ✔ [151/250] Sent (retry) → nilu@cloudeagle.ai
2026-05-18 11:47:02  INFO      ✔ [152/250] Sent → nirant.tech@gmail.com
2026-05-18 11:47:09  INFO      ✔ [153/250] Sent → nirmala@medrectechnologies.com
2026-05-18 11:47:18  INFO      ✔ [154/250] Sent → nischal.sharma@comviva.com
2026-05-18 11:47:24  INFO      ✔ [155/250] Sent → nisha.solanki@nexuslink.com
2026-05-18 11:47:32  INFO      ✔ [156/250] Sent → nivetha@avtechsoftwareservices.co.in
2026-05-18 11:47:32  DEBUG     Domain burst pause (avtechsoftwareservices.co.in): 16.3s
2026-05-18 11:47:56  INFO      ✔ [157/250] Sent → official@talenque.com
2026-05-18 11:48:03  INFO      ✔ [158/250] Sent → pa.kadheejamol@beinex.ai
2026-05-18 11:48:06  INFO      ☕ Batch 4/7 complete (158 sent). Session break: 10 minutes…
2026-05-18 11:53:07  INFO      ⏰ Resuming in 5 minutes…
2026-05-18 11:58:07  INFO      ⏰ Resuming in 0 minutes…
2026-05-18 11:58:19  INFO      ✅ SMTP connected
2026-05-18 11:58:22  INFO      ✔ [159/250] Sent → pallavi@nexusprofessionals.in
2026-05-18 11:58:28  INFO      ✔ [160/250] Sent → pankaj.dugar@knightlearningsolutions.in
2026-05-18 11:58:34  INFO      ✔ [161/250] Sent → pavithra.s@enterrecruitment.com
2026-05-18 11:58:41  INFO      ✔ [162/250] Sent → pjmishra@primusglobal.com
2026-05-18 11:58:41  DEBUG     Domain burst pause (primusglobal.com): 19.5s
2026-05-18 11:59:07  INFO      ✔ [163/250] Sent → pradakshina.upadhaya@dexian.com
2026-05-18 11:59:14  INFO      ✔ [164/250] Sent → pragna.bharathi@infogine.com
2026-05-18 11:59:23  INFO      ✔ [165/250] Sent → pragya.k@thesecondoffice.co
2026-05-18 11:59:28  INFO      ✔ [166/250] Sent → prakruthi@cloudsolv.in
2026-05-18 11:59:37  INFO      ✔ [167/250] Sent → pranav.p@vrinsoft.com
2026-05-18 11:59:46  INFO      ✔ [168/250] Sent → pranjal.pandey@impactqa.com
2026-05-18 11:59:53  INFO      ✔ [169/250] Sent → prashanth@soyosoft.com
2026-05-18 11:59:59  INFO      ✔ [170/250] Sent → pravallika@ashratech.com
2026-05-18 12:00:05  INFO      ✔ [171/250] Sent → preethi@longfinch.com
2026-05-18 12:00:14  INFO      ✔ [172/250] Sent → priyacmakeb@gmail.com
2026-05-18 12:00:14  DEBUG     Domain burst pause (gmail.com): 25.2s
2026-05-18 12:00:48  INFO      ✔ [173/250] Sent → priyanka.sinha@summitconsulting.in
2026-05-18 12:00:57  INFO      ✔ [174/250] Sent → priyanshu.epochfolio@gmail.com
2026-05-18 12:01:04  INFO      ✔ [175/250] Sent → rabecca.p@twsol.com
2026-05-18 12:01:10  INFO      ✔ [176/250] Sent → rahul@jconnect.in
2026-05-18 12:01:19  INFO      ✔ [177/250] Sent → rahulbosereferral@outlook.com
2026-05-18 12:01:26  INFO      ✔ [178/250] Sent → rajnandinil@multiversity.co.in
2026-05-18 12:01:35  INFO      ✔ [179/250] Sent → ranipriya.m@cyanous.com
2026-05-18 12:01:42  INFO      ✔ [180/250] Sent → ranjith@quantumpulse.ltd
2026-05-18 12:01:51  INFO      ✔ [181/250] Sent → ratandeepindora@gmail.com
2026-05-18 12:01:51  DEBUG     Domain burst pause (gmail.com): 17.4s
2026-05-18 12:02:14  INFO      ✔ [182/250] Sent → recruiter4@orcanexgen.com
2026-05-18 12:02:22  INFO      ✔ [183/250] Sent → recruitment@atdrive.com
2026-05-18 12:02:28  INFO      ✔ [184/250] Sent → recruitments@vernost.com
2026-05-18 12:02:38  INFO      ✔ [185/250] Sent → remya.rajan@people-click.com
2026-05-18 12:02:43  INFO      ✔ [186/250] Sent → resume@fiddleleafsolutions.com
2026-05-18 12:02:49  INFO      ✔ [187/250] Sent → resume@hastree.com
2026-05-18 12:02:56  INFO      ✔ [188/250] Sent → resumes@qagenic.com
2026-05-18 12:03:05  INFO      ✔ [189/250] Sent → rince.reji@nityo.com
2026-05-18 12:03:13  INFO      ✔ [190/250] Sent → rishitha.m@techno-facts.com
2026-05-18 12:03:13  DEBUG     Domain burst pause (techno-facts.com): 20.9s
2026-05-18 12:03:40  INFO      ✔ [191/250] Sent → ritika.gupta@mwidm.com
2026-05-18 12:03:49  INFO      ✔ [192/250] Sent → riya.chaurasia@programming.com
2026-05-18 12:03:59  INFO      ✔ [193/250] Sent → riya.hiwarale@alphacom.in
2026-05-18 12:04:05  INFO      ✔ [194/250] Sent → riya.purohit@gammaedge.io
2026-05-18 12:04:13  INFO      ✔ [195/250] Sent → rkondamudi@primusglobal.com
2026-05-18 12:04:21  INFO      ✔ [196/250] Sent → sagar@glinttechsolutions.com
2026-05-18 12:04:29  INFO      ✔ [197/250] Sent → sahmad@pricesenz.com
2026-05-18 12:04:35  INFO      ✔ [198/250] Sent → saikumar.manda@avanceservices.us
2026-05-18 12:04:41  INFO      ☕ Batch 5/7 complete (198 sent). Session break: 14 minutes…
2026-05-18 12:09:42  INFO      ⏰ Resuming in 9 minutes…
2026-05-18 12:14:42  INFO      ⏰ Resuming in 4 minutes…
2026-05-18 12:19:07  INFO      ✅ SMTP connected
2026-05-18 12:19:10  INFO      ✔ [199/250] Sent → saisowmya.c@connectio.co.in
2026-05-18 12:19:17  INFO      ✔ [200/250] Sent → saiteja.kalva@braceinfotech.com
2026-05-18 12:19:24  INFO      ✔ [201/250] Sent → saiteja.mallikeswarapu@raad7.com
2026-05-18 12:19:33  INFO      ✔ [202/250] Sent → sakshi1@theglobalskills.com
2026-05-18 12:19:39  INFO      ✔ [203/250] Sent → saloni.j@tekitsolution.com
2026-05-18 12:19:46  INFO      ✔ [204/250] Sent → samarjeet.singh@q1tech.com
2026-05-18 12:19:53  INFO      ✔ [205/250] Sent → samiksha.m@smartwealth.co.in
2026-05-18 12:19:59  INFO      ⏳ Hourly limit (55/hr) reached. Waiting 27 minutes…
2026-05-18 12:49:31  ERROR     ✘ SMTP error for samyuktha@medhassoft.com: (451, b'4.4.2 Timeout - closing connection.\n4.4.2  For more information, go to\n4.4.2  https://support.google.com/a/answer/3221692 d2e1a72fcca58-83f19c5b4bfsm13821893b3a.28 - gsmtp', 'kanishkakohli4@gmail.com')
2026-05-18 12:49:35  WARNING   🔌 Server disconnected — reconnecting…
2026-05-18 12:49:37  INFO      ✅ SMTP connected
2026-05-18 12:49:39  INFO      ✔ [206/250] Sent (retry) → sandhiya@krishpar.com
2026-05-18 12:49:47  INFO      ✔ [207/250] Sent → sangeeta@m1xchange.com
2026-05-18 12:49:53  INFO      ✔ [208/250] Sent → sanjana.patel@huemot.com
2026-05-18 12:50:01  INFO      ✔ [209/250] Sent → santhya.m@celsiortech.com
2026-05-18 12:50:10  INFO      ✔ [210/250] Sent → saranya@kamlaxglobal.com
2026-05-18 12:50:16  INFO      ✔ [211/250] Sent → saurabh.mishra@huemot.com
2026-05-18 12:50:16  DEBUG     Domain burst pause (huemot.com): 27.6s
2026-05-18 12:50:51  INFO      ✔ [212/250] Sent → shadma@rmvworkforce.com
2026-05-18 12:51:00  INFO      ✔ [213/250] Sent → shambhawi.chandra@inmorphis.com
2026-05-18 12:51:07  INFO      ✔ [214/250] Sent → sharmili@kamlaxglobal.com
2026-05-18 12:51:07  DEBUG     Domain burst pause (kamlaxglobal.com): 23.3s
2026-05-18 12:51:37  INFO      ✔ [215/250] Sent → shireesha.b@martinettechnologies.com
2026-05-18 12:51:46  INFO      ✔ [216/250] Sent → shraddha.ghadage@in.ncs-i.com
2026-05-18 12:51:53  INFO      ✔ [217/250] Sent → shreemathy@annulartechnologies.com
2026-05-18 12:52:02  INFO      ✔ [218/250] Sent → shreya.epochfolio@gmail.com
2026-05-18 12:52:10  INFO      ✔ [219/250] Sent → shreya.singh@codersbrain.com
2026-05-18 12:52:10  DEBUG     Domain burst pause (codersbrain.com): 16.2s
2026-05-18 12:52:33  INFO      ✔ [220/250] Sent → shruti.sharma@mwidm.com
2026-05-18 12:52:33  DEBUG     Domain burst pause (mwidm.com): 17.7s
2026-05-18 12:52:57  INFO      ✔ [221/250] Sent → shruti@spruceinfotech.com
2026-05-18 12:53:04  INFO      ✔ [222/250] Sent → shrutika.d@liveconnections.in
2026-05-18 12:53:10  INFO      ✔ [223/250] Sent → shubha.prakash@vncservices.in
2026-05-18 12:53:18  INFO      ✔ [224/250] Sent → shubhra.pathak@qplusstaffing.com
2026-05-18 12:53:27  INFO      ✔ [225/250] Sent → shwetathakur20003@gmail.com
2026-05-18 12:53:27  DEBUG     Domain burst pause (gmail.com): 17.6s
2026-05-18 12:53:51  INFO      ✔ [226/250] Sent → shwetha@scgcareer.in
2026-05-18 12:53:51  DEBUG     Domain burst pause (scgcareer.in): 22.5s
2026-05-18 12:54:20  INFO      ✔ [227/250] Sent → sindhu.m@artech.com
2026-05-18 12:54:20  DEBUG     Domain burst pause (artech.com): 29.7s
2026-05-18 12:54:57  INFO      ✔ [228/250] Sent → sindhu@krishpar.com
2026-05-18 12:54:57  DEBUG     Domain burst pause (krishpar.com): 20.2s
2026-05-18 12:55:25  INFO      ✔ [229/250] Sent → singh.gaurav27@tcs.com
2026-05-18 12:55:33  INFO      ✔ [230/250] Sent → sireesha@gobellatrix.com
2026-05-18 12:55:41  INFO      ✔ [231/250] Sent → sirisha@teensss.com
2026-05-18 12:55:50  INFO      ✔ [232/250] Sent → sivaramp@hcltech.com
2026-05-18 12:55:50  DEBUG     Domain burst pause (hcltech.com): 17.0s
2026-05-18 12:56:16  INFO      ✔ [233/250] Sent → sneha.ukey@infoorigin.com
2026-05-18 12:56:25  INFO      ✔ [234/250] Sent → somya.s@vachilabs.com
2026-05-18 12:56:32  INFO      ✔ [235/250] Sent → sonal.choudhary@vnurt.com
2026-05-18 12:56:41  INFO      ✔ [236/250] Sent → sonali.negi@amanzigroup.co.in
2026-05-18 12:56:50  INFO      ✔ [237/250] Sent → sonali@thesecondoffice.co
2026-05-18 12:56:50  DEBUG     Domain burst pause (thesecondoffice.co): 27.6s
2026-05-18 12:57:22  INFO      ☕ Batch 6/7 complete (237 sent). Session break: 20 minutes…
2026-05-18 13:02:23  INFO      ⏰ Resuming in 15 minutes…
2026-05-18 13:07:23  INFO      ⏰ Resuming in 10 minutes…
2026-05-18 13:12:23  INFO      ⏰ Resuming in 5 minutes…
2026-05-18 13:17:11  INFO      ✅ SMTP connected
2026-05-18 13:17:13  INFO      ✔ [238/250] Sent → sowjanya@esktec.com
2026-05-18 13:17:21  INFO      ✔ [239/250] Sent → sowjanyagumpena@livemindz.com
2026-05-18 13:17:27  INFO      ✔ [240/250] Sent → sowmya.b@people-prime.com
2026-05-18 13:17:36  INFO      ✔ [241/250] Sent → sowmya.n@mavenberg.com
2026-05-18 13:17:45  INFO      ✔ [242/250] Sent → sowmya.t@findq.in
2026-05-18 13:17:51  INFO      ✔ [243/250] Sent → sreekanth.y@anaghatechnosoft.com
2026-05-18 13:17:57  INFO      ✔ [244/250] Sent → srikanya@deltacubes.us
2026-05-18 13:18:06  INFO      ✔ [245/250] Sent → sripanraj.i@bct-consulting.com
2026-05-18 13:18:12  INFO      ✔ [246/250] Sent → subhasmita.rout@hranker.com
2026-05-18 13:18:22  INFO      ✔ [247/250] Sent → sudhanshu.agarwal@growthgrids.com
2026-05-18 13:18:27  INFO      🎉 Done — 247/250 emails sent today.
2026-05-18 13:18:27  INFO      📊 Total sent all time: 494
2026-05-18 13:18:27  WARNING   Skipping PDF deletion — only 247/250 emails sent.
2026-05-19 09:20:02  INFO      📅 Daily cap: 250 | Sent today: 0 | Remaining: 250
2026-05-19 09:20:02  INFO      ⛔ Excluded domains (27): bonami.in, cgi.com, cognizant.com, dotpe.in, dronamaps.com, earthclock.in, embglobal.com, grappus.com, herovired.com, hudle.in, idreamcareer.com, infosys.com, legistify.com, locofast.com, ongrid.in, primathon.in, pushowl.com, questt.com, raftlabs.co, rayosys.com, scuderia.in, sparkeighteen.com, squareboat.com, squareops.com, tradingwithvivek.com, venturasecurities.com, wizzybox.com
2026-05-19 09:20:02  INFO      Reading PDF: NCR_Noida_Delhi_Gurgaon (54).pdf
2026-05-19 09:20:02  DEBUG     ⛔ Excluded: info@jobcurator.in
2026-05-19 09:20:03  DEBUG     ⛔ Excluded: info@jobcurator.in
2026-05-19 09:20:03  DEBUG     ⛔ Excluded: info@jobcurator.in
2026-05-19 09:20:03  DEBUG     ⛔ Excluded: info@jobcurator.in
2026-05-19 09:20:03  DEBUG     ⛔ Excluded: info@jobcurator.in
2026-05-19 09:20:03  DEBUG     ⛔ Excluded: info@jobcurator.in
2026-05-19 09:20:03  DEBUG     ⛔ Excluded: info@jobcurator.in
2026-05-19 09:20:03  DEBUG     ⛔ Excluded: info@jobcurator.in
2026-05-19 09:20:04  DEBUG     ⛔ Excluded: info@jobcurator.in
2026-05-19 09:20:04  DEBUG     ⛔ Excluded: info@jobcurator.in
2026-05-19 09:20:04  DEBUG     ⛔ Excluded: info@jobcurator.in
2026-05-19 09:20:04  DEBUG     ⛔ Excluded: info@jobcurator.in
2026-05-19 09:20:04  DEBUG     ⛔ Excluded: info@jobcurator.in
2026-05-19 09:20:04  DEBUG     ⛔ Excluded: info@jobcurator.in
2026-05-19 09:20:04  DEBUG     ⛔ Excluded: info@jobcurator.in
2026-05-19 09:20:04  DEBUG     ⛔ Excluded: info@jobcurator.in
2026-05-19 09:20:04  DEBUG     ⛔ Excluded: info@jobcurator.in
2026-05-19 09:20:05  DEBUG     ⛔ Excluded: info@jobcurator.in
2026-05-19 09:20:05  DEBUG     ⛔ Excluded: info@jobcurator.in
2026-05-19 09:20:05  DEBUG     ⛔ Excluded: info@jobcurator.in
2026-05-19 09:20:05  DEBUG     ⛔ Excluded: info@jobcurator.in
2026-05-19 09:20:06  DEBUG     ⛔ Excluded: info@jobcurator.in
2026-05-19 09:20:06  DEBUG     ⛔ Excluded: info@jobcurator.in
2026-05-19 09:20:06  DEBUG     ⛔ Excluded: info@jobcurator.in
2026-05-19 09:20:06  DEBUG     ⛔ Excluded: info@jobcurator.in
2026-05-19 09:20:06  DEBUG     ⛔ Excluded: info@jobcurator.in
2026-05-19 09:20:06  DEBUG     ⛔ Excluded: info@jobcurator.in
2026-05-19 09:20:06  DEBUG     ⛔ Excluded: info@jobcurator.in
2026-05-19 09:20:06  DEBUG     ⛔ Excluded: info@jobcurator.in
2026-05-19 09:20:06  DEBUG     ⛔ Excluded: info@jobcurator.in
2026-05-19 09:20:06  DEBUG     ⛔ Excluded: info@jobcurator.in
2026-05-19 09:20:07  DEBUG     ⛔ Excluded: info@jobcurator.in
2026-05-19 09:20:07  DEBUG     ⛔ Excluded: info@jobcurator.in
2026-05-19 09:20:07  DEBUG     ⛔ Excluded: info@jobcurator.in
2026-05-19 09:20:07  DEBUG     ⛔ Excluded: info@jobcurator.in
2026-05-19 09:20:07  DEBUG     ⛔ Excluded: info@jobcurator.in
2026-05-19 09:20:07  DEBUG     ⛔ Excluded: info@jobcurator.in
2026-05-19 09:20:07  INFO      Unique emails found: 49  |  Excluded (domain/email filter): 37
2026-05-19 09:20:07  INFO      Already sent (all time): 494  |  New to send today: 39
2026-05-19 09:20:07  INFO      🚀 Starting send: 39 emails | Batch size: 40 | Max/hour: 55
2026-05-19 09:20:08  INFO      ✅ SMTP connected
2026-05-19 09:20:11  INFO      ✔ [1/39] Sent → aparna.mallick@esecforte.com
2026-05-19 09:20:20  INFO      ✔ [2/39] Sent → bansri.acumont@gmail.com
2026-05-19 09:20:28  INFO      ✔ [3/39] Sent → brindha@vrdella.com
2026-05-19 09:20:36  INFO      ✔ [4/39] Sent → deepti@anprax.com
2026-05-19 09:20:43  INFO      ✔ [5/39] Sent → depa@vrdella.com
2026-05-19 09:20:43  DEBUG     Domain burst pause (vrdella.com): 21.5s
2026-05-19 09:21:12  INFO      ✔ [6/39] Sent → ekanansha.sharma@xicom.biz
2026-05-19 09:21:19  INFO      ✔ [7/39] Sent → harika.m@people-prime.com
2026-05-19 09:21:28  INFO      ✔ [8/39] Sent → heer@iris-worldwide.com
2026-05-19 09:21:36  INFO      ✔ [9/39] Sent → hr.office@anayatech.com
2026-05-19 09:21:44  INFO      ✔ [10/39] Sent → hr2@hoopoeinfoedge.com
2026-05-19 09:21:50  INFO      ✔ [11/39] Sent → hr@bughunters.io
2026-05-19 09:22:00  INFO      ✔ [12/39] Sent → hr@coreshield.io
2026-05-19 09:22:08  INFO      ✔ [13/39] Sent → jahanvisingh@elitemindz.co
2026-05-19 09:22:17  INFO      ✔ [14/39] Sent → jayasri.bhaskaran@vlinkinfo.com
2026-05-19 09:22:23  INFO      ✔ [15/39] Sent → jyoti.singh@ahomtech.com
2026-05-19 09:22:29  INFO      ✔ [16/39] Sent → khushboo.arora@360degreecloud.com
2026-05-19 09:22:34  INFO      ✔ [17/39] Sent → lokamatha.u@unitxt.net
2026-05-19 09:22:40  INFO      ✔ [18/39] Sent → mini.dang@crescendogroup.in
2026-05-19 09:22:49  INFO      ✔ [19/39] Sent → namrita.rathore@truelancer.com
2026-05-19 09:22:58  INFO      ✔ [20/39] Sent → nandani.trivedi@talentola.com
2026-05-19 09:23:04  INFO      ✔ [21/39] Sent → parul.p@infinitysoftsystems.com
2026-05-19 09:23:13  INFO      ✔ [22/39] Sent → pavan.maigapula@devzen.in
2026-05-19 09:23:19  INFO      ✔ [23/39] Sent → pragya.singh@carnationit.com
2026-05-19 09:23:27  INFO      ✔ [24/39] Sent → prerna.khosla@brightlysoftware.com
2026-05-19 09:23:36  INFO      ✔ [25/39] Sent → rahulk@forcecraver.com
2026-05-19 09:23:43  INFO      ✔ [26/39] Sent → roopakpanwar964@gmail.com
2026-05-19 09:23:43  DEBUG     Domain burst pause (gmail.com): 25.3s
2026-05-19 09:24:17  INFO      ✔ [27/39] Sent → rsharma@belinnov.com
2026-05-19 09:24:24  INFO      ✔ [28/39] Sent → ruchisharma@elitemindz.co
2026-05-19 09:24:24  DEBUG     Domain burst pause (elitemindz.co): 18.9s
2026-05-19 09:24:52  INFO      ✔ [29/39] Sent → sahil.sawale@credencehrservices.com
2026-05-19 09:25:00  INFO      ✔ [30/39] Sent → saibaba.e@rapinnotech.com
2026-05-19 09:25:08  INFO      ✔ [31/39] Sent → sakshi@forcecraver.com
2026-05-19 09:25:08  DEBUG     Domain burst pause (forcecraver.com): 23.1s
2026-05-19 09:25:39  INFO      ✔ [32/39] Sent → saloni.oberoi@simplifyingskills.com
2026-05-19 09:25:45  INFO      ✔ [33/39] Sent → shivani@aarixainnovix.com
2026-05-19 09:25:55  INFO      ✔ [34/39] Sent → skubros@gmail.com
2026-05-19 09:26:03  INFO      ✔ [35/39] Sent → sneha@perfect.venture
2026-05-19 09:26:12  INFO      ✔ [36/39] Sent → somin@hyrfast.com
2026-05-19 09:26:18  INFO      ✔ [37/39] Sent → srishti.ssingh@ascendion.com
2026-05-19 09:26:25  INFO      ✔ [38/39] Sent → srivallireddy.gaddam@rapinnotech.com
2026-05-19 09:26:25  DEBUG     Domain burst pause (rapinnotech.com): 26.6s
2026-05-19 09:27:01  INFO      ✔ [39/39] Sent → suraj@careerflow.ai
2026-05-19 09:27:08  INFO      🎉 Done — 39/39 emails sent today.
2026-05-19 09:27:08  INFO      📊 Total sent all time: 533
2026-05-19 09:27:08  INFO      All emails sent. Deleting source PDF(s)…
2026-05-19 09:27:08  INFO      🗑  Deleted PDF: NCR_Noida_Delhi_Gurgaon (54).pdf
2026-05-19 09:29:47  INFO      📅 Daily cap: 250 | Sent today: 39 | Remaining: 211
2026-05-19 09:29:47  INFO      ⛔ Excluded domains (27): bonami.in, cgi.com, cognizant.com, dotpe.in, dronamaps.com, earthclock.in, embglobal.com, grappus.com, herovired.com, hudle.in, idreamcareer.com, infosys.com, legistify.com, locofast.com, ongrid.in, primathon.in, pushowl.com, questt.com, raftlabs.co, rayosys.com, scuderia.in, sparkeighteen.com, squareboat.com, squareops.com, tradingwithvivek.com, venturasecurities.com, wizzybox.com
2026-05-19 09:29:47  INFO      Reading PDF: Hyderabad (39).pdf
2026-05-19 09:29:47  DEBUG     ⛔ Excluded: info@jobcurator.in
2026-05-19 09:29:47  DEBUG     ⛔ Excluded: info@jobcurator.in
2026-05-19 09:29:48  DEBUG     ⛔ Excluded: info@jobcurator.in
2026-05-19 09:29:48  DEBUG     ⛔ Excluded: info@jobcurator.in
2026-05-19 09:29:48  DEBUG     ⛔ Excluded: info@jobcurator.in
2026-05-19 09:29:48  DEBUG     ⛔ Excluded: info@jobcurator.in
2026-05-19 09:29:48  DEBUG     ⛔ Excluded: info@jobcurator.in
2026-05-19 09:29:48  DEBUG     ⛔ Excluded: info@jobcurator.in
2026-05-19 09:29:48  DEBUG     ⛔ Excluded: info@jobcurator.in
2026-05-19 09:29:48  DEBUG     ⛔ Excluded: info@jobcurator.in
2026-05-19 09:29:49  DEBUG     ⛔ Excluded: info@jobcurator.in
2026-05-19 09:29:49  DEBUG     ⛔ Excluded: info@jobcurator.in
2026-05-19 09:29:49  DEBUG     ⛔ Excluded: info@jobcurator.in
2026-05-19 09:29:49  DEBUG     ⛔ Excluded: info@jobcurator.in
2026-05-19 09:29:49  DEBUG     ⛔ Excluded: info@jobcurator.in
2026-05-19 09:29:49  DEBUG     ⛔ Excluded: info@jobcurator.in
2026-05-19 09:29:49  DEBUG     ⛔ Excluded: info@jobcurator.in
2026-05-19 09:29:49  DEBUG     ⛔ Excluded: info@jobcurator.in
2026-05-19 09:29:49  DEBUG     ⛔ Excluded: info@jobcurator.in
2026-05-19 09:29:49  DEBUG     ⛔ Excluded: info@jobcurator.in
2026-05-19 09:29:49  DEBUG     ⛔ Excluded: info@jobcurator.in
2026-05-19 09:29:49  DEBUG     ⛔ Excluded: info@jobcurator.in
2026-05-19 09:29:50  DEBUG     ⛔ Excluded: info@jobcurator.in
2026-05-19 09:29:50  DEBUG     ⛔ Excluded: info@jobcurator.in
2026-05-19 09:29:50  DEBUG     ⛔ Excluded: info@jobcurator.in
2026-05-19 09:29:50  DEBUG     ⛔ Excluded: info@jobcurator.in
2026-05-19 09:29:50  DEBUG     ⛔ Excluded: info@jobcurator.in
2026-05-19 09:29:50  DEBUG     ⛔ Excluded: info@jobcurator.in
2026-05-19 09:29:50  DEBUG     ⛔ Excluded: info@jobcurator.in
2026-05-19 09:29:50  DEBUG     ⛔ Excluded: info@jobcurator.in
2026-05-19 09:29:50  DEBUG     ⛔ Excluded: info@jobcurator.in
2026-05-19 09:29:50  DEBUG     ⛔ Excluded: info@jobcurator.in
2026-05-19 09:29:50  DEBUG     ⛔ Excluded: info@jobcurator.in
2026-05-19 09:29:50  INFO      Unique emails found: 52  |  Excluded (domain/email filter): 33
2026-05-19 09:29:50  INFO      Already sent (all time): 533  |  New to send today: 36
2026-05-19 09:29:50  INFO      🚀 Starting send: 36 emails | Batch size: 40 | Max/hour: 55
2026-05-19 09:29:52  INFO      ✅ SMTP connected
2026-05-19 09:29:55  INFO      ✔ [1/36] Sent → bharadwaj@akshayaitsolutions.com
2026-05-19 09:30:05  INFO      ✔ [2/36] Sent → bhoomika.maurya@metascope.in
2026-05-19 09:30:11  INFO      ✔ [3/36] Sent → bincy.luke@in.ey.com
2026-05-19 09:30:17  INFO      ✔ [4/36] Sent → bkattimani@innominds.com
2026-05-19 09:30:24  INFO      ✔ [5/36] Sent → bukumar@teksystems.com
2026-05-19 09:30:30  INFO      ✔ [6/36] Sent → career@huquo.com
2026-05-19 09:30:39  INFO      ✔ [7/36] Sent → careers@ideyalabs.com
2026-05-19 09:30:47  INFO      ✔ [8/36] Sent → hanisha.reddy@adeptgic.com
2026-05-19 09:30:56  INFO      ✔ [9/36] Sent → harishkumar.ponna@walkingtree.tech
2026-05-19 09:31:03  INFO      ✔ [10/36] Sent → info@azyentra.com
2026-05-19 09:31:11  INFO      ✔ [11/36] Sent → j.geetanjali@joulestowatts.co
2026-05-19 09:31:20  INFO      ✔ [12/36] Sent → jobs@delaplex.com
2026-05-19 09:31:28  INFO      ✔ [13/36] Sent → mahima.gupta@varite.com
2026-05-19 09:31:37  INFO      ✔ [14/36] Sent → mamatha@prachodayathglobal.com
2026-05-19 09:31:45  INFO      ✔ [15/36] Sent → mani@coetek.io
2026-05-19 09:31:54  INFO      ✔ [16/36] Sent → marchana@teksystems.com
2026-05-19 09:31:54  DEBUG     Domain burst pause (teksystems.com): 27.6s
2026-05-19 09:32:28  INFO      ✔ [17/36] Sent → mkumpatla@techtrovesoft.com
2026-05-19 09:32:36  INFO      ✔ [18/36] Sent → monisha@huquo.com
2026-05-19 09:32:36  DEBUG     Domain burst pause (huquo.com): 19.8s
2026-05-19 09:33:04  INFO      ✔ [19/36] Sent → mounika.mugulampally@spectraforce.com
2026-05-19 09:33:10  INFO      ✔ [20/36] Sent → nivesh@sourcebae.com
2026-05-19 09:33:18  INFO      ✔ [21/36] Sent → pavankumar.b@connectio.co.in
2026-05-19 09:33:24  INFO      ✔ [22/36] Sent → raj.nandini@velocis.co.in
2026-05-19 09:33:34  INFO      ✔ [23/36] Sent → saikumar.r@focusinfotech.com
2026-05-19 09:33:42  INFO      ✔ [24/36] Sent → saranya.s@riscrm.com
2026-05-19 09:33:49  INFO      ✔ [25/36] Sent → sashikiran.2686@gmail.com
2026-05-19 09:33:56  INFO      ✔ [26/36] Sent → sdarshini@virtusa.com
2026-05-19 09:34:01  INFO      ✔ [27/36] Sent → sgerri@vsoftdigital.com
2026-05-19 09:34:07  INFO      ✔ [28/36] Sent → shalemraj.j@riscrm.com
2026-05-19 09:34:07  DEBUG     Domain burst pause (riscrm.com): 23.6s
2026-05-19 09:34:39  INFO      ✔ [29/36] Sent → shivam@bpinfosystem.com
2026-05-19 09:34:47  INFO      ✔ [30/36] Sent → shruthi.sudugu@clientservertech.com
2026-05-19 09:34:53  INFO      ✔ [31/36] Sent → sona@burgeonits.com
2026-05-19 09:35:04  INFO      ✔ [32/36] Sent → sruthik@ideyalabs.com
2026-05-19 09:35:04  DEBUG     Domain burst pause (ideyalabs.com): 15.1s
2026-05-19 09:35:25  INFO      ✔ [33/36] Sent → support@nextcorehr.in
2026-05-19 09:35:32  INFO      ✔ [34/36] Sent → thanusha.m@spartechnologyservices.com
2026-05-19 09:35:38  INFO      ✔ [35/36] Sent → triveni.panditi@technocratshorizons.com
2026-05-19 09:35:47  INFO      ✔ [36/36] Sent → yashaswi.shukla@velocis.co.in
2026-05-19 09:35:47  DEBUG     Domain burst pause (velocis.co.in): 21.2s
2026-05-19 09:36:14  INFO      🎉 Done — 36/36 emails sent today.
2026-05-19 09:36:14  INFO      📊 Total sent all time: 569
2026-05-19 09:36:14  INFO      All emails sent. Deleting source PDF(s)…
2026-05-19 09:36:14  INFO      🗑  Deleted PDF: Hyderabad (39).pdf
2026-05-19 09:42:28  INFO      📅 Daily cap: 250 | Sent today: 75 | Remaining: 175
2026-05-19 09:42:28  INFO      ⛔ Excluded domains (27): bonami.in, cgi.com, cognizant.com, dotpe.in, dronamaps.com, earthclock.in, embglobal.com, grappus.com, herovired.com, hudle.in, idreamcareer.com, infosys.com, legistify.com, locofast.com, ongrid.in, primathon.in, pushowl.com, questt.com, raftlabs.co, rayosys.com, scuderia.in, sparkeighteen.com, squareboat.com, squareops.com, tradingwithvivek.com, venturasecurities.com, wizzybox.com
2026-05-19 09:42:28  INFO      Reading PDF: Bangalore_Chennai (40).pdf
2026-05-19 09:42:28  DEBUG     ⛔ Excluded: info@jobcurator.in
2026-05-19 09:42:28  DEBUG     ⛔ Excluded: info@jobcurator.in
2026-05-19 09:42:28  DEBUG     ⛔ Excluded: info@jobcurator.in
2026-05-19 09:42:29  DEBUG     ⛔ Excluded: info@jobcurator.in
2026-05-19 09:42:29  DEBUG     ⛔ Excluded: info@jobcurator.in
2026-05-19 09:42:29  DEBUG     ⛔ Excluded: info@jobcurator.in
2026-05-19 09:42:29  DEBUG     ⛔ Excluded: info@jobcurator.in
2026-05-19 09:42:29  DEBUG     ⛔ Excluded: info@jobcurator.in
2026-05-19 09:42:29  DEBUG     ⛔ Excluded: info@jobcurator.in
2026-05-19 09:42:29  DEBUG     ⛔ Excluded: info@jobcurator.in
2026-05-19 09:42:29  DEBUG     ⛔ Excluded: info@jobcurator.in
2026-05-19 09:42:29  DEBUG     ⛔ Excluded: info@jobcurator.in
2026-05-19 09:42:29  DEBUG     ⛔ Excluded: info@jobcurator.in
2026-05-19 09:42:29  DEBUG     ⛔ Excluded: info@jobcurator.in
2026-05-19 09:42:30  DEBUG     ⛔ Excluded: info@jobcurator.in
2026-05-19 09:42:30  DEBUG     ⛔ Excluded: info@jobcurator.in
2026-05-19 09:42:30  DEBUG     ⛔ Excluded: info@jobcurator.in
2026-05-19 09:42:30  DEBUG     ⛔ Excluded: info@jobcurator.in
2026-05-19 09:42:30  DEBUG     ⛔ Excluded: info@jobcurator.in
2026-05-19 09:42:30  DEBUG     ⛔ Excluded: info@jobcurator.in
2026-05-19 09:42:30  DEBUG     ⛔ Excluded: info@jobcurator.in
2026-05-19 09:42:30  DEBUG     ⛔ Excluded: sumanta.sarkar2@cognizant.com
2026-05-19 09:42:30  DEBUG     ⛔ Excluded: info@jobcurator.in
2026-05-19 09:42:30  DEBUG     ⛔ Excluded: info@jobcurator.in
2026-05-19 09:42:30  DEBUG     ⛔ Excluded: info@jobcurator.in
2026-05-19 09:42:30  DEBUG     ⛔ Excluded: info@jobcurator.in
2026-05-19 09:42:30  DEBUG     ⛔ Excluded: info@jobcurator.in
2026-05-19 09:42:31  DEBUG     ⛔ Excluded: info@jobcurator.in
2026-05-19 09:42:31  DEBUG     ⛔ Excluded: info@jobcurator.in
2026-05-19 09:42:31  DEBUG     ⛔ Excluded: info@jobcurator.in
2026-05-19 09:42:31  DEBUG     ⛔ Excluded: info@jobcurator.in
2026-05-19 09:42:31  DEBUG     ⛔ Excluded: info@jobcurator.in
2026-05-19 09:42:31  DEBUG     ⛔ Excluded: info@jobcurator.in
2026-05-19 09:42:31  DEBUG     ⛔ Excluded: info@jobcurator.in
2026-05-19 09:42:31  DEBUG     ⛔ Excluded: info@jobcurator.in
2026-05-19 09:42:31  DEBUG     ⛔ Excluded: info@jobcurator.in
2026-05-19 09:42:31  DEBUG     ⛔ Excluded: info@jobcurator.in
2026-05-19 09:42:31  DEBUG     ⛔ Excluded: info@jobcurator.in
2026-05-19 09:42:32  DEBUG     ⛔ Excluded: info@jobcurator.in
2026-05-19 09:42:32  DEBUG     ⛔ Excluded: info@jobcurator.in
2026-05-19 09:42:32  DEBUG     ⛔ Excluded: info@jobcurator.in
2026-05-19 09:42:32  DEBUG     ⛔ Excluded: info@jobcurator.in
2026-05-19 09:42:32  DEBUG     ⛔ Excluded: info@jobcurator.in
2026-05-19 09:42:32  DEBUG     ⛔ Excluded: info@jobcurator.in
2026-05-19 09:42:32  DEBUG     ⛔ Excluded: info@jobcurator.in
2026-05-19 09:42:32  DEBUG     ⛔ Excluded: info@jobcurator.in
2026-05-19 09:42:32  DEBUG     ⛔ Excluded: info@jobcurator.in
2026-05-19 09:42:32  DEBUG     ⛔ Excluded: info@jobcurator.in
2026-05-19 09:42:32  DEBUG     ⛔ Excluded: info@jobcurator.in
2026-05-19 09:42:33  DEBUG     ⛔ Excluded: info@jobcurator.in
2026-05-19 09:42:33  DEBUG     ⛔ Excluded: info@jobcurator.in
2026-05-19 09:42:33  DEBUG     ⛔ Excluded: info@jobcurator.in
2026-05-19 09:42:33  DEBUG     ⛔ Excluded: info@jobcurator.in
2026-05-19 09:42:33  DEBUG     ⛔ Excluded: info@jobcurator.in
2026-05-19 09:42:33  DEBUG     ⛔ Excluded: info@jobcurator.in
2026-05-19 09:42:33  DEBUG     ⛔ Excluded: info@jobcurator.in
2026-05-19 09:42:33  DEBUG     ⛔ Excluded: info@jobcurator.in
2026-05-19 09:42:33  DEBUG     ⛔ Excluded: info@jobcurator.in
2026-05-19 09:42:33  DEBUG     ⛔ Excluded: info@jobcurator.in
2026-05-19 09:42:33  DEBUG     ⛔ Excluded: info@jobcurator.in
2026-05-19 09:42:33  DEBUG     ⛔ Excluded: info@jobcurator.in
2026-05-19 09:42:33  DEBUG     ⛔ Excluded: info@jobcurator.in
2026-05-19 09:42:34  DEBUG     ⛔ Excluded: info@jobcurator.in
2026-05-19 09:42:34  DEBUG     ⛔ Excluded: info@jobcurator.in
2026-05-19 09:42:34  DEBUG     ⛔ Excluded: info@jobcurator.in
2026-05-19 09:42:34  DEBUG     ⛔ Excluded: info@jobcurator.in
2026-05-19 09:42:34  DEBUG     ⛔ Excluded: info@jobcurator.in
2026-05-19 09:42:34  DEBUG     ⛔ Excluded: info@jobcurator.in
2026-05-19 09:42:34  DEBUG     ⛔ Excluded: info@jobcurator.in
2026-05-19 09:42:34  DEBUG     ⛔ Excluded: info@jobcurator.in
2026-05-19 09:42:34  DEBUG     ⛔ Excluded: info@jobcurator.in
2026-05-19 09:42:34  DEBUG     ⛔ Excluded: info@jobcurator.in
2026-05-19 09:42:34  DEBUG     ⛔ Excluded: info@jobcurator.in
2026-05-19 09:42:34  INFO      Unique emails found: 105  |  Excluded (domain/email filter): 73
2026-05-19 09:42:34  INFO      Already sent (all time): 569  |  New to send today: 81
2026-05-19 09:42:34  INFO      🚀 Starting send: 81 emails | Batch size: 40 | Max/hour: 55
2026-05-19 09:42:36  INFO      ✅ SMTP connected
2026-05-19 09:42:38  INFO      ✔ [1/81] Sent → afsha.f@aabmclouds.com
2026-05-19 09:42:46  INFO      ✔ [2/81] Sent → akshitha@nteksol.com
2026-05-19 09:42:52  INFO      ✔ [3/81] Sent → anitha@adroitinnovative.com
2026-05-19 09:42:59  INFO      ✔ [4/81] Sent → asresha.ramigani@pisquaretech.com
2026-05-19 09:43:08  INFO      ✔ [5/81] Sent → bandaru.anusha@elabsinfotech.com
2026-05-19 09:43:16  INFO      ✔ [6/81] Sent → banika.wazir@programming.com
2026-05-19 09:43:23  INFO      ✔ [7/81] Sent → bhoomika@skygate.co.in
2026-05-19 09:43:31  INFO      ✔ [8/81] Sent → bhuvaneshwarie@krishpar.com
2026-05-19 09:43:38  INFO      ✔ [9/81] Sent → career@tristhaglobal.com
2026-05-19 09:43:44  INFO      ✔ [10/81] Sent → careers@peoplehum.com
2026-05-19 09:43:52  INFO      ✔ [11/81] Sent → chanchal.pardeshi@360degreecloud.com
2026-05-19 09:44:01  INFO      ✔ [12/81] Sent → chandanap@suntechnologies.com
2026-05-19 09:44:09  INFO      ✔ [13/81] Sent → contact@munifec.com
2026-05-19 09:44:18  INFO      ✔ [14/81] Sent → deepika@hexagonselect.com
2026-05-19 09:44:25  INFO      ✔ [15/81] Sent → devyani@vitric.in
2026-05-19 09:44:34  INFO      ✔ [16/81] Sent → dhinesh.b@ifocussystec.in
2026-05-19 09:44:40  INFO      ✔ [17/81] Sent → dilsha@talentohr.in
2026-05-19 09:44:49  INFO      ✔ [18/81] Sent → haritha.d@twsol.com
2026-05-19 09:44:55  INFO      ✔ [19/81] Sent → hire@emotifzone.com
2026-05-19 09:45:03  INFO      ✔ [20/81] Sent → hr@dashloc.com
2026-05-19 09:45:09  INFO      ✔ [21/81] Sent → hr@hirelinkpro.com
2026-05-19 09:45:18  INFO      ✔ [22/81] Sent → hr@skillmantratech.com
2026-05-19 09:45:25  INFO      ✔ [23/81] Sent → hr@yetramhrsolutions.com
2026-05-19 09:45:32  INFO      ✔ [24/81] Sent → hrd@claphands.in
2026-05-19 09:45:38  INFO      ✔ [25/81] Sent → indiajobs@tekwissen.com
2026-05-19 09:45:46  INFO      ✔ [26/81] Sent → info@codiancloudtech.com
2026-05-19 09:45:55  INFO      ✔ [27/81] Sent → info@siamcomputing.com
2026-05-19 09:46:01  INFO      ✔ [28/81] Sent → jaashi557@gmail.com
2026-05-19 09:46:08  INFO      ✔ [29/81] Sent → jahnavi.m@sritechsolutions.com
2026-05-19 09:46:17  INFO      ✔ [30/81] Sent → jampana.yamini@clyptus.in
2026-05-19 09:46:25  INFO      ✔ [31/81] Sent → jeevabala@tvminfotech.com
2026-05-19 09:46:35  INFO      ✔ [32/81] Sent → jobs@9nexus.com
2026-05-19 09:46:42  INFO      ✔ [33/81] Sent → jobs@hrsolutions.in
2026-05-19 09:46:51  INFO      ✔ [34/81] Sent → jyothi@huconinnovations.com
2026-05-19 09:46:59  INFO      ✔ [35/81] Sent → jyoti.dalvi@peoplehum.com
2026-05-19 09:46:59  DEBUG     Domain burst pause (peoplehum.com): 23.3s
2026-05-19 09:47:28  INFO      ✔ [36/81] Sent → kavya@peopleimpact.in
2026-05-19 09:47:35  INFO      ✔ [37/81] Sent → kiran@xeedo.in
2026-05-19 09:47:44  INFO      ✔ [38/81] Sent → komathi.k@smartitframe.com
2026-05-19 09:47:52  INFO      ✔ [39/81] Sent → limci.diwan@anlightconsulting.com
2026-05-19 09:48:00  INFO      ✔ [40/81] Sent → madhana.suresh@artech.com
2026-05-19 09:48:05  INFO      ☕ Batch 1/3 complete (40 sent). Session break: 16 minutes…
2026-05-19 09:53:05  INFO      ⏰ Resuming in 11 minutes…
2026-05-19 09:58:05  INFO      ⏰ Resuming in 6 minutes…
2026-05-19 10:03:05  INFO      ⏰ Resuming in 1 minutes…
2026-05-19 10:04:11  INFO      ✅ SMTP connected
2026-05-19 10:04:14  INFO      ✔ [41/81] Sent → mahmoodahmad@xeedo.in
2026-05-19 10:04:14  DEBUG     Domain burst pause (xeedo.in): 18.2s
2026-05-19 10:04:38  INFO      ✔ [42/81] Sent → mailomkarkokane@gmail.com
2026-05-19 10:04:38  DEBUG     Domain burst pause (gmail.com): 16.3s
2026-05-19 10:05:02  INFO      ✔ [43/81] Sent → mamathareddy.rakuten@gmail.com
2026-05-19 10:05:10  INFO      ✔ [44/81] Sent → mohan@krishpar.com
2026-05-19 10:05:10  DEBUG     Domain burst pause (krishpar.com): 21.2s
2026-05-19 10:05:38  INFO      ✔ [45/81] Sent → monisha@krishpar.com
2026-05-19 10:05:44  INFO      ✔ [46/81] Sent → mounika@huconinnovations.com
2026-05-19 10:05:44  DEBUG     Domain burst pause (huconinnovations.com): 16.7s
2026-05-19 10:06:10  INFO      ✔ [47/81] Sent → nandini.venkatesh@3pillarglobal.com
2026-05-19 10:06:19  INFO      ✔ [48/81] Sent → nikita@insuredmine.com
2026-05-19 10:06:26  INFO      ✔ [49/81] Sent → nikshita.g@creenosolutions.com
2026-05-19 10:06:35  INFO      ✔ [50/81] Sent → nivedithap@dashloc.com
2026-05-19 10:06:35  DEBUG     Domain burst pause (dashloc.com): 15.3s
2026-05-19 10:06:56  INFO      ✔ [51/81] Sent → pallavi.t@hiringsquad.com
2026-05-19 10:07:03  INFO      ✔ [52/81] Sent → parineetha.n@hiringsquad.co.in
2026-05-19 10:07:11  INFO      ✔ [53/81] Sent → paul.jose@empowerenterprises.co.in
2026-05-19 10:07:17  INFO      ✔ [54/81] Sent → payal@ihrsindia.co.in
2026-05-19 10:07:26  INFO      ✔ [55/81] Sent → praveen.k@hiringsquad.co.in
2026-05-19 10:07:26  DEBUG     Domain burst pause (hiringsquad.co.in): 19.4s
2026-05-19 10:07:52  INFO      ⏳ Hourly limit (55/hr) reached. Waiting 35 minutes…
2026-05-19 10:42:43  ERROR     ✘ SMTP error for priyanka@uniquehire.com: (451, b'4.4.2 Timeout - closing connection.\n4.4.2  For more information, go to\n4.4.2  https://support.google.com/a/answer/3221692 98e67ed59e1d1-36951278e7fsm12621518a91.8 - gsmtp', 'kanishkakohli4@gmail.com')
2026-05-19 10:42:47  WARNING   🔌 Server disconnected — reconnecting…
2026-05-19 10:42:49  INFO      ✅ SMTP connected
2026-05-19 10:42:51  INFO      ✔ [56/81] Sent (retry) → r.reshma@thinkpalm.com
2026-05-19 10:43:00  INFO      ✔ [57/81] Sent → rafi@vycentra.com
2026-05-19 10:43:07  INFO      ✔ [58/81] Sent → rajini@shellinfotech.com
2026-05-19 10:43:13  INFO      ✔ [59/81] Sent → recruiter.priti@outlook.com
2026-05-19 10:43:19  INFO      ✔ [60/81] Sent → recruitment-in@resillion.com
2026-05-19 10:43:25  INFO      ✔ [61/81] Sent → recruitment@codoid.com
2026-05-19 10:43:33  INFO      ✔ [62/81] Sent → resumes@adzrecruitment.com
2026-05-19 10:43:38  INFO      ✔ [63/81] Sent → riddhima@knightlearningsolutions.com
2026-05-19 10:43:46  INFO      ✔ [64/81] Sent → ritika.raj@esolglobal.com
2026-05-19 10:43:53  INFO      ✔ [65/81] Sent → ritu.devdort@gmail.com
2026-05-19 10:43:53  DEBUG     Domain burst pause (gmail.com): 21.1s
2026-05-19 10:44:23  INFO      ✔ [66/81] Sent → rohan@insuredmine.com
2026-05-19 10:44:23  DEBUG     Domain burst pause (insuredmine.com): 27.1s
2026-05-19 10:44:57  INFO      ✔ [67/81] Sent → sanjana@cosettenetwork.com
2026-05-19 10:45:06  INFO      ✔ [68/81] Sent → shikha.m@krazymantra.com
2026-05-19 10:45:15  INFO      ✔ [69/81] Sent → shruthi@cyberthrusts.com.au
2026-05-19 10:45:21  INFO      ✔ [70/81] Sent → simran.kumari@programming.com
2026-05-19 10:45:21  DEBUG     Domain burst pause (programming.com): 25.3s
2026-05-19 10:45:53  INFO      ✔ [71/81] Sent → subhashree.nepak@joulestowatts.co
2026-05-19 10:46:03  INFO      ✔ [72/81] Sent → talent@skyinfosys.com
2026-05-19 10:46:10  INFO      ✔ [73/81] Sent → tanvi.chouhan@ascendion.com
2026-05-19 10:46:18  INFO      ✔ [74/81] Sent → taruna@green-tree.in
2026-05-19 10:46:26  INFO      ✔ [75/81] Sent → vadivel.a@techstargroup.com
2026-05-19 10:46:34  INFO      ✔ [76/81] Sent → varad.d@jobography.in
2026-05-19 10:46:40  INFO      ✔ [77/81] Sent → varanasi.kavita@orcapod.work
2026-05-19 10:46:49  INFO      ✔ [78/81] Sent → varshini@kamlaxglobal.com
2026-05-19 10:46:58  INFO      ✔ [79/81] Sent → vedika.pakhale@huemot.com
2026-05-19 10:47:02  INFO      ☕ Batch 2/3 complete (79 sent). Session break: 16 minutes…
2026-05-19 10:52:02  INFO      ⏰ Resuming in 11 minutes…
2026-05-19 10:57:02  INFO      ⏰ Resuming in 6 minutes…
2026-05-19 11:02:02  INFO      ⏰ Resuming in 1 minutes…
2026-05-19 11:03:18  INFO      ✅ SMTP connected
2026-05-19 11:03:20  INFO      ✔ [80/81] Sent → vimalkumar.r@canopusgbs.com
2026-05-19 11:03:25  INFO      🎉 Done — 80/81 emails sent today.
2026-05-19 11:03:25  INFO      📊 Total sent all time: 649
2026-05-19 11:03:25  WARNING   Skipping PDF deletion — only 80/81 emails sent.
2026-05-20 08:42:16  INFO      📅 Daily cap: 250 | Sent today: 0 | Remaining: 250
2026-05-20 08:42:16  INFO      ⛔ Excluded domains (27): bonami.in, cgi.com, cognizant.com, dotpe.in, dronamaps.com, earthclock.in, embglobal.com, grappus.com, herovired.com, hudle.in, idreamcareer.com, infosys.com, legistify.com, locofast.com, ongrid.in, primathon.in, pushowl.com, questt.com, raftlabs.co, rayosys.com, scuderia.in, sparkeighteen.com, squareboat.com, squareops.com, tradingwithvivek.com, venturasecurities.com, wizzybox.com
2026-05-20 08:42:16  INFO      Reading PDF: NCR_Noida_Delhi_Gurgaon (54).pdf
2026-05-20 08:42:16  DEBUG     ⛔ Excluded: info@jobcurator.in
2026-05-20 08:42:17  DEBUG     ⛔ Excluded: info@jobcurator.in
2026-05-20 08:42:17  DEBUG     ⛔ Excluded: info@jobcurator.in
2026-05-20 08:42:17  DEBUG     ⛔ Excluded: info@jobcurator.in
2026-05-20 08:42:18  DEBUG     ⛔ Excluded: info@jobcurator.in
2026-05-20 08:42:18  DEBUG     ⛔ Excluded: info@jobcurator.in
2026-05-20 08:42:18  DEBUG     ⛔ Excluded: info@jobcurator.in
2026-05-20 08:42:18  DEBUG     ⛔ Excluded: info@jobcurator.in
2026-05-20 08:42:18  DEBUG     ⛔ Excluded: info@jobcurator.in
2026-05-20 08:42:19  DEBUG     ⛔ Excluded: info@jobcurator.in
2026-05-20 08:42:19  DEBUG     ⛔ Excluded: info@jobcurator.in
2026-05-20 08:42:19  DEBUG     ⛔ Excluded: info@jobcurator.in
2026-05-20 08:42:19  DEBUG     ⛔ Excluded: info@jobcurator.in
2026-05-20 08:42:19  DEBUG     ⛔ Excluded: info@jobcurator.in
2026-05-20 08:42:19  DEBUG     ⛔ Excluded: info@jobcurator.in
2026-05-20 08:42:20  DEBUG     ⛔ Excluded: info@jobcurator.in
2026-05-20 08:42:20  DEBUG     ⛔ Excluded: info@jobcurator.in
2026-05-20 08:42:20  DEBUG     ⛔ Excluded: info@jobcurator.in
2026-05-20 08:42:20  DEBUG     ⛔ Excluded: info@jobcurator.in
2026-05-20 08:42:20  DEBUG     ⛔ Excluded: info@jobcurator.in
2026-05-20 08:42:20  DEBUG     ⛔ Excluded: info@jobcurator.in
2026-05-20 08:42:21  DEBUG     ⛔ Excluded: info@jobcurator.in
2026-05-20 08:42:22  DEBUG     ⛔ Excluded: info@jobcurator.in
2026-05-20 08:42:22  DEBUG     ⛔ Excluded: info@jobcurator.in
2026-05-20 08:42:22  DEBUG     ⛔ Excluded: info@jobcurator.in
2026-05-20 08:42:22  DEBUG     ⛔ Excluded: info@jobcurator.in
2026-05-20 08:42:22  INFO      Unique emails found: 40  |  Excluded (domain/email filter): 26
2026-05-20 08:42:22  INFO      Already sent (all time): 649  |  New to send today: 35
2026-05-20 08:42:22  INFO      🚀 Starting send: 35 emails | Batch size: 40 | Max/hour: 55
2026-05-20 08:42:24  INFO      ✅ SMTP connected
2026-05-20 08:42:26  INFO      ✔ [1/35] Sent → adithya.srivastava@gspann.com
2026-05-20 08:42:35  INFO      ✔ [2/35] Sent → aditi.agrawal@habilelabs.io
2026-05-20 08:42:44  INFO      ✔ [3/35] Sent → aiswarya.r@placeelements.com
2026-05-20 08:42:54  INFO      ✔ [4/35] Sent → akansha@new-novation.com
2026-05-20 08:43:02  INFO      ✔ [5/35] Sent → akshay.soni@designnex.com
2026-05-20 08:43:08  INFO      ✔ [6/35] Sent → anjali.kumari@seventhtriangle.com
2026-05-20 08:43:16  INFO      ✔ [7/35] Sent → ayushi.c@apideltech.com
2026-05-20 08:43:22  INFO      ✔ [8/35] Sent → divya.sharma@convegenius.ai
2026-05-20 08:43:31  INFO      ✔ [9/35] Sent → evangelin.r@northern-base.com
2026-05-20 08:43:39  INFO      ✔ [10/35] Sent → hiring@lirik.io
2026-05-20 08:43:47  INFO      ✔ [11/35] Sent → hiring@nexaxis.tech
2026-05-20 08:43:52  INFO      ✔ [12/35] Sent → hr@avendumtech.com
2026-05-20 08:43:59  INFO      ✔ [13/35] Sent → hr@seventhtriangle.com
2026-05-20 08:43:59  DEBUG     Domain burst pause (seventhtriangle.com): 21.2s
2026-05-20 08:44:27  INFO      ✔ [14/35] Sent → hr@sikanderpe.com
2026-05-20 08:44:36  INFO      ✔ [15/35] Sent → hr@townmanor.in
2026-05-20 08:44:45  INFO      ✔ [16/35] Sent → jagrity@sharedpro.in
2026-05-20 08:44:54  INFO      ✔ [17/35] Sent → jansi@haparz.com
2026-05-20 08:45:04  INFO      ✔ [18/35] Sent → jobs@qubixl.com
2026-05-20 08:45:10  INFO      ✔ [19/35] Sent → mahalakshmis@vmaptech.com
2026-05-20 08:45:18  INFO      ✔ [20/35] Sent → manasi.phatak@leanitcorp.com
2026-05-20 08:45:26  INFO      ✔ [21/35] Sent → nikita.maithani@avendumtech.com
2026-05-20 08:45:26  DEBUG     Domain burst pause (avendumtech.com): 19.5s
2026-05-20 08:45:53  INFO      ✔ [22/35] Sent → pavithra.kr@firstmeridian.com
2026-05-20 08:46:02  INFO      ✔ [23/35] Sent → piyusha.r@apideltech.com
2026-05-20 08:46:02  DEBUG     Domain burst pause (apideltech.com): 15.4s
2026-05-20 08:46:27  INFO      ✔ [24/35] Sent → pjadhav1822@gmail.com
2026-05-20 08:46:34  INFO      ✔ [25/35] Sent → priyadeydas18@gmail.com
2026-05-20 08:46:34  DEBUG     Domain burst pause (gmail.com): 27.6s
2026-05-20 08:47:11  INFO      ✔ [26/35] Sent → rakshita@jmsadvisory.in
2026-05-20 08:47:17  INFO      ✔ [27/35] Sent → reetika.m@fixitytech.com
2026-05-20 08:47:24  INFO      ✔ [28/35] Sent → saijal@symbiosisindia.net
2026-05-20 08:47:31  INFO      ✔ [29/35] Sent → salil.agarwal@dfos.ai
2026-05-20 08:47:37  INFO      ✔ [30/35] Sent → saumya@datbanks.com
2026-05-20 08:47:43  INFO      ✔ [31/35] Sent → tanishka.goyal@delphic.in
2026-05-20 08:47:51  INFO      ✔ [32/35] Sent → vaishnavi.srivastava@quesscorp.com
2026-05-20 08:47:59  INFO      ✔ [33/35] Sent → vikrant.howal@stepstalent.com
2026-05-20 08:48:06  INFO      ✔ [34/35] Sent → vinita.pawar@codersbrain.com
2026-05-20 08:48:12  INFO      ✔ [35/35] Sent → yashika@vitric.in
2026-05-20 08:48:16  INFO      🎉 Done — 35/35 emails sent today.
2026-05-20 08:48:16  INFO      📊 Total sent all time: 684
2026-05-20 08:48:16  INFO      All emails sent. Deleting source PDF(s)…
2026-05-20 08:48:16  INFO      🗑  Deleted PDF: NCR_Noida_Delhi_Gurgaon (54).pdf
2026-05-20 09:26:23  INFO      📅 Daily cap: 250 | Sent today: 35 | Remaining: 215
2026-05-20 09:26:23  INFO      ⛔ Excluded domains (27): bonami.in, cgi.com, cognizant.com, dotpe.in, dronamaps.com, earthclock.in, embglobal.com, grappus.com, herovired.com, hudle.in, idreamcareer.com, infosys.com, legistify.com, locofast.com, ongrid.in, primathon.in, pushowl.com, questt.com, raftlabs.co, rayosys.com, scuderia.in, sparkeighteen.com, squareboat.com, squareops.com, tradingwithvivek.com, venturasecurities.com, wizzybox.com
2026-05-20 09:26:23  INFO      Reading PDF: Bangalore_Chennai (40).pdf
2026-05-20 09:26:23  DEBUG     ⛔ Excluded: info@jobcurator.in
2026-05-20 09:26:24  DEBUG     ⛔ Excluded: info@jobcurator.in
2026-05-20 09:26:24  DEBUG     ⛔ Excluded: info@jobcurator.in
2026-05-20 09:26:24  DEBUG     ⛔ Excluded: info@jobcurator.in
2026-05-20 09:26:24  DEBUG     ⛔ Excluded: info@jobcurator.in
2026-05-20 09:26:24  DEBUG     ⛔ Excluded: info@jobcurator.in
2026-05-20 09:26:24  DEBUG     ⛔ Excluded: info@jobcurator.in
2026-05-20 09:26:24  DEBUG     ⛔ Excluded: info@jobcurator.in
2026-05-20 09:26:24  DEBUG     ⛔ Excluded: info@jobcurator.in
2026-05-20 09:26:24  DEBUG     ⛔ Excluded: info@jobcurator.in
2026-05-20 09:26:24  DEBUG     ⛔ Excluded: info@jobcurator.in
2026-05-20 09:26:25  DEBUG     ⛔ Excluded: info@jobcurator.in
2026-05-20 09:26:25  DEBUG     ⛔ Excluded: info@jobcurator.in
2026-05-20 09:26:25  DEBUG     ⛔ Excluded: info@jobcurator.in
2026-05-20 09:26:25  DEBUG     ⛔ Excluded: info@jobcurator.in
2026-05-20 09:26:25  DEBUG     ⛔ Excluded: info@jobcurator.in
2026-05-20 09:26:25  DEBUG     ⛔ Excluded: info@jobcurator.in
2026-05-20 09:26:25  DEBUG     ⛔ Excluded: info@jobcurator.in
2026-05-20 09:26:25  DEBUG     ⛔ Excluded: info@jobcurator.in
2026-05-20 09:26:25  DEBUG     ⛔ Excluded: info@jobcurator.in
2026-05-20 09:26:25  DEBUG     ⛔ Excluded: info@jobcurator.in
2026-05-20 09:26:25  DEBUG     ⛔ Excluded: info@jobcurator.in
2026-05-20 09:26:25  DEBUG     ⛔ Excluded: info@jobcurator.in
2026-05-20 09:26:26  DEBUG     ⛔ Excluded: info@jobcurator.in
2026-05-20 09:26:26  DEBUG     ⛔ Excluded: info@jobcurator.in
2026-05-20 09:26:26  DEBUG     ⛔ Excluded: info@jobcurator.in
2026-05-20 09:26:26  DEBUG     ⛔ Excluded: info@jobcurator.in
2026-05-20 09:26:26  DEBUG     ⛔ Excluded: info@jobcurator.in
2026-05-20 09:26:26  DEBUG     ⛔ Excluded: info@jobcurator.in
2026-05-20 09:26:26  DEBUG     ⛔ Excluded: info@jobcurator.in
2026-05-20 09:26:26  DEBUG     ⛔ Excluded: info@jobcurator.in
2026-05-20 09:26:26  DEBUG     ⛔ Excluded: info@jobcurator.in
2026-05-20 09:26:26  DEBUG     ⛔ Excluded: info@jobcurator.in
2026-05-20 09:26:27  DEBUG     ⛔ Excluded: info@jobcurator.in
2026-05-20 09:26:27  DEBUG     ⛔ Excluded: info@jobcurator.in
2026-05-20 09:26:27  DEBUG     ⛔ Excluded: info@jobcurator.in
2026-05-20 09:26:27  DEBUG     ⛔ Excluded: info@jobcurator.in
2026-05-20 09:26:27  DEBUG     ⛔ Excluded: info@jobcurator.in
2026-05-20 09:26:27  DEBUG     ⛔ Excluded: info@jobcurator.in
2026-05-20 09:26:27  DEBUG     ⛔ Excluded: info@jobcurator.in
2026-05-20 09:26:27  DEBUG     ⛔ Excluded: info@jobcurator.in
2026-05-20 09:26:27  DEBUG     ⛔ Excluded: info@jobcurator.in
2026-05-20 09:26:27  DEBUG     ⛔ Excluded: info@jobcurator.in
2026-05-20 09:26:28  DEBUG     ⛔ Excluded: info@jobcurator.in
2026-05-20 09:26:28  DEBUG     ⛔ Excluded: info@jobcurator.in
2026-05-20 09:26:28  DEBUG     ⛔ Excluded: info@jobcurator.in
2026-05-20 09:26:28  DEBUG     ⛔ Excluded: info@jobcurator.in
2026-05-20 09:26:28  DEBUG     ⛔ Excluded: info@jobcurator.in
2026-05-20 09:26:28  DEBUG     ⛔ Excluded: info@jobcurator.in
2026-05-20 09:26:28  DEBUG     ⛔ Excluded: info@jobcurator.in
2026-05-20 09:26:28  DEBUG     ⛔ Excluded: info@jobcurator.in
2026-05-20 09:26:28  INFO      Unique emails found: 74  |  Excluded (domain/email filter): 51
2026-05-20 09:26:28  INFO      Already sent (all time): 684  |  New to send today: 58
2026-05-20 09:26:28  INFO      🚀 Starting send: 58 emails | Batch size: 40 | Max/hour: 55
2026-05-20 09:26:29  INFO      ✅ SMTP connected
2026-05-20 09:26:32  INFO      ✔ [1/58] Sent → abirami.s@tyagroup.co.in
2026-05-20 09:26:38  INFO      ✔ [2/58] Sent → amrutha@talentohr.in
2026-05-20 09:26:44  INFO      ✔ [3/58] Sent → anusha.ms@valuesoftinfo.com
2026-05-20 09:26:52  INFO      ✔ [4/58] Sent → archie@absolutetalent.in
2026-05-20 09:27:02  INFO      ✔ [5/58] Sent → bhumika.b@esolglobal.com
2026-05-20 09:27:11  INFO      ✔ [6/58] Sent → careers@lmteq.com
2026-05-20 09:27:18  INFO      ✔ [7/58] Sent → chinnamsankar@rezolve.com
2026-05-20 09:27:27  INFO      ✔ [8/58] Sent → dakshayani.b@synstacktech.com
2026-05-20 09:27:36  INFO      ✔ [9/58] Sent → dheepika.s@mavenberg.com
2026-05-20 09:27:42  INFO      ✔ [10/58] Sent → hr@a3nity.com
2026-05-20 09:27:50  INFO      ✔ [11/58] Sent → hr@nrg-phoenix.com
2026-05-20 09:27:57  INFO      ✔ [12/58] Sent → hr@piquota.com
2026-05-20 09:28:05  INFO      ✔ [13/58] Sent → hr@uestech.com
2026-05-20 09:28:11  INFO      ✔ [14/58] Sent → hramishagehlot@gmail.com
2026-05-20 09:28:17  INFO      ✔ [15/58] Sent → ilavarapu.pravallika@testunity.com
2026-05-20 09:28:25  INFO      ✔ [16/58] Sent → imprita.dey@wipro.com
2026-05-20 09:28:31  INFO      ✔ [17/58] Sent → info@nianalyticsindia.com
2026-05-20 09:28:38  INFO      ✔ [18/58] Sent → kathirahameda1@hexaware.com
2026-05-20 09:28:44  INFO      ✔ [19/58] Sent → kavin@recruiterwings.com
2026-05-20 09:28:50  INFO      ✔ [20/58] Sent → keerthana.b@accionlabs.com
2026-05-20 09:28:58  INFO      ✔ [21/58] Sent → kirti@mpowerelyte.com
2026-05-20 09:29:04  INFO      ✔ [22/58] Sent → krishna.chaitanya@excelgens.com
2026-05-20 09:29:10  INFO      ✔ [23/58] Sent → kunal.das@excelgens.com
2026-05-20 09:29:10  DEBUG     Domain burst pause (excelgens.com): 24.5s
2026-05-20 09:29:44  INFO      ✔ [24/58] Sent → lakshmi@arborvitae.in
2026-05-20 09:29:53  INFO      ✔ [25/58] Sent → lawrence@laconsultancy.in
2026-05-20 09:30:02  INFO      ✔ [26/58] Sent → mani.l@sritechsolutions.com
2026-05-20 09:30:11  INFO      ✔ [27/58] Sent → meenuantony@tecqubes.com
2026-05-20 09:30:21  INFO      ✔ [28/58] Sent → ndhiman@trellance.com
2026-05-20 09:30:28  INFO      ✔ [29/58] Sent → nikitha.k@websynergies.com
2026-05-20 09:30:34  INFO      ✔ [30/58] Sent → padmini@subedge.com
2026-05-20 09:30:43  INFO      ✔ [31/58] Sent → rashmi.singh@dianapps.com
2026-05-20 09:30:52  INFO      ✔ [32/58] Sent → ravindrababu.k@ibridgetechsoft.com
2026-05-20 09:31:00  INFO      ✔ [33/58] Sent → reshma.ponnamma@customertimes.com
2026-05-20 09:31:07  INFO      ✔ [34/58] Sent → revanth@scillz.com
2026-05-20 09:31:15  INFO      ✔ [35/58] Sent → richa@excelgens.com
2026-05-20 09:31:22  INFO      ✔ [36/58] Sent → ritika@neurofin.ai
2026-05-20 09:31:29  INFO      ✔ [37/58] Sent → rohini@galaxyitech.com
2026-05-20 09:31:35  INFO      ✔ [38/58] Sent → rumana.m@cortexconsultants.com
2026-05-20 09:31:41  INFO      ✔ [39/58] Sent → saibaba@devappsit.com
2026-05-20 09:31:50  INFO      ✔ [40/58] Sent → saijaneesh.k@lancesoft.in
2026-05-20 09:31:53  INFO      ☕ Batch 1/2 complete (40 sent). Session break: 14 minutes…
2026-05-20 09:36:53  INFO      ⏰ Resuming in 9 minutes…
2026-05-20 09:41:53  INFO      ⏰ Resuming in 4 minutes…
2026-05-20 09:45:31  INFO      ✅ SMTP connected
2026-05-20 09:45:34  INFO      ✔ [41/58] Sent → saurbah.bhardwaj@conceptshr.net
2026-05-20 09:45:42  INFO      ✔ [42/58] Sent → shaik.babavali@firstmeridianglobal.com
2026-05-20 09:45:51  INFO      ✔ [43/58] Sent → shilpa@devappsit.com
2026-05-20 09:45:51  DEBUG     Domain burst pause (devappsit.com): 19.5s
2026-05-20 09:46:19  INFO      ✔ [44/58] Sent → shivani.s@ivu-infotech.com
2026-05-20 09:46:27  INFO      ✔ [45/58] Sent → shruthi.t@lancesoft.in
2026-05-20 09:46:27  DEBUG     Domain burst pause (lancesoft.in): 28.0s
2026-05-20 09:47:03  INFO      ✔ [46/58] Sent → smandal@primesoft.net
2026-05-20 09:47:13  INFO      ✔ [47/58] Sent → sonali_shukla1@ajg.com
2026-05-20 09:47:19  INFO      ✔ [48/58] Sent → souravkumar.b@valuesoftinfo.com
2026-05-20 09:47:19  DEBUG     Domain burst pause (valuesoftinfo.com): 26.0s
2026-05-20 09:47:55  INFO      ✔ [49/58] Sent → sravanthiparsha@cambio.co.in
2026-05-20 09:48:03  INFO      ✔ [50/58] Sent → sumith.mm@ifocussystec.com
2026-05-20 09:48:09  INFO      ✔ [51/58] Sent → swathi.s@idexcel.com
2026-05-20 09:48:16  INFO      ✔ [52/58] Sent → tkale@eteaminc.com
2026-05-20 09:48:22  INFO      ✔ [53/58] Sent → ujjwalsingh.qpsg@gmail.com
2026-05-20 09:48:22  DEBUG     Domain burst pause (gmail.com): 18.9s
2026-05-20 09:48:47  INFO      ✔ [54/58] Sent → venkatesh.j@palni.com
2026-05-20 09:48:56  INFO      ✔ [55/58] Sent → vijay.kasarla@tekxqq.com
2026-05-20 09:49:00  INFO      ⏳ Hourly limit (55/hr) reached. Waiting 38 minutes…
2026-05-20 10:26:37  ERROR     ✘ SMTP error for vinay.goud@blue.cloud: (451, b'4.4.2 Timeout - closing connection.\n4.4.2  For more information, go to\n4.4.2  https://support.google.com/a/answer/3221692 d9443c01a7336-2bd5bd5fb35sm199778955ad.12 - gsmtp', 'kanishkakohli4@gmail.com')
2026-05-20 10:26:42  WARNING   🔌 Server disconnected — reconnecting…
2026-05-20 10:26:44  INFO      ✅ SMTP connected
2026-05-20 10:26:47  INFO      ✔ [56/58] Sent (retry) → vishal.gandhi@quesscorp.com
2026-05-20 10:26:53  INFO      ✔ [57/58] Sent → vx001075150@techmahindra.com
2026-05-20 10:26:59  INFO      🎉 Done — 57/58 emails sent today.
2026-05-20 10:26:59  INFO      📊 Total sent all time: 741
2026-05-20 10:26:59  WARNING   Skipping PDF deletion — only 57/58 emails sent.
2026-05-20 10:37:51  INFO      📅 Daily cap: 250 | Sent today: 92 | Remaining: 158
2026-05-20 10:37:51  INFO      ⛔ Excluded domains (27): bonami.in, cgi.com, cognizant.com, dotpe.in, dronamaps.com, earthclock.in, embglobal.com, grappus.com, herovired.com, hudle.in, idreamcareer.com, infosys.com, legistify.com, locofast.com, ongrid.in, primathon.in, pushowl.com, questt.com, raftlabs.co, rayosys.com, scuderia.in, sparkeighteen.com, squareboat.com, squareops.com, tradingwithvivek.com, venturasecurities.com, wizzybox.com
2026-05-20 10:37:51  INFO      Reading PDF: Hyderabad (39).pdf
2026-05-20 10:37:52  DEBUG     ⛔ Excluded: info@jobcurator.in
2026-05-20 10:37:52  DEBUG     ⛔ Excluded: info@jobcurator.in
2026-05-20 10:37:52  DEBUG     ⛔ Excluded: info@jobcurator.in
2026-05-20 10:37:52  DEBUG     ⛔ Excluded: ashok.s@cgi.com
2026-05-20 10:37:52  DEBUG     ⛔ Excluded: ak.anand@cgi.com
2026-05-20 10:37:52  DEBUG     ⛔ Excluded: info@jobcurator.in
2026-05-20 10:37:52  DEBUG     ⛔ Excluded: info@jobcurator.in
2026-05-20 10:37:52  DEBUG     ⛔ Excluded: info@jobcurator.in
2026-05-20 10:37:52  DEBUG     ⛔ Excluded: info@jobcurator.in
2026-05-20 10:37:52  DEBUG     ⛔ Excluded: info@jobcurator.in
2026-05-20 10:37:52  DEBUG     ⛔ Excluded: info@jobcurator.in
2026-05-20 10:37:52  DEBUG     ⛔ Excluded: info@jobcurator.in
2026-05-20 10:37:52  DEBUG     ⛔ Excluded: info@jobcurator.in
2026-05-20 10:37:53  DEBUG     ⛔ Excluded: info@jobcurator.in
2026-05-20 10:37:53  DEBUG     ⛔ Excluded: info@jobcurator.in
2026-05-20 10:37:53  DEBUG     ⛔ Excluded: info@jobcurator.in
2026-05-20 10:37:53  DEBUG     ⛔ Excluded: info@jobcurator.in
2026-05-20 10:37:53  DEBUG     ⛔ Excluded: info@jobcurator.in
2026-05-20 10:37:53  DEBUG     ⛔ Excluded: info@jobcurator.in
2026-05-20 10:37:53  DEBUG     ⛔ Excluded: info@jobcurator.in
2026-05-20 10:37:53  DEBUG     ⛔ Excluded: info@jobcurator.in
2026-05-20 10:37:53  DEBUG     ⛔ Excluded: info@jobcurator.in
2026-05-20 10:37:54  DEBUG     ⛔ Excluded: info@jobcurator.in
2026-05-20 10:37:54  DEBUG     ⛔ Excluded: info@jobcurator.in
2026-05-20 10:37:54  DEBUG     ⛔ Excluded: info@jobcurator.in
2026-05-20 10:37:54  DEBUG     ⛔ Excluded: info@jobcurator.in
2026-05-20 10:37:54  DEBUG     ⛔ Excluded: info@jobcurator.in
2026-05-20 10:37:54  DEBUG     ⛔ Excluded: info@jobcurator.in
2026-05-20 10:37:54  DEBUG     ⛔ Excluded: info@jobcurator.in
2026-05-20 10:37:54  DEBUG     ⛔ Excluded: info@jobcurator.in
2026-05-20 10:37:54  DEBUG     ⛔ Excluded: info@jobcurator.in
2026-05-20 10:37:55  DEBUG     ⛔ Excluded: info@jobcurator.in
2026-05-20 10:37:55  DEBUG     ⛔ Excluded: info@jobcurator.in
2026-05-20 10:37:55  DEBUG     ⛔ Excluded: info@jobcurator.in
2026-05-20 10:37:55  DEBUG     ⛔ Excluded: info@jobcurator.in
2026-05-20 10:37:55  DEBUG     ⛔ Excluded: info@jobcurator.in
2026-05-20 10:37:56  DEBUG     ⛔ Excluded: info@jobcurator.in
2026-05-20 10:37:56  DEBUG     ⛔ Excluded: info@jobcurator.in
2026-05-20 10:37:56  DEBUG     ⛔ Excluded: info@jobcurator.in
2026-05-20 10:37:57  DEBUG     ⛔ Excluded: info@jobcurator.in
2026-05-20 10:37:57  DEBUG     ⛔ Excluded: info@jobcurator.in
2026-05-20 10:37:57  DEBUG     ⛔ Excluded: info@jobcurator.in
2026-05-20 10:37:57  DEBUG     ⛔ Excluded: info@jobcurator.in
2026-05-20 10:37:57  DEBUG     ⛔ Excluded: info@jobcurator.in
2026-05-20 10:37:57  DEBUG     ⛔ Excluded: info@jobcurator.in
2026-05-20 10:37:57  DEBUG     ⛔ Excluded: info@jobcurator.in
2026-05-20 10:37:57  INFO      Unique emails found: 58  |  Excluded (domain/email filter): 46
2026-05-20 10:37:57  INFO      Already sent (all time): 741  |  New to send today: 37
2026-05-20 10:37:57  INFO      🚀 Starting send: 37 emails | Batch size: 40 | Max/hour: 55
2026-05-20 10:37:58  INFO      ✅ SMTP connected
2026-05-20 10:38:01  INFO      ✔ [1/37] Sent → aashitalentifyy@gmail.com
2026-05-20 10:38:08  INFO      ✔ [2/37] Sent → akshaya.varadhan@careernet.in
2026-05-20 10:38:16  INFO      ✔ [3/37] Sent → ambika.vishwakarma@apptadinc.com
2026-05-20 10:38:23  INFO      ✔ [4/37] Sent → ananya.mishra@amplesuccesshr.com
2026-05-20 10:38:30  INFO      ✔ [5/37] Sent → bhargaviteja@edurungroup.in
2026-05-20 10:38:36  INFO      ✔ [6/37] Sent → bisht.pragati@net2source.co.in
2026-05-20 10:38:42  INFO      ✔ [7/37] Sent → chandra@chaitrasoft.com
2026-05-20 10:38:49  INFO      ✔ [8/37] Sent → dhasaradh.ch@melayati.com
2026-05-20 10:38:56  INFO      ✔ [9/37] Sent → gauri.agarwal@amplesuccesshr.com
2026-05-20 10:38:56  DEBUG     Domain burst pause (amplesuccesshr.com): 16.0s
2026-05-20 10:39:20  INFO      ✔ [10/37] Sent → hr.ind@livebest4you.com
2026-05-20 10:39:26  INFO      ✔ [11/37] Sent → hr@net2apps.com
2026-05-20 10:39:33  INFO      ✔ [12/37] Sent → info@praudyoguru.com
2026-05-20 10:39:39  INFO      ✔ [13/37] Sent → jagadeesh@santosystems.com
2026-05-20 10:39:47  INFO      ✔ [14/37] Sent → jananib@newtglobalcorp.com
2026-05-20 10:39:56  INFO      ✔ [15/37] Sent → karthicc@nallas.com
2026-05-20 10:40:03  INFO      ✔ [16/37] Sent → naveen.kandipalli@shaftsoftwares.com
2026-05-20 10:40:10  INFO      ✔ [17/37] Sent → nikhil.a@connectio.co.in
2026-05-20 10:40:17  INFO      ✔ [18/37] Sent → nitya.hird@gmail.com
2026-05-20 10:40:17  DEBUG     Domain burst pause (gmail.com): 15.2s
2026-05-20 10:40:39  INFO      ✔ [19/37] Sent → prasant.kumar@talentola.com
2026-05-20 10:40:47  INFO      ✔ [20/37] Sent → ravikiran.r@voltoconsulting.com
2026-05-20 10:40:56  INFO      ✔ [21/37] Sent → ravitejadevarapalli@lovasit.com
2026-05-20 10:41:02  INFO      ✔ [22/37] Sent → recruitment@adeptsolutionsindia.com
2026-05-20 10:41:12  INFO      ✔ [23/37] Sent → salambasha@adeptconsultants.com
2026-05-20 10:41:19  INFO      ✔ [24/37] Sent → samaravadi@osidigital.com
2026-05-20 10:41:28  INFO      ✔ [25/37] Sent → sanjai@vysystems.com
2026-05-20 10:41:35  INFO      ✔ [26/37] Sent → sasi.ponnam@praudyoguru.com
2026-05-20 10:41:35  DEBUG     Domain burst pause (praudyoguru.com): 25.5s
2026-05-20 10:42:09  INFO      ✔ [27/37] Sent → saurabh.bhate@aksharstaffing.com
2026-05-20 10:42:15  INFO      ✔ [28/37] Sent → shashivardhanreddy90@gmail.com
2026-05-20 10:42:23  INFO      ✔ [29/37] Sent → shivani.singh@amplesuccesshr.com
2026-05-20 10:42:29  INFO      ✔ [30/37] Sent → shyam.devarakonda@tidyhire.app
2026-05-20 10:42:38  INFO      ✔ [31/37] Sent → sivajyothi@msysinc.com
2026-05-20 10:42:47  INFO      ✔ [32/37] Sent → somu.sasmal@ubique-systems.com
2026-05-20 10:42:53  INFO      ✔ [33/37] Sent → swati.singh@caltek.us
2026-05-20 10:43:02  INFO      ✔ [34/37] Sent → usha.k@sritechsolutions.com
2026-05-20 10:43:08  INFO      ✔ [35/37] Sent → vandana.tripathi@amplesuccesshr.com
2026-05-20 10:43:08  DEBUG     Domain burst pause (amplesuccesshr.com): 16.1s
2026-05-20 10:43:32  INFO      ✔ [36/37] Sent → venkat@coretek.io
2026-05-20 10:43:39  INFO      ✔ [37/37] Sent → vilasini@rdrindia.in
2026-05-20 10:43:44  INFO      🎉 Done — 37/37 emails sent today.
2026-05-20 10:43:44  INFO      📊 Total sent all time: 778
2026-05-20 10:43:44  INFO      All emails sent. Deleting source PDF(s)…
2026-05-20 10:43:44  INFO      🗑  Deleted PDF: Hyderabad (39).pdf
2026-05-21 08:43:26  INFO      📅 Daily cap: 250 | Sent today: 0 | Remaining: 250
2026-05-21 08:43:26  INFO      ⛔ Excluded domains (27): bonami.in, cgi.com, cognizant.com, dotpe.in, dronamaps.com, earthclock.in, embglobal.com, grappus.com, herovired.com, hudle.in, idreamcareer.com, infosys.com, legistify.com, locofast.com, ongrid.in, primathon.in, pushowl.com, questt.com, raftlabs.co, rayosys.com, scuderia.in, sparkeighteen.com, squareboat.com, squareops.com, tradingwithvivek.com, venturasecurities.com, wizzybox.com
2026-05-21 08:43:26  INFO      Reading PDF: NCR_Noida_Delhi_Gurgaon (55).pdf
2026-05-21 08:43:26  DEBUG     ⛔ Excluded: info@jobcurator.in
2026-05-21 08:43:26  DEBUG     ⛔ Excluded: info@jobcurator.in
2026-05-21 08:43:27  DEBUG     ⛔ Excluded: info@jobcurator.in
2026-05-21 08:43:27  DEBUG     ⛔ Excluded: info@jobcurator.in
2026-05-21 08:43:27  DEBUG     ⛔ Excluded: info@jobcurator.in
2026-05-21 08:43:27  DEBUG     ⛔ Excluded: info@jobcurator.in
2026-05-21 08:43:27  DEBUG     ⛔ Excluded: info@jobcurator.in
2026-05-21 08:43:27  DEBUG     ⛔ Excluded: info@jobcurator.in
2026-05-21 08:43:27  DEBUG     ⛔ Excluded: info@jobcurator.in
2026-05-21 08:43:27  DEBUG     ⛔ Excluded: info@jobcurator.in
2026-05-21 08:43:27  DEBUG     ⛔ Excluded: info@jobcurator.in
2026-05-21 08:43:28  DEBUG     ⛔ Excluded: info@jobcurator.in
2026-05-21 08:43:28  DEBUG     ⛔ Excluded: info@jobcurator.in
2026-05-21 08:43:28  DEBUG     ⛔ Excluded: info@jobcurator.in
2026-05-21 08:43:28  DEBUG     ⛔ Excluded: info@jobcurator.in
2026-05-21 08:43:28  DEBUG     ⛔ Excluded: info@jobcurator.in
2026-05-21 08:43:28  DEBUG     ⛔ Excluded: info@jobcurator.in
2026-05-21 08:43:28  DEBUG     ⛔ Excluded: info@jobcurator.in
2026-05-21 08:43:28  DEBUG     ⛔ Excluded: info@jobcurator.in
2026-05-21 08:43:28  DEBUG     ⛔ Excluded: info@jobcurator.in
2026-05-21 08:43:28  DEBUG     ⛔ Excluded: info@jobcurator.in
2026-05-21 08:43:29  DEBUG     ⛔ Excluded: info@jobcurator.in
2026-05-21 08:43:29  DEBUG     ⛔ Excluded: info@jobcurator.in
2026-05-21 08:43:29  DEBUG     ⛔ Excluded: info@jobcurator.in
2026-05-21 08:43:29  DEBUG     ⛔ Excluded: info@jobcurator.in
2026-05-21 08:43:29  DEBUG     ⛔ Excluded: info@jobcurator.in
2026-05-21 08:43:29  DEBUG     ⛔ Excluded: info@jobcurator.in
2026-05-21 08:43:29  DEBUG     ⛔ Excluded: info@jobcurator.in
2026-05-21 08:43:29  DEBUG     ⛔ Excluded: info@jobcurator.in
2026-05-21 08:43:29  DEBUG     ⛔ Excluded: info@jobcurator.in
2026-05-21 08:43:29  INFO      Unique emails found: 37  |  Excluded (domain/email filter): 30
2026-05-21 08:43:29  INFO      Already sent (all time): 778  |  New to send today: 31
2026-05-21 08:43:29  INFO      🚀 Starting send: 31 emails | Batch size: 40 | Max/hour: 55
2026-05-21 08:43:31  INFO      ✅ SMTP connected
2026-05-21 08:43:33  INFO      ✔ [1/31] Sent → aanchal.kishvi@gmail.com
2026-05-21 08:43:41  INFO      ✔ [2/31] Sent → anchal@kishviconsulting.com
2026-05-21 08:43:48  INFO      ✔ [3/31] Sent → anish@spadtek.com
2026-05-21 08:43:56  INFO      ✔ [4/31] Sent → bhoomika@onzestt.com
2026-05-21 08:44:06  INFO      ✔ [5/31] Sent → bhumika.gairola@vlinkinfo.com
2026-05-21 08:44:13  INFO      ✔ [6/31] Sent → bhuvana.jayaram@qapitol.com
2026-05-21 08:44:20  INFO      ✔ [7/31] Sent → chaitanya@talentoj.com
2026-05-21 08:44:26  INFO      ✔ [8/31] Sent → cherian.thomasmattathil@ust.com
2026-05-21 08:44:33  INFO      ✔ [9/31] Sent → deepak.singh@innovationm.com
2026-05-21 08:44:42  INFO      ✔ [10/31] Sent → deepika.b@fixitytech.com
2026-05-21 08:44:51  INFO      ✔ [11/31] Sent → haritha.j@vncservices.in
2026-05-21 08:44:58  INFO      ✔ [12/31] Sent → harshika@massistcrm.com
2026-05-21 08:45:07  INFO      ✔ [13/31] Sent → hr@cerebry.co
2026-05-21 08:45:15  INFO      ✔ [14/31] Sent → kajal.rana@keyvitse.in
2026-05-21 08:45:25  INFO      ✔ [15/31] Sent → kaviya.periyasamy@careernet.in
2026-05-21 08:45:32  INFO      ✔ [16/31] Sent → kurubindo.s@rbsaltech.com
2026-05-21 08:45:37  INFO      ✔ [17/31] Sent → mounica@fusionevalx.ai
2026-05-21 08:45:46  INFO      ✔ [18/31] Sent → nanditaseth@virtusa.com
2026-05-21 08:45:53  INFO      ✔ [19/31] Sent → pavani@systechcorp.in
2026-05-21 08:46:01  INFO      ✔ [20/31] Sent → pratish@talentoj.com
2026-05-21 08:46:01  DEBUG     Domain burst pause (talentoj.com): 16.6s
2026-05-21 08:46:26  INFO      ✔ [21/31] Sent → reeza@artingdigital.com
2026-05-21 08:46:35  INFO      ✔ [22/31] Sent → sameer.panigrahi@coforge.com
2026-05-21 08:46:41  INFO      ✔ [23/31] Sent → satishk@maveric-systems.com
2026-05-21 08:46:48  INFO      ✔ [24/31] Sent → sejal@rapidinnovation.dev
2026-05-21 08:46:54  INFO      ✔ [25/31] Sent → shelly.ranasaria@codersbrain.com
2026-05-21 08:47:03  INFO      ✔ [26/31] Sent → shima@talentoj.com
2026-05-21 08:47:09  INFO      ✔ [27/31] Sent → shivashankar.p@systechcorp.in
2026-05-21 08:47:09  DEBUG     Domain burst pause (systechcorp.in): 27.8s
2026-05-21 08:47:45  INFO      ✔ [28/31] Sent → shubham@innergie.in
2026-05-21 08:47:52  INFO      ✔ [29/31] Sent → taniya@msoltechnology.com
2026-05-21 08:47:59  INFO      ✔ [30/31] Sent → vijaylaxmi.gupta@programming.com
2026-05-21 08:48:06  INFO      ✔ [31/31] Sent → vksri@calibreqa.com
2026-05-21 08:48:12  INFO      🎉 Done — 31/31 emails sent today.
2026-05-21 08:48:12  INFO      📊 Total sent all time: 809
2026-05-21 08:48:12  INFO      All emails sent. Deleting source PDF(s)…
2026-05-21 08:52:24  INFO      📅 Daily cap: 250 | Sent today: 31 | Remaining: 219
2026-05-21 08:52:24  INFO      ⛔ Excluded domains (27): bonami.in, cgi.com, cognizant.com, dotpe.in, dronamaps.com, earthclock.in, embglobal.com, grappus.com, herovired.com, hudle.in, idreamcareer.com, infosys.com, legistify.com, locofast.com, ongrid.in, primathon.in, pushowl.com, questt.com, raftlabs.co, rayosys.com, scuderia.in, sparkeighteen.com, squareboat.com, squareops.com, tradingwithvivek.com, venturasecurities.com, wizzybox.com
2026-05-21 08:52:24  INFO      Reading PDF: Bangalore_Chennai (40).pdf
2026-05-21 08:52:24  DEBUG     ⛔ Excluded: info@jobcurator.in
2026-05-21 08:52:24  DEBUG     ⛔ Excluded: info@jobcurator.in
2026-05-21 08:52:24  DEBUG     ⛔ Excluded: info@jobcurator.in
2026-05-21 08:52:24  DEBUG     ⛔ Excluded: info@jobcurator.in
2026-05-21 08:52:24  DEBUG     ⛔ Excluded: info@jobcurator.in
2026-05-21 08:52:25  DEBUG     ⛔ Excluded: info@jobcurator.in
2026-05-21 08:52:25  DEBUG     ⛔ Excluded: info@jobcurator.in
2026-05-21 08:52:25  DEBUG     ⛔ Excluded: info@jobcurator.in
2026-05-21 08:52:25  DEBUG     ⛔ Excluded: info@jobcurator.in
2026-05-21 08:52:25  DEBUG     ⛔ Excluded: info@jobcurator.in
2026-05-21 08:52:25  DEBUG     ⛔ Excluded: info@jobcurator.in
2026-05-21 08:52:25  DEBUG     ⛔ Excluded: info@jobcurator.in
2026-05-21 08:52:25  DEBUG     ⛔ Excluded: info@jobcurator.in
2026-05-21 08:52:25  DEBUG     ⛔ Excluded: info@jobcurator.in
2026-05-21 08:52:25  DEBUG     ⛔ Excluded: info@jobcurator.in
2026-05-21 08:52:25  DEBUG     ⛔ Excluded: info@jobcurator.in
2026-05-21 08:52:25  DEBUG     ⛔ Excluded: info@jobcurator.in
2026-05-21 08:52:26  DEBUG     ⛔ Excluded: info@jobcurator.in
2026-05-21 08:52:26  DEBUG     ⛔ Excluded: info@jobcurator.in
2026-05-21 08:52:26  DEBUG     ⛔ Excluded: info@jobcurator.in
2026-05-21 08:52:26  DEBUG     ⛔ Excluded: info@jobcurator.in
2026-05-21 08:52:26  DEBUG     ⛔ Excluded: info@jobcurator.in
2026-05-21 08:52:26  DEBUG     ⛔ Excluded: info@jobcurator.in
2026-05-21 08:52:26  DEBUG     ⛔ Excluded: info@jobcurator.in
2026-05-21 08:52:26  DEBUG     ⛔ Excluded: info@jobcurator.in
2026-05-21 08:52:26  DEBUG     ⛔ Excluded: info@jobcurator.in
2026-05-21 08:52:26  DEBUG     ⛔ Excluded: info@jobcurator.in
2026-05-21 08:52:26  DEBUG     ⛔ Excluded: info@jobcurator.in
2026-05-21 08:52:27  DEBUG     ⛔ Excluded: info@jobcurator.in
2026-05-21 08:52:27  DEBUG     ⛔ Excluded: info@jobcurator.in
2026-05-21 08:52:27  DEBUG     ⛔ Excluded: info@jobcurator.in
2026-05-21 08:52:27  DEBUG     ⛔ Excluded: info@jobcurator.in
2026-05-21 08:52:27  DEBUG     ⛔ Excluded: info@jobcurator.in
2026-05-21 08:52:27  DEBUG     ⛔ Excluded: info@jobcurator.in
2026-05-21 08:52:27  DEBUG     ⛔ Excluded: info@jobcurator.in
2026-05-21 08:52:27  DEBUG     ⛔ Excluded: info@jobcurator.in
2026-05-21 08:52:27  DEBUG     ⛔ Excluded: info@jobcurator.in
2026-05-21 08:52:28  DEBUG     ⛔ Excluded: info@jobcurator.in
2026-05-21 08:52:28  DEBUG     ⛔ Excluded: info@jobcurator.in
2026-05-21 08:52:28  DEBUG     ⛔ Excluded: info@jobcurator.in
2026-05-21 08:52:28  DEBUG     ⛔ Excluded: info@jobcurator.in
2026-05-21 08:52:28  DEBUG     ⛔ Excluded: info@jobcurator.in
2026-05-21 08:52:28  DEBUG     ⛔ Excluded: info@jobcurator.in
2026-05-21 08:52:28  DEBUG     ⛔ Excluded: info@jobcurator.in
2026-05-21 08:52:28  DEBUG     ⛔ Excluded: info@jobcurator.in
2026-05-21 08:52:28  DEBUG     ⛔ Excluded: info@jobcurator.in
2026-05-21 08:52:29  DEBUG     ⛔ Excluded: info@jobcurator.in
2026-05-21 08:52:29  DEBUG     ⛔ Excluded: info@jobcurator.in
2026-05-21 08:52:30  DEBUG     ⛔ Excluded: info@jobcurator.in
2026-05-21 08:52:30  DEBUG     ⛔ Excluded: info@jobcurator.in
2026-05-21 08:52:30  DEBUG     ⛔ Excluded: info@jobcurator.in
2026-05-21 08:52:30  INFO      Unique emails found: 74  |  Excluded (domain/email filter): 51
2026-05-21 08:52:30  INFO      Already sent (all time): 809  |  New to send today: 1
2026-05-21 08:52:30  INFO      🚀 Starting send: 1 emails | Batch size: 40 | Max/hour: 55
2026-05-21 08:52:31  INFO      ✅ SMTP connected
2026-05-21 08:52:34  INFO      ✔ [1/1] Sent → vinay.goud@blue.cloud
2026-05-21 08:52:41  INFO      🎉 Done — 1/1 emails sent today.
2026-05-21 08:52:41  INFO      📊 Total sent all time: 810
2026-05-21 08:52:41  INFO      All emails sent. Deleting source PDF(s)…
2026-05-21 08:52:41  INFO      🗑  Deleted PDF: Bangalore_Chennai (40).pdf
2026-05-21 10:09:29  INFO      📅 Daily cap: 250 | Sent today: 32 | Remaining: 218
2026-05-21 10:09:29  INFO      ⛔ Excluded domains (27): bonami.in, cgi.com, cognizant.com, dotpe.in, dronamaps.com, earthclock.in, embglobal.com, grappus.com, herovired.com, hudle.in, idreamcareer.com, infosys.com, legistify.com, locofast.com, ongrid.in, primathon.in, pushowl.com, questt.com, raftlabs.co, rayosys.com, scuderia.in, sparkeighteen.com, squareboat.com, squareops.com, tradingwithvivek.com, venturasecurities.com, wizzybox.com
2026-05-21 10:09:29  INFO      Reading PDF: Hyderabad (40).pdf
2026-05-21 10:09:29  DEBUG     ⛔ Excluded: info@jobcurator.in
2026-05-21 10:09:29  DEBUG     ⛔ Excluded: info@jobcurator.in
2026-05-21 10:09:29  DEBUG     ⛔ Excluded: info@jobcurator.in
2026-05-21 10:09:29  DEBUG     ⛔ Excluded: info@jobcurator.in
2026-05-21 10:09:30  DEBUG     ⛔ Excluded: info@jobcurator.in
2026-05-21 10:09:30  DEBUG     ⛔ Excluded: info@jobcurator.in
2026-05-21 10:09:30  DEBUG     ⛔ Excluded: info@jobcurator.in
2026-05-21 10:09:30  DEBUG     ⛔ Excluded: info@jobcurator.in
2026-05-21 10:09:30  DEBUG     ⛔ Excluded: info@jobcurator.in
2026-05-21 10:09:30  DEBUG     ⛔ Excluded: info@jobcurator.in
2026-05-21 10:09:30  DEBUG     ⛔ Excluded: info@jobcurator.in
2026-05-21 10:09:30  DEBUG     ⛔ Excluded: info@jobcurator.in
2026-05-21 10:09:30  DEBUG     ⛔ Excluded: info@jobcurator.in
2026-05-21 10:09:30  DEBUG     ⛔ Excluded: info@jobcurator.in
2026-05-21 10:09:30  DEBUG     ⛔ Excluded: info@jobcurator.in
2026-05-21 10:09:30  DEBUG     ⛔ Excluded: info@jobcurator.in
2026-05-21 10:09:31  DEBUG     ⛔ Excluded: info@jobcurator.in
2026-05-21 10:09:31  DEBUG     ⛔ Excluded: info@jobcurator.in
2026-05-21 10:09:31  DEBUG     ⛔ Excluded: info@jobcurator.in
2026-05-21 10:09:31  DEBUG     ⛔ Excluded: info@jobcurator.in
2026-05-21 10:09:31  DEBUG     ⛔ Excluded: info@jobcurator.in
2026-05-21 10:09:31  DEBUG     ⛔ Excluded: info@jobcurator.in
2026-05-21 10:09:31  DEBUG     ⛔ Excluded: info@jobcurator.in
2026-05-21 10:09:31  DEBUG     ⛔ Excluded: info@jobcurator.in
2026-05-21 10:09:31  DEBUG     ⛔ Excluded: info@jobcurator.in
2026-05-21 10:09:31  DEBUG     ⛔ Excluded: info@jobcurator.in
2026-05-21 10:09:31  DEBUG     ⛔ Excluded: info@jobcurator.in
2026-05-21 10:09:32  DEBUG     ⛔ Excluded: info@jobcurator.in
2026-05-21 10:09:32  DEBUG     ⛔ Excluded: info@jobcurator.in
2026-05-21 10:09:32  DEBUG     ⛔ Excluded: info@jobcurator.in
2026-05-21 10:09:32  DEBUG     ⛔ Excluded: info@jobcurator.in
2026-05-21 10:09:32  DEBUG     ⛔ Excluded: info@jobcurator.in
2026-05-21 10:09:32  DEBUG     ⛔ Excluded: info@jobcurator.in
2026-05-21 10:09:32  DEBUG     ⛔ Excluded: info@jobcurator.in
2026-05-21 10:09:33  DEBUG     ⛔ Excluded: info@jobcurator.in
2026-05-21 10:09:33  DEBUG     ⛔ Excluded: info@jobcurator.in
2026-05-21 10:09:33  DEBUG     ⛔ Excluded: info@jobcurator.in
2026-05-21 10:09:33  DEBUG     ⛔ Excluded: info@jobcurator.in
2026-05-21 10:09:33  DEBUG     ⛔ Excluded: info@jobcurator.in
2026-05-21 10:09:33  DEBUG     ⛔ Excluded: info@jobcurator.in
2026-05-21 10:09:33  DEBUG     ⛔ Excluded: info@jobcurator.in
2026-05-21 10:09:33  DEBUG     ⛔ Excluded: info@jobcurator.in
2026-05-21 10:09:33  DEBUG     ⛔ Excluded: info@jobcurator.in
2026-05-21 10:09:34  DEBUG     ⛔ Excluded: info@jobcurator.in
2026-05-21 10:09:34  INFO      Unique emails found: 51  |  Excluded (domain/email filter): 44
2026-05-21 10:09:34  INFO      Already sent (all time): 810  |  New to send today: 37
2026-05-21 10:09:34  INFO      🚀 Starting send: 37 emails | Batch size: 40 | Max/hour: 55
2026-05-21 10:09:35  INFO      ✅ SMTP connected
2026-05-21 10:09:38  INFO      ✔ [1/37] Sent → abdularbab@visyscloudtech.com
2026-05-21 10:09:45  INFO      ✔ [2/37] Sent → ashok.tanneru@prtechsystems.com
2026-05-21 10:09:54  INFO      ✔ [3/37] Sent → bisht.nisha@net2source.co.in
2026-05-21 10:10:01  INFO      ✔ [4/37] Sent → brajesh@delbangindia.com
2026-05-21 10:10:10  INFO      ✔ [5/37] Sent → careers@bentolabs.io
2026-05-21 10:10:18  INFO      ✔ [6/37] Sent → devyani.recuriter.iclivia@gmail.com
2026-05-21 10:10:27  INFO      ✔ [7/37] Sent → divya@skyonn.com
2026-05-21 10:10:33  INFO      ✔ [8/37] Sent → ghanshyam_shinde@epam.com
2026-05-21 10:10:41  INFO      ✔ [9/37] Sent → gousiya.mohammad@quest-global.com
2026-05-21 10:10:47  INFO      ✔ [10/37] Sent → harsh@theintect.com
2026-05-21 10:10:53  INFO      ✔ [11/37] Sent → hr.reshma@resident360app.com
2026-05-21 10:11:01  INFO      ✔ [12/37] Sent → hr@fontestech.com
2026-05-21 10:11:08  INFO      ✔ [13/37] Sent → info2@worktechnologies.co.in
2026-05-21 10:11:17  INFO      ✔ [14/37] Sent → info@fusionfoundry.com
2026-05-21 10:11:26  INFO      ✔ [15/37] Sent → isha.d@bwbsol.com
2026-05-21 10:11:32  INFO      ✔ [16/37] Sent → krishnan@meedenlabs.com
2026-05-21 10:11:41  INFO      ✔ [17/37] Sent → kritikajoshi.epochfolio@gmail.com
2026-05-21 10:11:41  DEBUG     Domain burst pause (gmail.com): 29.9s
2026-05-21 10:12:17  INFO      ✔ [18/37] Sent → laboni.bhowmik@jnettechnologies.com
2026-05-21 10:12:24  INFO      ✔ [19/37] Sent → nancy.epochfolio@gmail.com
2026-05-21 10:12:32  INFO      ✔ [20/37] Sent → narasappa@meedenlabs.com
2026-05-21 10:12:32  DEBUG     Domain burst pause (meedenlabs.com): 29.1s
2026-05-21 10:13:10  INFO      ✔ [21/37] Sent → pavani.m@palni.com
2026-05-21 10:13:19  INFO      ✔ [22/37] Sent → pragati@excelgens.com
2026-05-21 10:13:27  INFO      ✔ [23/37] Sent → praveen@raad7.com
2026-05-21 10:13:35  INFO      ✔ [24/37] Sent → ranjana@raad7.com
2026-05-21 10:13:35  DEBUG     Domain burst pause (raad7.com): 20.3s
2026-05-21 10:14:04  INFO      ✔ [25/37] Sent → recruiter@prodigyhrm.com
2026-05-21 10:14:11  INFO      ✔ [26/37] Sent → rohinikamma46@gmail.com
2026-05-21 10:14:11  DEBUG     Domain burst pause (gmail.com): 16.1s
2026-05-21 10:14:34  INFO      ✔ [27/37] Sent → sameena.shaik@visyscloudtech.com
2026-05-21 10:14:34  DEBUG     Domain burst pause (visyscloudtech.com): 18.7s
2026-05-21 10:15:01  INFO      ✔ [28/37] Sent → sharmilamuralitharan52@gmail.com
2026-05-21 10:15:10  INFO      ✔ [29/37] Sent → smichael@rfgen.com
2026-05-21 10:15:19  INFO      ✔ [30/37] Sent → sreekanth@einsteiniumlabs.com
2026-05-21 10:15:27  INFO      ✔ [31/37] Sent → sruthee@uniquehire.com
2026-05-21 10:15:34  INFO      ✔ [32/37] Sent → ssai@encore-c.com
2026-05-21 10:15:43  INFO      ✔ [33/37] Sent → sumanthprvthl@gmail.com
2026-05-21 10:15:43  DEBUG     Domain burst pause (gmail.com): 29.3s
2026-05-21 10:16:18  INFO      ✔ [34/37] Sent → sushma.v@technogenindia.com
2026-05-21 10:16:25  INFO      ✔ [35/37] Sent → talent@josusoft.com
2026-05-21 10:16:35  INFO      ✔ [36/37] Sent → varsha@raad7.com
2026-05-21 10:16:42  INFO      ✔ [37/37] Sent → veladi.harshini@cielhr.com
2026-05-21 10:16:46  INFO      🎉 Done — 37/37 emails sent today.
2026-05-21 10:16:46  INFO      📊 Total sent all time: 847
2026-05-21 10:16:46  INFO      All emails sent. Deleting source PDF(s)…
2026-05-21 10:16:46  INFO      🗑  Deleted PDF: Hyderabad (40).pdf
2026-05-22 10:46:02  INFO      📅 Daily cap: 250 | Sent today: 0 | Remaining: 250
2026-05-22 10:46:02  INFO      ⛔ Excluded domains (27): bonami.in, cgi.com, cognizant.com, dotpe.in, dronamaps.com, earthclock.in, embglobal.com, grappus.com, herovired.com, hudle.in, idreamcareer.com, infosys.com, legistify.com, locofast.com, ongrid.in, primathon.in, pushowl.com, questt.com, raftlabs.co, rayosys.com, scuderia.in, sparkeighteen.com, squareboat.com, squareops.com, tradingwithvivek.com, venturasecurities.com, wizzybox.com
2026-05-22 10:46:02  INFO      Reading PDF: NCR_Noida_Delhi_Gurgaon (55).pdf
2026-05-22 10:46:03  DEBUG     ⛔ Excluded: info@jobcurator.in
2026-05-22 10:46:03  DEBUG     ⛔ Excluded: info@jobcurator.in
2026-05-22 10:46:03  DEBUG     ⛔ Excluded: info@jobcurator.in
2026-05-22 10:46:03  DEBUG     ⛔ Excluded: info@jobcurator.in
2026-05-22 10:46:03  DEBUG     ⛔ Excluded: info@jobcurator.in
2026-05-22 10:46:03  DEBUG     ⛔ Excluded: info@jobcurator.in
2026-05-22 10:46:03  DEBUG     ⛔ Excluded: info@jobcurator.in
2026-05-22 10:46:03  DEBUG     ⛔ Excluded: info@jobcurator.in
2026-05-22 10:46:04  DEBUG     ⛔ Excluded: info@jobcurator.in
2026-05-22 10:46:04  DEBUG     ⛔ Excluded: info@jobcurator.in
2026-05-22 10:46:04  DEBUG     ⛔ Excluded: info@jobcurator.in
2026-05-22 10:46:04  DEBUG     ⛔ Excluded: info@jobcurator.in
2026-05-22 10:46:04  DEBUG     ⛔ Excluded: info@jobcurator.in
2026-05-22 10:46:04  DEBUG     ⛔ Excluded: info@jobcurator.in
2026-05-22 10:46:04  DEBUG     ⛔ Excluded: info@jobcurator.in
2026-05-22 10:46:04  DEBUG     ⛔ Excluded: info@jobcurator.in
2026-05-22 10:46:04  DEBUG     ⛔ Excluded: info@jobcurator.in
2026-05-22 10:46:04  DEBUG     ⛔ Excluded: info@jobcurator.in
2026-05-22 10:46:04  DEBUG     ⛔ Excluded: info@jobcurator.in
2026-05-22 10:46:05  DEBUG     ⛔ Excluded: info@jobcurator.in
2026-05-22 10:46:05  DEBUG     ⛔ Excluded: info@jobcurator.in
2026-05-22 10:46:05  DEBUG     ⛔ Excluded: info@jobcurator.in
2026-05-22 10:46:05  DEBUG     ⛔ Excluded: info@jobcurator.in
2026-05-22 10:46:05  DEBUG     ⛔ Excluded: info@jobcurator.in
2026-05-22 10:46:05  DEBUG     ⛔ Excluded: info@jobcurator.in
2026-05-22 10:46:05  DEBUG     ⛔ Excluded: info@jobcurator.in
2026-05-22 10:46:05  INFO      Unique emails found: 38  |  Excluded (domain/email filter): 26
2026-05-22 10:46:05  INFO      Already sent (all time): 847  |  New to send today: 36
2026-05-22 10:46:05  INFO      🚀 Starting send: 36 emails | Batch size: 40 | Max/hour: 55
2026-05-22 10:46:06  INFO      ✅ SMTP connected
2026-05-22 10:46:09  INFO      ✔ [1/36] Sent → ambika.mohanty1@brillio.com
2026-05-22 10:46:18  INFO      ✔ [2/36] Sent → anusha.bilchod@vncservices.in
2026-05-22 10:46:26  INFO      ✔ [3/36] Sent → balkrishn.talentoj@gmail.com
2026-05-22 10:46:34  INFO      ✔ [4/36] Sent → careers@inmorphis.com
2026-05-22 10:46:41  INFO      ✔ [5/36] Sent → chandanac@unifytech.com
2026-05-22 10:46:47  INFO      ✔ [6/36] Sent → gayathri.m@eniacsys.com
2026-05-22 10:46:54  INFO      ✔ [7/36] Sent → hr.surbhi@starclinch.com
2026-05-22 10:47:02  INFO      ✔ [8/36] Sent → hr@ambria.in
2026-05-22 10:47:10  INFO      ✔ [9/36] Sent → hr@wittybrains.com
2026-05-22 10:47:19  INFO      ✔ [10/36] Sent → isha@code1.dev
2026-05-22 10:47:28  INFO      ✔ [11/36] Sent → ksharma@harmonydi.com
2026-05-22 10:47:37  INFO      ✔ [12/36] Sent → kumar.unnati@cloudstakes.com
2026-05-22 10:47:46  INFO      ✔ [13/36] Sent → lalita@talentoj.com
2026-05-22 10:47:53  INFO      ✔ [14/36] Sent → mahima.tripathi@uharvest.in
2026-05-22 10:48:03  INFO      ✔ [15/36] Sent → maneesha@vintellic.com
2026-05-22 10:48:11  INFO      ✔ [16/36] Sent → nandita.naithani@thriwe.com
2026-05-22 10:48:19  INFO      ✔ [17/36] Sent → nisha.sharma@ciphersquare.tech
2026-05-22 10:48:28  INFO      ✔ [18/36] Sent → palak.jain@thoughts2binary.com
2026-05-22 10:48:34  INFO      ✔ [19/36] Sent → pankajkamboj11@gmail.com
2026-05-22 10:48:34  DEBUG     Domain burst pause (gmail.com): 28.1s
2026-05-22 10:49:12  INFO      ✔ [20/36] Sent → payal.verma@opkey.com
2026-05-22 10:49:22  INFO      ✔ [21/36] Sent → pooja.joshi1@programming.com
2026-05-22 10:49:31  INFO      ✔ [22/36] Sent → pragya.dwivedi@quesscorp.com
2026-05-22 10:49:39  INFO      ✔ [23/36] Sent → preetha.m@smartitframe.com
2026-05-22 10:49:49  INFO      ✔ [24/36] Sent → prudhvi.launchio@gmail.com
2026-05-22 10:49:57  INFO      ✔ [25/36] Sent → reshma.shaik@creativets.in
2026-05-22 10:50:05  INFO      ✔ [26/36] Sent → rushikesh.pawar@3scsolution.com
2026-05-22 10:50:13  INFO      ✔ [27/36] Sent → sahil.dhuran@cocrewconsulting.com
2026-05-22 10:50:21  INFO      ✔ [28/36] Sent → salomi.gadhiya@cloudstakes.com
2026-05-22 10:50:21  DEBUG     Domain burst pause (cloudstakes.com): 25.7s
2026-05-22 10:50:53  INFO      ✔ [29/36] Sent → sanskriti.jay@tapsoft.in
2026-05-22 10:51:03  INFO      ✔ [30/36] Sent → saritasingh.bharti@paypay-corp.co.jp
2026-05-22 10:51:13  INFO      ✔ [31/36] Sent → sasthana@helm360.com
2026-05-22 10:51:21  INFO      ✔ [32/36] Sent → soumya.sapra@ocubeservices.com
2026-05-22 10:51:27  INFO      ✔ [33/36] Sent → sreekanth@gmail.com
2026-05-22 10:51:27  DEBUG     Domain burst pause (gmail.com): 20.4s
2026-05-22 10:51:54  INFO      ✔ [34/36] Sent → surabhi.shah@deliverit.net.in
2026-05-22 10:52:01  INFO      ✔ [35/36] Sent → tushar.rajput@quesscorp.com
2026-05-22 10:52:01  DEBUG     Domain burst pause (quesscorp.com): 22.9s
2026-05-22 10:52:31  INFO      ✔ [36/36] Sent → uma.sharma@centricconsulting.com
2026-05-22 10:52:35  INFO      🎉 Done — 36/36 emails sent today.
2026-05-22 10:52:35  INFO      📊 Total sent all time: 883
2026-05-22 10:52:35  INFO      All emails sent. Deleting source PDF(s)…
2026-05-22 10:52:35  INFO      🗑  Deleted PDF: NCR_Noida_Delhi_Gurgaon (55).pdf
2026-05-22 10:55:55  INFO      📅 Daily cap: 250 | Sent today: 36 | Remaining: 214
2026-05-22 10:55:55  INFO      ⛔ Excluded domains (27): bonami.in, cgi.com, cognizant.com, dotpe.in, dronamaps.com, earthclock.in, embglobal.com, grappus.com, herovired.com, hudle.in, idreamcareer.com, infosys.com, legistify.com, locofast.com, ongrid.in, primathon.in, pushowl.com, questt.com, raftlabs.co, rayosys.com, scuderia.in, sparkeighteen.com, squareboat.com, squareops.com, tradingwithvivek.com, venturasecurities.com, wizzybox.com
2026-05-22 10:55:55  INFO      Reading PDF: Hyderabad (40).pdf
2026-05-22 10:55:56  DEBUG     ⛔ Excluded: info@jobcurator.in
2026-05-22 10:55:56  DEBUG     ⛔ Excluded: info@jobcurator.in
2026-05-22 10:55:56  DEBUG     ⛔ Excluded: info@jobcurator.in
2026-05-22 10:55:56  DEBUG     ⛔ Excluded: info@jobcurator.in
2026-05-22 10:55:56  DEBUG     ⛔ Excluded: info@jobcurator.in
2026-05-22 10:55:56  DEBUG     ⛔ Excluded: info@jobcurator.in
2026-05-22 10:55:56  DEBUG     ⛔ Excluded: info@jobcurator.in
2026-05-22 10:55:56  DEBUG     ⛔ Excluded: info@jobcurator.in
2026-05-22 10:55:56  DEBUG     ⛔ Excluded: info@jobcurator.in
2026-05-22 10:55:56  DEBUG     ⛔ Excluded: info@jobcurator.in
2026-05-22 10:55:56  DEBUG     ⛔ Excluded: info@jobcurator.in
2026-05-22 10:55:57  DEBUG     ⛔ Excluded: info@jobcurator.in
2026-05-22 10:55:57  DEBUG     ⛔ Excluded: info@jobcurator.in
2026-05-22 10:55:57  DEBUG     ⛔ Excluded: info@jobcurator.in
2026-05-22 10:55:57  DEBUG     ⛔ Excluded: info@jobcurator.in
2026-05-22 10:55:57  DEBUG     ⛔ Excluded: info@jobcurator.in
2026-05-22 10:55:58  DEBUG     ⛔ Excluded: info@jobcurator.in
2026-05-22 10:55:58  DEBUG     ⛔ Excluded: info@jobcurator.in
2026-05-22 10:55:58  DEBUG     ⛔ Excluded: info@jobcurator.in
2026-05-22 10:55:58  DEBUG     ⛔ Excluded: info@jobcurator.in
2026-05-22 10:55:58  DEBUG     ⛔ Excluded: info@jobcurator.in
2026-05-22 10:55:58  DEBUG     ⛔ Excluded: info@jobcurator.in
2026-05-22 10:55:59  DEBUG     ⛔ Excluded: info@jobcurator.in
2026-05-22 10:55:59  DEBUG     ⛔ Excluded: info@jobcurator.in
2026-05-22 10:55:59  DEBUG     ⛔ Excluded: info@jobcurator.in
2026-05-22 10:55:59  DEBUG     ⛔ Excluded: info@jobcurator.in
2026-05-22 10:55:59  DEBUG     ⛔ Excluded: info@jobcurator.in
2026-05-22 10:55:59  DEBUG     ⛔ Excluded: info@jobcurator.in
2026-05-22 10:55:59  DEBUG     ⛔ Excluded: info@jobcurator.in
2026-05-22 10:55:59  DEBUG     ⛔ Excluded: info@jobcurator.in
2026-05-22 10:55:59  DEBUG     ⛔ Excluded: info@jobcurator.in
2026-05-22 10:55:59  DEBUG     ⛔ Excluded: info@jobcurator.in
2026-05-22 10:55:59  DEBUG     ⛔ Excluded: info@jobcurator.in
2026-05-22 10:55:59  DEBUG     ⛔ Excluded: info@jobcurator.in
2026-05-22 10:56:00  DEBUG     ⛔ Excluded: info@jobcurator.in
2026-05-22 10:56:00  DEBUG     ⛔ Excluded: info@jobcurator.in
2026-05-22 10:56:00  DEBUG     ⛔ Excluded: info@jobcurator.in
2026-05-22 10:56:00  DEBUG     ⛔ Excluded: info@jobcurator.in
2026-05-22 10:56:00  DEBUG     ⛔ Excluded: info@jobcurator.in
2026-05-22 10:56:00  DEBUG     ⛔ Excluded: info@jobcurator.in
2026-05-22 10:56:00  INFO      Unique emails found: 56  |  Excluded (domain/email filter): 40
2026-05-22 10:56:00  INFO      Already sent (all time): 883  |  New to send today: 45
2026-05-22 10:56:00  INFO      🚀 Starting send: 45 emails | Batch size: 40 | Max/hour: 55
2026-05-22 10:56:01  INFO      ✅ SMTP connected
2026-05-22 10:56:05  INFO      ✔ [1/45] Sent → aditi.s@techmantraglobal.com
2026-05-22 10:56:11  INFO      ✔ [2/45] Sent → akanksha.m@strykki.com
2026-05-22 10:56:19  INFO      ✔ [3/45] Sent → alekhya@uniquehire.com
2026-05-22 10:56:26  INFO      ✔ [4/45] Sent → ashwinkumar_pt@epam.com
2026-05-22 10:56:33  INFO      ✔ [5/45] Sent → career@strive4x.net
2026-05-22 10:56:39  INFO      ✔ [6/45] Sent → chennaiah.talapati@infogine.com
2026-05-22 10:56:47  INFO      ✔ [7/45] Sent → contact@elenadigital.com
2026-05-22 10:56:56  INFO      ✔ [8/45] Sent → deepika.appzime@gmail.com
2026-05-22 10:57:05  INFO      ✔ [9/45] Sent → divya.k@suremindsco.in
2026-05-22 10:57:12  INFO      ✔ [10/45] Sent → harika.pattapu@dprsolutionsinc.com
2026-05-22 10:57:21  INFO      ✔ [11/45] Sent → hr@syslatech.com
2026-05-22 10:57:29  INFO      ✔ [12/45] Sent → infogineabhi06@gmail.com
2026-05-22 10:57:29  DEBUG     Domain burst pause (gmail.com): 27.0s
2026-05-22 10:58:04  INFO      ✔ [13/45] Sent → janani@proconnxt.com
2026-05-22 10:58:11  INFO      ✔ [14/45] Sent → jayanti@spruceinfotech.com
2026-05-22 10:58:17  INFO      ✔ [15/45] Sent → jayashree@proconnxt.com
2026-05-22 10:58:17  DEBUG     Domain burst pause (proconnxt.com): 22.4s
2026-05-22 10:58:45  INFO      ✔ [16/45] Sent → jyoti@bhavyansh.net
2026-05-22 10:58:53  INFO      ✔ [17/45] Sent → kiran@burgeonits.com
2026-05-22 10:59:02  INFO      ✔ [18/45] Sent → ksynthia@anchovies.in
2026-05-22 10:59:11  INFO      ✔ [19/45] Sent → kwrec09@kingswellit.com
2026-05-22 10:59:17  INFO      ✔ [20/45] Sent → lavanya.m@cortexconsultants.com
2026-05-22 10:59:24  INFO      ✔ [21/45] Sent → manjula_jakkula@epam.com
2026-05-22 10:59:24  DEBUG     Domain burst pause (epam.com): 28.8s
2026-05-22 11:00:00  INFO      ✔ [22/45] Sent → neha.hirwani@yash.com
2026-05-22 11:00:10  INFO      ✔ [23/45] Sent → nitisa@prontoconsulting.in
2026-05-22 11:00:17  INFO      ✔ [24/45] Sent → prachi@strykki.com
2026-05-22 11:00:17  DEBUG     Domain burst pause (strykki.com): 28.9s
2026-05-22 11:00:55  INFO      ✔ [25/45] Sent → prakash.punj@pamsha.com
2026-05-22 11:01:03  INFO      ✔ [26/45] Sent → praveen.b@3itechglobal.com
2026-05-22 11:01:10  INFO      ✔ [27/45] Sent → preeti@varnamalatechnologies.com
2026-05-22 11:01:16  INFO      ✔ [28/45] Sent → priya@vergilindia.com
2026-05-22 11:01:24  INFO      ✔ [29/45] Sent → rajender.malyala@exazeit.com
2026-05-22 11:01:30  INFO      ✔ [30/45] Sent → rashi.shukla@dataplatformexperts.com
2026-05-22 11:01:39  INFO      ✔ [31/45] Sent → reshma.s@nityo.com
2026-05-22 11:01:45  INFO      ✔ [32/45] Sent → rohan.salokhe@eglobalhrsolutions.com
2026-05-22 11:01:52  INFO      ✔ [33/45] Sent → sahanajconvictionhr@gmail.com
2026-05-22 11:02:01  INFO      ✔ [34/45] Sent → saikumar.anumula@webpipl.com
2026-05-22 11:02:08  INFO      ✔ [35/45] Sent → satish.gorityala@solugenix.com
2026-05-22 11:02:16  INFO      ✔ [36/45] Sent → sbajpai@deqode.com
2026-05-22 11:02:25  INFO      ✔ [37/45] Sent → shivam.s@kanandcorp.com
2026-05-22 11:02:34  INFO      ✔ [38/45] Sent → singh.soumya@net2source.co.in
2026-05-22 11:02:41  INFO      ✔ [39/45] Sent → skr@sanathanaars.com
2026-05-22 11:02:51  INFO      ✔ [40/45] Sent → sneha@coventine.com
2026-05-22 11:02:56  INFO      ☕ Batch 1/2 complete (40 sent). Session break: 11 minutes…
2026-05-22 11:07:57  INFO      ⏰ Resuming in 6 minutes…
2026-05-22 11:12:57  INFO      ⏰ Resuming in 1 minutes…
2026-05-22 11:14:17  INFO      ✅ SMTP connected
2026-05-22 11:14:20  INFO      ✔ [41/45] Sent → sowmya.kasarla@sparity.com
2026-05-22 11:14:27  INFO      ✔ [42/45] Sent → sravanthi@infinity-arc.com
2026-05-22 11:14:34  INFO      ✔ [43/45] Sent → suvitha.g@cortexconsultants.com
2026-05-22 11:14:34  DEBUG     Domain burst pause (cortexconsultants.com): 20.9s
2026-05-22 11:15:04  INFO      ✔ [44/45] Sent → tejaswini.r@eniacsys.com
2026-05-22 11:15:12  INFO      ✔ [45/45] Sent → vikram.p@synergycom.com
2026-05-22 11:15:16  INFO      🎉 Done — 45/45 emails sent today.
2026-05-22 11:15:16  INFO      📊 Total sent all time: 928
2026-05-22 11:15:16  INFO      All emails sent. Deleting source PDF(s)…
2026-05-22 11:15:16  INFO      🗑  Deleted PDF: Hyderabad (40).pdf
2026-05-25 10:09:06  INFO      📅 Daily cap: 250 | Sent today: 0 | Remaining: 250
2026-05-25 10:09:06  INFO      ⛔ Excluded domains (27): bonami.in, cgi.com, cognizant.com, dotpe.in, dronamaps.com, earthclock.in, embglobal.com, grappus.com, herovired.com, hudle.in, idreamcareer.com, infosys.com, legistify.com, locofast.com, ongrid.in, primathon.in, pushowl.com, questt.com, raftlabs.co, rayosys.com, scuderia.in, sparkeighteen.com, squareboat.com, squareops.com, tradingwithvivek.com, venturasecurities.com, wizzybox.com
2026-05-25 10:09:06  INFO      Reading PDF: NCR_Noida_Delhi_Gurgaon (84).pdf
2026-05-25 10:09:06  DEBUG     ⛔ Excluded: info@jobcurator.in
2026-05-25 10:09:06  DEBUG     ⛔ Excluded: info@jobcurator.in
2026-05-25 10:09:06  DEBUG     ⛔ Excluded: info@jobcurator.in
2026-05-25 10:09:06  DEBUG     ⛔ Excluded: info@jobcurator.in
2026-05-25 10:09:07  DEBUG     ⛔ Excluded: info@jobcurator.in
2026-05-25 10:09:07  DEBUG     ⛔ Excluded: info@jobcurator.in
2026-05-25 10:09:07  DEBUG     ⛔ Excluded: info@jobcurator.in
2026-05-25 10:09:07  DEBUG     ⛔ Excluded: info@jobcurator.in
2026-05-25 10:09:07  DEBUG     ⛔ Excluded: info@jobcurator.in
2026-05-25 10:09:07  DEBUG     ⛔ Excluded: info@jobcurator.in
2026-05-25 10:09:07  DEBUG     ⛔ Excluded: info@jobcurator.in
2026-05-25 10:09:07  DEBUG     ⛔ Excluded: info@jobcurator.in
2026-05-25 10:09:07  DEBUG     ⛔ Excluded: info@jobcurator.in
2026-05-25 10:09:07  DEBUG     ⛔ Excluded: info@jobcurator.in
2026-05-25 10:09:07  DEBUG     ⛔ Excluded: info@jobcurator.in
2026-05-25 10:09:07  DEBUG     ⛔ Excluded: info@jobcurator.in
2026-05-25 10:09:07  DEBUG     ⛔ Excluded: info@jobcurator.in
2026-05-25 10:09:07  DEBUG     ⛔ Excluded: info@jobcurator.in
2026-05-25 10:09:07  DEBUG     ⛔ Excluded: sherly.seedarla@rayosys.com
2026-05-25 10:09:07  DEBUG     ⛔ Excluded: info@jobcurator.in
2026-05-25 10:09:07  DEBUG     ⛔ Excluded: info@jobcurator.in
2026-05-25 10:09:08  DEBUG     ⛔ Excluded: info@jobcurator.in
2026-05-25 10:09:08  DEBUG     ⛔ Excluded: info@jobcurator.in
2026-05-25 10:09:08  DEBUG     ⛔ Excluded: info@jobcurator.in
2026-05-25 10:09:08  DEBUG     ⛔ Excluded: info@jobcurator.in
2026-05-25 10:09:08  DEBUG     ⛔ Excluded: info@jobcurator.in
2026-05-25 10:09:08  INFO      Unique emails found: 35  |  Excluded (domain/email filter): 26
2026-05-25 10:09:08  INFO      Already sent (all time): 928  |  New to send today: 29
2026-05-25 10:09:08  INFO      🚀 Starting send: 29 emails | Batch size: 40 | Max/hour: 55
2026-05-25 10:09:09  INFO      ✅ SMTP connected
2026-05-25 10:09:13  INFO      ✔ [1/29] Sent → arushi@livekeeping.com
2026-05-25 10:09:20  INFO      ✔ [2/29] Sent → avani@ziventra.com
2026-05-25 10:09:28  INFO      ✔ [3/29] Sent → bhagyashri@ziventra.com
2026-05-25 10:09:28  DEBUG     Domain burst pause (ziventra.com): 28.8s
2026-05-25 10:10:05  INFO      ✔ [4/29] Sent → bhawna.talentoj@gmail.com
2026-05-25 10:10:13  INFO      ✔ [5/29] Sent → bhuvaneswarir@maveric-systems.com
2026-05-25 10:10:23  INFO      ✔ [6/29] Sent → careers@gaallasoft.com
2026-05-25 10:10:32  INFO      ✔ [7/29] Sent → cbrijwasi@eteaminc.com
2026-05-25 10:10:39  INFO      ✔ [8/29] Sent → dishita.chaturvedi@sunwoda.com
2026-05-25 10:10:47  INFO      ✔ [9/29] Sent → gowri.prasanna@qapitol.com
2026-05-25 10:10:54  INFO      ✔ [10/29] Sent → himani@metadesignsolutions.com
2026-05-25 10:11:00  INFO      ✔ [11/29] Sent → hr@febi.ai
2026-05-25 10:11:08  INFO      ✔ [12/29] Sent → hr@snailintegral.com
2026-05-25 10:11:16  INFO      ✔ [13/29] Sent → monti.upadhyay@conceptshr.net
2026-05-25 10:11:25  INFO      ✔ [14/29] Sent → nmarkandan@tundratechnical.com
2026-05-25 10:11:33  INFO      ✔ [15/29] Sent → nupur@jigsawinc.in
2026-05-25 10:11:41  INFO      ✔ [16/29] Sent → paragi@ziventra.com
2026-05-25 10:11:49  INFO      ✔ [17/29] Sent → pooja.singh4@exlservice.com
2026-05-25 10:11:58  INFO      ✔ [18/29] Sent → priya.chauhan@devlabstechnology.com
2026-05-25 10:12:04  INFO      ✔ [19/29] Sent → sakina@technology-next.com
2026-05-25 10:12:11  INFO      ✔ [20/29] Sent → saloni.gond@vlinkinfo.com
2026-05-25 10:12:20  INFO      ✔ [21/29] Sent → shreya.joshi@flairdeck.com
2026-05-25 10:12:30  INFO      ✔ [22/29] Sent → shreya.rani@questhiring.com
2026-05-25 10:12:38  INFO      ✔ [23/29] Sent → snailintegral@gmail.com
2026-05-25 10:12:38  DEBUG     Domain burst pause (gmail.com): 23.6s
2026-05-25 10:13:09  INFO      ✔ [24/29] Sent → suganya@prophecytechs.com
2026-05-25 10:13:16  INFO      ✔ [25/29] Sent → suzali@deloitte.com
2026-05-25 10:13:22  INFO      ✔ [26/29] Sent → tamnna@ziventra.com
2026-05-25 10:13:22  DEBUG     Domain burst pause (ziventra.com): 21.8s
2026-05-25 10:13:50  INFO      ✔ [27/29] Sent → umang.jugran@vlinkinfo.com
2026-05-25 10:13:50  DEBUG     Domain burst pause (vlinkinfo.com): 25.0s
2026-05-25 10:14:23  INFO      ✔ [28/29] Sent → vaishnavi.kesharwani@vlinkinfo.com
2026-05-25 10:14:31  INFO      ✔ [29/29] Sent → vimlendra.ads247@gmail.com
2026-05-25 10:14:35  INFO      🎉 Done — 29/29 emails sent today.
2026-05-25 10:14:35  INFO      📊 Total sent all time: 957
2026-05-25 10:14:35  INFO      All emails sent. Deleting source PDF(s)…
2026-05-25 10:14:35  INFO      🗑  Deleted PDF: NCR_Noida_Delhi_Gurgaon (84).pdf
2026-05-25 10:19:14  INFO      📅 Daily cap: 250 | Sent today: 29 | Remaining: 221
2026-05-25 10:19:14  INFO      ⛔ Excluded domains (27): bonami.in, cgi.com, cognizant.com, dotpe.in, dronamaps.com, earthclock.in, embglobal.com, grappus.com, herovired.com, hudle.in, idreamcareer.com, infosys.com, legistify.com, locofast.com, ongrid.in, primathon.in, pushowl.com, questt.com, raftlabs.co, rayosys.com, scuderia.in, sparkeighteen.com, squareboat.com, squareops.com, tradingwithvivek.com, venturasecurities.com, wizzybox.com
2026-05-25 10:19:14  INFO      Reading PDF: PythonProject11
2026-05-25 10:19:22  INFO      📅 Daily cap: 250 | Sent today: 29 | Remaining: 221
2026-05-25 10:19:22  INFO      ⛔ Excluded domains (27): bonami.in, cgi.com, cognizant.com, dotpe.in, dronamaps.com, earthclock.in, embglobal.com, grappus.com, herovired.com, hudle.in, idreamcareer.com, infosys.com, legistify.com, locofast.com, ongrid.in, primathon.in, pushowl.com, questt.com, raftlabs.co, rayosys.com, scuderia.in, sparkeighteen.com, squareboat.com, squareops.com, tradingwithvivek.com, venturasecurities.com, wizzybox.com
2026-05-25 10:19:22  INFO      Reading PDF: Hyderabad (40).pdf
2026-05-25 10:19:22  DEBUG     ⛔ Excluded: info@jobcurator.in
2026-05-25 10:19:22  DEBUG     ⛔ Excluded: info@jobcurator.in
2026-05-25 10:19:22  DEBUG     ⛔ Excluded: info@jobcurator.in
2026-05-25 10:19:22  DEBUG     ⛔ Excluded: info@jobcurator.in
2026-05-25 10:19:22  DEBUG     ⛔ Excluded: info@jobcurator.in
2026-05-25 10:19:22  DEBUG     ⛔ Excluded: info@jobcurator.in
2026-05-25 10:19:23  DEBUG     ⛔ Excluded: info@jobcurator.in
2026-05-25 10:19:23  DEBUG     ⛔ Excluded: info@jobcurator.in
2026-05-25 10:19:23  DEBUG     ⛔ Excluded: info@jobcurator.in
2026-05-25 10:19:23  DEBUG     ⛔ Excluded: info@jobcurator.in
2026-05-25 10:19:23  DEBUG     ⛔ Excluded: info@jobcurator.in
2026-05-25 10:19:23  DEBUG     ⛔ Excluded: info@jobcurator.in
2026-05-25 10:19:23  DEBUG     ⛔ Excluded: info@jobcurator.in
2026-05-25 10:19:23  DEBUG     ⛔ Excluded: nupur_tyagi@infosys.com
2026-05-25 10:19:23  DEBUG     ⛔ Excluded: info@jobcurator.in
2026-05-25 10:19:23  DEBUG     ⛔ Excluded: info@jobcurator.in
2026-05-25 10:19:23  DEBUG     ⛔ Excluded: info@jobcurator.in
2026-05-25 10:19:23  DEBUG     ⛔ Excluded: info@jobcurator.in
2026-05-25 10:19:23  DEBUG     ⛔ Excluded: info@jobcurator.in
2026-05-25 10:19:23  DEBUG     ⛔ Excluded: info@jobcurator.in
2026-05-25 10:19:23  DEBUG     ⛔ Excluded: info@jobcurator.in
2026-05-25 10:19:23  DEBUG     ⛔ Excluded: info@jobcurator.in
2026-05-25 10:19:23  DEBUG     ⛔ Excluded: info@jobcurator.in
2026-05-25 10:19:23  DEBUG     ⛔ Excluded: info@jobcurator.in
2026-05-25 10:19:24  DEBUG     ⛔ Excluded: info@jobcurator.in
2026-05-25 10:19:24  DEBUG     ⛔ Excluded: info@jobcurator.in
2026-05-25 10:19:24  DEBUG     ⛔ Excluded: info@jobcurator.in
2026-05-25 10:19:24  DEBUG     ⛔ Excluded: info@jobcurator.in
2026-05-25 10:19:24  DEBUG     ⛔ Excluded: info@jobcurator.in
2026-05-25 10:19:24  DEBUG     ⛔ Excluded: info@jobcurator.in
2026-05-25 10:19:24  DEBUG     ⛔ Excluded: info@jobcurator.in
2026-05-25 10:19:24  DEBUG     ⛔ Excluded: info@jobcurator.in
2026-05-25 10:19:24  DEBUG     ⛔ Excluded: info@jobcurator.in
2026-05-25 10:19:24  DEBUG     ⛔ Excluded: info@jobcurator.in
2026-05-25 10:19:24  DEBUG     ⛔ Excluded: info@jobcurator.in
2026-05-25 10:19:24  DEBUG     ⛔ Excluded: info@jobcurator.in
2026-05-25 10:19:24  DEBUG     ⛔ Excluded: info@jobcurator.in
2026-05-25 10:19:24  DEBUG     ⛔ Excluded: info@jobcurator.in
2026-05-25 10:19:24  DEBUG     ⛔ Excluded: info@jobcurator.in
2026-05-25 10:19:24  DEBUG     ⛔ Excluded: info@jobcurator.in
2026-05-25 10:19:24  DEBUG     ⛔ Excluded: info@jobcurator.in
2026-05-25 10:19:24  DEBUG     ⛔ Excluded: info@jobcurator.in
2026-05-25 10:19:25  DEBUG     ⛔ Excluded: info@jobcurator.in
2026-05-25 10:19:25  DEBUG     ⛔ Excluded: info@jobcurator.in
2026-05-25 10:19:25  DEBUG     ⛔ Excluded: info@jobcurator.in
2026-05-25 10:19:25  DEBUG     ⛔ Excluded: info@jobcurator.in
2026-05-25 10:19:25  DEBUG     ⛔ Excluded: info@jobcurator.in
2026-05-25 10:19:25  DEBUG     ⛔ Excluded: info@jobcurator.in
2026-05-25 10:19:25  INFO      Unique emails found: 74  |  Excluded (domain/email filter): 48
2026-05-25 10:19:25  INFO      Already sent (all time): 957  |  New to send today: 58
2026-05-25 10:19:25  INFO      🚀 Starting send: 58 emails | Batch size: 40 | Max/hour: 55
2026-05-25 10:19:26  INFO      ✅ SMTP connected
2026-05-25 10:19:30  INFO      ✔ [1/58] Sent → 513rajitha@gmail.com
2026-05-25 10:19:37  INFO      ✔ [2/58] Sent → abhishek.goswami@thedigitalloom.com
2026-05-25 10:19:49  INFO      ✔ [3/58] Sent → ajithkumar.n@alchemytechol.com
2026-05-25 10:19:58  INFO      ✔ [4/58] Sent → ajithkumar.n@alchemytechsol.com
2026-05-25 10:20:06  INFO      ✔ [5/58] Sent → amrut@quantumcentric.ai
2026-05-25 10:20:16  INFO      ✔ [6/58] Sent → anushka.gupta@talentola.com
2026-05-25 10:20:23  INFO      ✔ [7/58] Sent → ashutosh.nayak@cozentus.com
2026-05-25 10:20:29  INFO      ✔ [8/58] Sent → biswarupa.dash@optimworks.com
2026-05-25 10:20:39  INFO      ✔ [9/58] Sent → burrewargeetashri@gmail.com
2026-05-25 10:20:39  DEBUG     Domain burst pause (gmail.com): 15.2s
2026-05-25 10:21:03  INFO      ✔ [10/58] Sent → careers@beessoftware.in
2026-05-25 10:21:11  INFO      ✔ [11/58] Sent → chandrakalar@nallas.com
2026-05-25 10:21:18  INFO      ✔ [12/58] Sent → deepika@worktechnologies.co.in
2026-05-25 10:21:25  INFO      ✔ [13/58] Sent → durgeshverma.india06@gmail.com
2026-05-25 10:21:32  INFO      ✔ [14/58] Sent → employee_referral@qualizeal.com
2026-05-25 10:21:40  INFO      ✔ [15/58] Sent → geetha@sinaraglobal.com
2026-05-25 10:21:46  INFO      ✔ [16/58] Sent → hemasundar.mannem@perficient.com
2026-05-25 10:21:55  INFO      ✔ [17/58] Sent → hiringtalentnova@outlook.com
2026-05-25 10:22:03  INFO      ✔ [18/58] Sent → hr@beessoftware.in
2026-05-25 10:22:03  DEBUG     Domain burst pause (beessoftware.in): 23.8s
2026-05-25 10:22:34  INFO      ✔ [19/58] Sent → hr@empover.com
2026-05-25 10:22:41  INFO      ✔ [20/58] Sent → hr@hypersoftindia.com
2026-05-25 10:22:49  INFO      ✔ [21/58] Sent → karthick.lara@gmail.com
2026-05-25 10:22:49  DEBUG     Domain burst pause (gmail.com): 29.0s
2026-05-25 10:23:26  INFO      ✔ [22/58] Sent → kiran.edakula@valuelabs.com
2026-05-25 10:23:32  INFO      ✔ [23/58] Sent → lincy@intellicsglobal.com
2026-05-25 10:23:42  INFO      ✔ [24/58] Sent → malinim282@gmail.com
2026-05-25 10:23:51  INFO      ✔ [25/58] Sent → nandakishore.m@caw.tech
2026-05-25 10:23:59  INFO      ✔ [26/58] Sent → nida.anjum@tagletconsulting.com
2026-05-25 10:24:05  INFO      ✔ [27/58] Sent → niharika.recruitment.arr@gmail.com
2026-05-25 10:24:05  DEBUG     Domain burst pause (gmail.com): 29.7s
2026-05-25 10:24:43  INFO      ✔ [28/58] Sent → nikhilas@mirafra.com
2026-05-25 10:24:50  INFO      ✔ [29/58] Sent → pavan.a@techno-facts.com
2026-05-25 10:24:59  INFO      ✔ [30/58] Sent → pradnya.bhalerao@programming.com
2026-05-25 10:25:11  INFO      ✔ [31/58] Sent → pratishtuti.mconvictionhr@gmail.com
2026-05-25 10:25:18  INFO      ✔ [32/58] Sent → radhika.nalawade@leanitcorp.com
2026-05-25 10:25:29  INFO      ✔ [33/58] Sent → raji.nowwin@gmail.com
2026-05-25 10:25:29  DEBUG     Domain burst pause (gmail.com): 20.4s
2026-05-25 10:25:58  INFO      ✔ [34/58] Sent → ramesh@edutechsuvidha.com
2026-05-25 10:26:05  INFO      ✔ [35/58] Sent → rameshb@eclatprime.com
2026-05-25 10:26:14  INFO      ✔ [36/58] Sent → ramya.k@3itechglobal.com
2026-05-25 10:26:20  INFO      ✔ [37/58] Sent → rashmi@livecjobs.com
2026-05-25 10:26:28  INFO      ✔ [38/58] Sent → renuka.p@talentbeacon.net
2026-05-25 10:26:36  INFO      ✔ [39/58] Sent → resource@edutechsuvidha.com
2026-05-25 10:26:36  DEBUG     Domain burst pause (edutechsuvidha.com): 25.9s
2026-05-25 10:27:14  INFO      ✔ [40/58] Sent → rohini.srivastava@saracasolutions.com
2026-05-25 10:27:17  INFO      ☕ Batch 1/2 complete (40 sent). Session break: 15 minutes…
2026-05-25 10:32:17  INFO      ⏰ Resuming in 10 minutes…
2026-05-25 10:37:17  INFO      ⏰ Resuming in 5 minutes…
2026-05-25 10:42:17  INFO      ⏰ Resuming in 0 minutes…
2026-05-25 10:42:26  INFO      ✅ SMTP connected
2026-05-25 10:42:29  INFO      ✔ [41/58] Sent → sai.n@eniacsys.com
2026-05-25 10:42:38  INFO      ✔ [42/58] Sent → saikrishna.b@techno-facts.com
2026-05-25 10:42:38  DEBUG     Domain burst pause (techno-facts.com): 25.7s
2026-05-25 10:43:11  INFO      ✔ [43/58] Sent → saikumar@macronix.in
2026-05-25 10:43:21  INFO      ✔ [44/58] Sent → sajjankanwar.hirex@gmail.com
2026-05-25 10:43:29  INFO      ✔ [45/58] Sent → sakshi.bhandari@ccobusinessconsulting.com
2026-05-25 10:43:39  INFO      ✔ [46/58] Sent → sameer.kumar@meridianit.com
2026-05-25 10:43:49  INFO      ✔ [47/58] Sent → sarath@psrtek.com
2026-05-25 10:43:58  INFO      ✔ [48/58] Sent → sayyad.imran@ikcontech.com
2026-05-25 10:44:05  INFO      ✔ [49/58] Sent → shreya@cayscorp.com
2026-05-25 10:44:13  INFO      ✔ [50/58] Sent → srashti.yadav@helixbeat.com
2026-05-25 10:44:19  INFO      ✔ [51/58] Sent → sujala@conveytechlabs.com
2026-05-25 10:44:29  INFO      ✔ [52/58] Sent → sukanaparthi@deloitte.com
2026-05-25 10:44:38  INFO      ✔ [53/58] Sent → swaraj@nilasu.com
2026-05-25 10:44:48  INFO      ✔ [54/58] Sent → swetha.g@people-prime.com
2026-05-25 10:44:54  INFO      ✔ [55/58] Sent → tsivaji@defteam.co
2026-05-25 10:45:00  INFO      ⏳ Hourly limit (55/hr) reached. Waiting 35 minutes…
2026-05-25 11:19:35  ERROR     ✘ SMTP error for vanitha.u@veehealthtek.com: (451, b'4.4.2 Timeout - closing connection.\n4.4.2  For more information, go to\n4.4.2  https://support.google.com/a/answer/3221692 d9443c01a7336-2beb5205f16sm83784705ad.0 - gsmtp', 'kanishkakohli4@gmail.com')
2026-05-25 11:19:40  WARNING   🔌 Server disconnected — reconnecting…
2026-05-25 11:19:42  INFO      ✅ SMTP connected
2026-05-25 11:19:45  INFO      ✔ [56/58] Sent (retry) → varunrathnam@vysystems.com
2026-05-25 11:19:54  INFO      ✔ [57/58] Sent → vidya@zenithcad.com
2026-05-25 11:19:59  INFO      🎉 Done — 57/58 emails sent today.
2026-05-25 11:19:59  INFO      📊 Total sent all time: 1014
2026-05-25 11:19:59  WARNING   Skipping PDF deletion — only 57/58 emails sent.
2026-05-26 09:56:13  INFO      📅 Daily cap: 250 | Sent today: 0 | Remaining: 250
2026-05-26 09:56:13  INFO      ⛔ Excluded domains (27): bonami.in, cgi.com, cognizant.com, dotpe.in, dronamaps.com, earthclock.in, embglobal.com, grappus.com, herovired.com, hudle.in, idreamcareer.com, infosys.com, legistify.com, locofast.com, ongrid.in, primathon.in, pushowl.com, questt.com, raftlabs.co, rayosys.com, scuderia.in, sparkeighteen.com, squareboat.com, squareops.com, tradingwithvivek.com, venturasecurities.com, wizzybox.com
2026-05-26 09:56:13  INFO      Reading PDF: NCR_Noida_Delhi_Gurgaon (84).pdf
2026-05-26 09:56:13  DEBUG     ⛔ Excluded: info@jobcurator.in
2026-05-26 09:56:13  DEBUG     ⛔ Excluded: info@jobcurator.in
2026-05-26 09:56:13  DEBUG     ⛔ Excluded: info@jobcurator.in
2026-05-26 09:56:13  DEBUG     ⛔ Excluded: info@jobcurator.in
2026-05-26 09:56:13  DEBUG     ⛔ Excluded: info@jobcurator.in
2026-05-26 09:56:13  DEBUG     ⛔ Excluded: info@jobcurator.in
2026-05-26 09:56:13  DEBUG     ⛔ Excluded: info@jobcurator.in
2026-05-26 09:56:13  DEBUG     ⛔ Excluded: info@jobcurator.in
2026-05-26 09:56:13  DEBUG     ⛔ Excluded: info@jobcurator.in
2026-05-26 09:56:13  DEBUG     ⛔ Excluded: info@jobcurator.in
2026-05-26 09:56:13  DEBUG     ⛔ Excluded: info@jobcurator.in
2026-05-26 09:56:14  DEBUG     ⛔ Excluded: info@jobcurator.in
2026-05-26 09:56:14  DEBUG     ⛔ Excluded: info@jobcurator.in
2026-05-26 09:56:14  DEBUG     ⛔ Excluded: info@jobcurator.in
2026-05-26 09:56:14  DEBUG     ⛔ Excluded: info@jobcurator.in
2026-05-26 09:56:14  DEBUG     ⛔ Excluded: info@jobcurator.in
2026-05-26 09:56:14  DEBUG     ⛔ Excluded: info@jobcurator.in
2026-05-26 09:56:14  DEBUG     ⛔ Excluded: info@jobcurator.in
2026-05-26 09:56:14  DEBUG     ⛔ Excluded: info@jobcurator.in
2026-05-26 09:56:14  DEBUG     ⛔ Excluded: info@jobcurator.in
2026-05-26 09:56:14  DEBUG     ⛔ Excluded: info@jobcurator.in
2026-05-26 09:56:14  DEBUG     ⛔ Excluded: info@jobcurator.in
2026-05-26 09:56:14  DEBUG     ⛔ Excluded: info@jobcurator.in
2026-05-26 09:56:14  DEBUG     ⛔ Excluded: info@jobcurator.in
2026-05-26 09:56:14  DEBUG     ⛔ Excluded: info@jobcurator.in
2026-05-26 09:56:14  DEBUG     ⛔ Excluded: info@jobcurator.in
2026-05-26 09:56:14  DEBUG     ⛔ Excluded: info@jobcurator.in
2026-05-26 09:56:14  DEBUG     ⛔ Excluded: info@jobcurator.in
2026-05-26 09:56:14  INFO      Unique emails found: 42  |  Excluded (domain/email filter): 28
2026-05-26 09:56:14  INFO      Already sent (all time): 1014  |  New to send today: 30
2026-05-26 09:56:14  INFO      🚀 Starting send: 30 emails | Batch size: 40 | Max/hour: 55
2026-05-26 09:56:16  INFO      ✅ SMTP connected
2026-05-26 09:56:19  INFO      ✔ [1/30] Sent → adhya.chand@appzlogic.com
2026-05-26 09:56:26  INFO      ✔ [2/30] Sent → ajeet@jobbinginfo.com
2026-05-26 09:56:33  INFO      ✔ [3/30] Sent → anmol.khosla@appzlogic.com
2026-05-26 09:56:33  DEBUG     Domain burst pause (appzlogic.com): 17.6s
2026-05-26 09:56:56  INFO      ✔ [4/30] Sent → anushka.saxena.mba@gmail.com
2026-05-26 09:57:04  INFO      ✔ [5/30] Sent → damanpreet.kaur@programming.com
2026-05-26 09:57:10  INFO      ✔ [6/30] Sent → harleen.kaur@crescendogroup.in
2026-05-26 09:57:18  INFO      ✔ [7/30] Sent → hiring@devlabsalliance.com
2026-05-26 09:57:26  INFO      ✔ [8/30] Sent → hr@nynii.com
2026-05-26 09:57:33  INFO      ✔ [9/30] Sent → hr@webapphealing.com
2026-05-26 09:57:42  INFO      ✔ [10/30] Sent → hrkadamtech@gmail.com
2026-05-26 09:57:42  DEBUG     Domain burst pause (gmail.com): 21.6s
2026-05-26 09:58:13  INFO      ✔ [11/30] Sent → jobs+270@hiringgo.com
2026-05-26 09:58:24  INFO      ✔ [12/30] Sent → kanak@questhiring.com
2026-05-26 09:58:34  INFO      ✔ [13/30] Sent → kiran@jobbinginfo.com
2026-05-26 09:58:34  DEBUG     Domain burst pause (jobbinginfo.com): 21.0s
2026-05-26 09:59:04  INFO      ✔ [14/30] Sent → kopal.rastogi@homecredit.co.in
2026-05-26 09:59:11  INFO      ✔ [15/30] Sent → managerhr@powerxchange.io
2026-05-26 09:59:18  INFO      ✔ [16/30] Sent → manu.sharma@apptadinc.com
2026-05-26 09:59:26  INFO      ✔ [17/30] Sent → megha.goyal@devlabstechnology.com
2026-05-26 09:59:37  INFO      ✔ [18/30] Sent → mounika@resourcecornerit.com
2026-05-26 09:59:45  INFO      ✔ [19/30] Sent → nexrisatechnologies@gmail.com
2026-05-26 09:59:54  INFO      ✔ [20/30] Sent → nishi.panchal@digitrixsoftware.com
2026-05-26 10:00:02  INFO      ✔ [21/30] Sent → pavan@jobbinginfo.com
2026-05-26 10:00:10  INFO      ✔ [22/30] Sent → pooja.daffar@skillventory.com
2026-05-26 10:00:18  INFO      ✔ [23/30] Sent → rahul.purohit@xcelore.com
2026-05-26 10:00:27  INFO      ✔ [24/30] Sent → resume@webreinvent.com
2026-05-26 10:00:35  INFO      ✔ [25/30] Sent → rizwana@m.mantra.care
2026-05-26 10:00:41  INFO      ✔ [26/30] Sent → sarvam.kataria@altezzasys.com
2026-05-26 10:00:48  INFO      ✔ [27/30] Sent → shivam.kunra@positron.co.in
2026-05-26 10:00:54  INFO      ✔ [28/30] Sent → smita.kamble@xeliumtech.com
2026-05-26 10:01:03  INFO      ✔ [29/30] Sent → tejasai.a@i-q.co
2026-05-26 10:01:10  INFO      ✔ [30/30] Sent → thripura@jobcurator.in
2026-05-26 10:01:14  INFO      🎉 Done — 30/30 emails sent today.
2026-05-26 10:01:14  INFO      📊 Total sent all time: 1044
2026-05-26 10:01:14  INFO      All emails sent. Deleting source PDF(s)…
2026-05-26 10:01:14  INFO      🗑  Deleted PDF: NCR_Noida_Delhi_Gurgaon (84).pdf
2026-05-27 09:56:19  INFO      📅 Daily cap: 250 | Sent today: 0 | Remaining: 250
2026-05-27 09:56:19  INFO      ⛔ Excluded domains (27): bonami.in, cgi.com, cognizant.com, dotpe.in, dronamaps.com, earthclock.in, embglobal.com, grappus.com, herovired.com, hudle.in, idreamcareer.com, infosys.com, legistify.com, locofast.com, ongrid.in, primathon.in, pushowl.com, questt.com, raftlabs.co, rayosys.com, scuderia.in, sparkeighteen.com, squareboat.com, squareops.com, tradingwithvivek.com, venturasecurities.com, wizzybox.com
2026-05-27 09:56:19  INFO      Reading PDF: NCR_Noida_Delhi_Gurgaon (86).pdf
2026-05-27 09:56:19  DEBUG     ⛔ Excluded: info@jobcurator.in
2026-05-27 09:56:19  DEBUG     ⛔ Excluded: info@jobcurator.in
2026-05-27 09:56:19  DEBUG     ⛔ Excluded: info@jobcurator.in
2026-05-27 09:56:20  DEBUG     ⛔ Excluded: info@jobcurator.in
2026-05-27 09:56:20  DEBUG     ⛔ Excluded: info@jobcurator.in
2026-05-27 09:56:20  DEBUG     ⛔ Excluded: info@jobcurator.in
2026-05-27 09:56:20  DEBUG     ⛔ Excluded: info@jobcurator.in
2026-05-27 09:56:20  DEBUG     ⛔ Excluded: info@jobcurator.in
2026-05-27 09:56:20  DEBUG     ⛔ Excluded: info@jobcurator.in
2026-05-27 09:56:20  DEBUG     ⛔ Excluded: info@jobcurator.in
2026-05-27 09:56:20  DEBUG     ⛔ Excluded: info@jobcurator.in
2026-05-27 09:56:20  DEBUG     ⛔ Excluded: info@jobcurator.in
2026-05-27 09:56:20  DEBUG     ⛔ Excluded: info@jobcurator.in
2026-05-27 09:56:20  DEBUG     ⛔ Excluded: info@jobcurator.in
2026-05-27 09:56:20  DEBUG     ⛔ Excluded: info@jobcurator.in
2026-05-27 09:56:20  DEBUG     ⛔ Excluded: info@jobcurator.in
2026-05-27 09:56:20  DEBUG     ⛔ Excluded: info@jobcurator.in
2026-05-27 09:56:20  DEBUG     ⛔ Excluded: info@jobcurator.in
2026-05-27 09:56:20  DEBUG     ⛔ Excluded: info@jobcurator.in
2026-05-27 09:56:20  DEBUG     ⛔ Excluded: info@jobcurator.in
2026-05-27 09:56:20  DEBUG     ⛔ Excluded: info@jobcurator.in
2026-05-27 09:56:21  DEBUG     ⛔ Excluded: info@jobcurator.in
2026-05-27 09:56:21  DEBUG     ⛔ Excluded: info@jobcurator.in
2026-05-27 09:56:21  DEBUG     ⛔ Excluded: info@jobcurator.in
2026-05-27 09:56:21  DEBUG     ⛔ Excluded: info@jobcurator.in
2026-05-27 09:56:21  DEBUG     ⛔ Excluded: info@jobcurator.in
2026-05-27 09:56:21  DEBUG     ⛔ Excluded: info@jobcurator.in
2026-05-27 09:56:21  DEBUG     ⛔ Excluded: info@jobcurator.in
2026-05-27 09:56:21  DEBUG     ⛔ Excluded: info@jobcurator.in
2026-05-27 09:56:21  DEBUG     ⛔ Excluded: info@jobcurator.in
2026-05-27 09:56:21  DEBUG     ⛔ Excluded: info@jobcurator.in
2026-05-27 09:56:21  DEBUG     ⛔ Excluded: info@jobcurator.in
2026-05-27 09:56:21  DEBUG     ⛔ Excluded: info@jobcurator.in
2026-05-27 09:56:21  INFO      Unique emails found: 44  |  Excluded (domain/email filter): 33
2026-05-27 09:56:21  INFO      Already sent (all time): 1044  |  New to send today: 38
2026-05-27 09:56:21  INFO      🚀 Starting send: 38 emails | Batch size: 40 | Max/hour: 55
2026-05-27 09:56:22  INFO      ✅ SMTP connected
2026-05-27 09:56:25  INFO      ✔ [1/38] Sent → aastha.sethi@testingxperts.com
2026-05-27 09:56:31  INFO      ✔ [2/38] Sent → akansha.mittal.hm@hitachi-systems.com
2026-05-27 09:56:38  INFO      ✔ [3/38] Sent → ambika.koul@xceedance.com
2026-05-27 09:56:45  INFO      ✔ [4/38] Sent → ankit@kinexaiot.com
2026-05-27 09:56:54  INFO      ✔ [5/38] Sent → ankita.ghorai@verinite.com
2026-05-27 09:57:02  INFO      ✔ [6/38] Sent → anubrrata.roy@cloudangles.com
2026-05-27 09:57:11  INFO      ✔ [7/38] Sent → arzoo@indezon.in
2026-05-27 09:57:17  INFO      ✔ [8/38] Sent → bhavya.k@fixitytech.com
2026-05-27 09:57:26  INFO      ✔ [9/38] Sent → butukuri.praveen@zencls.com
2026-05-27 09:57:33  INFO      ✔ [10/38] Sent → devi@theglobalskills.com
2026-05-27 09:57:39  INFO      ✔ [11/38] Sent → divya.chaturvedi@gamixlabs.com
2026-05-27 09:57:46  INFO      ✔ [12/38] Sent → divya@code-aspire.com
2026-05-27 09:57:53  INFO      ✔ [13/38] Sent → garv@delphic.in
2026-05-27 09:58:00  INFO      ✔ [14/38] Sent → hr@3fitech.com
2026-05-27 09:58:07  INFO      ✔ [15/38] Sent → hr@fournesttalent.com
2026-05-27 09:58:13  INFO      ✔ [16/38] Sent → hr@ibyteinfomatics.com
2026-05-27 09:58:20  INFO      ✔ [17/38] Sent → hr@moretasks.com
2026-05-27 09:58:29  INFO      ✔ [18/38] Sent → hr@solutionbowl.com
2026-05-27 09:58:36  INFO      ✔ [19/38] Sent → jyoti.s@strawberryinfotech.com
2026-05-27 09:58:45  INFO      ✔ [20/38] Sent → kavya@resourcecornerit.com
2026-05-27 09:58:53  INFO      ✔ [21/38] Sent → masood.basha@lecansolutions.com
2026-05-27 09:59:01  INFO      ✔ [22/38] Sent → nafeesa@ahoitech.in
2026-05-27 09:59:10  INFO      ✔ [23/38] Sent → najain@deqode.com
2026-05-27 09:59:20  INFO      ✔ [24/38] Sent → neha.sharma@testingxperts.com
2026-05-27 09:59:20  DEBUG     Domain burst pause (testingxperts.com): 20.4s
2026-05-27 09:59:49  INFO      ✔ [25/38] Sent → premalatha.e@twsol.com
2026-05-27 09:59:56  INFO      ✔ [26/38] Sent → princy@albireorecruiters.in
2026-05-27 10:00:04  INFO      ✔ [27/38] Sent → pruthvi.s@mjcglobaltech.com
2026-05-27 10:00:14  INFO      ✔ [28/38] Sent → ranadeep.m@aforeserve.co.in
2026-05-27 10:00:22  INFO      ✔ [29/38] Sent → resume@orangemantra.in
2026-05-27 10:00:29  INFO      ✔ [30/38] Sent → rupa.chary@cginfinity.com
2026-05-27 10:00:37  INFO      ✔ [31/38] Sent → sajal.s@vachilabs.com
2026-05-27 10:00:46  INFO      ✔ [32/38] Sent → sanjaykumar@vehant.com
2026-05-27 10:00:54  INFO      ✔ [33/38] Sent → simran.agarwal@devlabstechnology.com
2026-05-27 10:01:00  INFO      ✔ [34/38] Sent → swathi.ss@aequor.com
2026-05-27 10:01:06  INFO      ✔ [35/38] Sent → taniya@id4consultancy.com
2026-05-27 10:01:12  INFO      ✔ [36/38] Sent → trishla.dutt@birlasoft.com
2026-05-27 10:01:22  INFO      ✔ [37/38] Sent → vanshika.tiwari@uxdlab.com
2026-05-27 10:01:31  INFO      ✔ [38/38] Sent → vikas.keswani@quadrangle.in
2026-05-27 10:01:38  INFO      🎉 Done — 38/38 emails sent today.
2026-05-27 10:01:38  INFO      📊 Total sent all time: 1082
2026-05-27 10:01:38  INFO      All emails sent. Deleting source PDF(s)…
2026-05-27 10:01:38  INFO      🗑  Deleted PDF: NCR_Noida_Delhi_Gurgaon (86).pdf
2026-05-28 08:37:48  INFO      📅 Daily cap: 250 | Sent today: 0 | Remaining: 250
2026-05-28 08:37:48  INFO      ⛔ Excluded domains (27): bonami.in, cgi.com, cognizant.com, dotpe.in, dronamaps.com, earthclock.in, embglobal.com, grappus.com, herovired.com, hudle.in, idreamcareer.com, infosys.com, legistify.com, locofast.com, ongrid.in, primathon.in, pushowl.com, questt.com, raftlabs.co, rayosys.com, scuderia.in, sparkeighteen.com, squareboat.com, squareops.com, tradingwithvivek.com, venturasecurities.com, wizzybox.com
2026-05-28 08:37:48  INFO      Reading PDF: NCR_Noida_Delhi_Gurgaon (86).pdf
2026-05-28 08:37:48  DEBUG     ⛔ Excluded: info@jobcurator.in
2026-05-28 08:37:48  DEBUG     ⛔ Excluded: info@jobcurator.in
2026-05-28 08:37:48  DEBUG     ⛔ Excluded: info@jobcurator.in
2026-05-28 08:37:48  DEBUG     ⛔ Excluded: info@jobcurator.in
2026-05-28 08:37:48  DEBUG     ⛔ Excluded: info@jobcurator.in
2026-05-28 08:37:48  DEBUG     ⛔ Excluded: info@jobcurator.in
2026-05-28 08:37:48  DEBUG     ⛔ Excluded: info@jobcurator.in
2026-05-28 08:37:48  DEBUG     ⛔ Excluded: info@jobcurator.in
2026-05-28 08:37:48  DEBUG     ⛔ Excluded: info@jobcurator.in
2026-05-28 08:37:48  DEBUG     ⛔ Excluded: info@jobcurator.in
2026-05-28 08:37:48  DEBUG     ⛔ Excluded: info@jobcurator.in
2026-05-28 08:37:48  DEBUG     ⛔ Excluded: info@jobcurator.in
2026-05-28 08:37:48  DEBUG     ⛔ Excluded: info@jobcurator.in
2026-05-28 08:37:48  DEBUG     ⛔ Excluded: info@jobcurator.in
2026-05-28 08:37:48  DEBUG     ⛔ Excluded: info@jobcurator.in
2026-05-28 08:37:48  DEBUG     ⛔ Excluded: info@jobcurator.in
2026-05-28 08:37:49  DEBUG     ⛔ Excluded: info@jobcurator.in
2026-05-28 08:37:49  DEBUG     ⛔ Excluded: info@jobcurator.in
2026-05-28 08:37:49  DEBUG     ⛔ Excluded: info@jobcurator.in
2026-05-28 08:37:49  DEBUG     ⛔ Excluded: info@jobcurator.in
2026-05-28 08:37:49  DEBUG     ⛔ Excluded: info@jobcurator.in
2026-05-28 08:37:49  DEBUG     ⛔ Excluded: info@jobcurator.in
2026-05-28 08:37:49  DEBUG     ⛔ Excluded: info@jobcurator.in
2026-05-28 08:37:49  INFO      Unique emails found: 34  |  Excluded (domain/email filter): 23
2026-05-28 08:37:49  INFO      Already sent (all time): 1082  |  New to send today: 26
2026-05-28 08:37:49  INFO      🚀 Starting send: 26 emails | Batch size: 40 | Max/hour: 55
2026-05-28 08:37:50  INFO      ✅ SMTP connected
2026-05-28 08:37:53  INFO      ✔ [1/26] Sent → akriti_hr@sriaas.com
2026-05-28 08:38:00  INFO      ✔ [2/26] Sent → akshara.das@tcs.com
2026-05-28 08:38:07  INFO      ✔ [3/26] Sent → amukherjee@vbeyondapac.com
2026-05-28 08:38:15  INFO      ✔ [4/26] Sent → anamikak@magnor.in
2026-05-28 08:38:24  INFO      ✔ [5/26] Sent → aparajita.deb@genicminds.com
2026-05-28 08:38:30  INFO      ✔ [6/26] Sent → apojain@deqode.com
2026-05-28 08:38:39  INFO      ✔ [7/26] Sent → careers@arnoldconsultants.com
2026-05-28 08:38:47  INFO      ✔ [8/26] Sent → himani.shukla@reliason.com
2026-05-28 08:38:56  INFO      ✔ [9/26] Sent → himanshu@swazei.com
2026-05-28 08:39:04  INFO      ✔ [10/26] Sent → hr@avya-tech.com
2026-05-28 08:39:13  INFO      ✔ [11/26] Sent → hr@urbanites.in
2026-05-28 08:39:21  INFO      ✔ [12/26] Sent → hr@xperlo.co.in
2026-05-28 08:39:29  INFO      ✔ [13/26] Sent → in.riya@questhiring.com
2026-05-28 08:39:37  INFO      ✔ [14/26] Sent → joinus@armworldwide.com
2026-05-28 08:39:46  INFO      ✔ [15/26] Sent → kanu.1.agarwal@coforge.com
2026-05-28 08:39:54  INFO      ✔ [16/26] Sent → madhuri@chavinsan.com
2026-05-28 08:40:02  INFO      ✔ [17/26] Sent → nagesh.bade@reignmarkcs.com
2026-05-28 08:40:11  INFO      ✔ [18/26] Sent → palak.baheti@clingmultisolutions.org
2026-05-28 08:40:18  INFO      ✔ [19/26] Sent → pratiksha.kawale@genicminds.com
2026-05-28 08:40:18  DEBUG     Domain burst pause (genicminds.com): 21.2s
2026-05-28 08:40:46  INFO      ✔ [20/26] Sent → puja@itexpertssolutions.in
2026-05-28 08:40:52  INFO      ✔ [21/26] Sent → ruchi.rana@devlabstechnology.com
2026-05-28 08:41:01  INFO      ✔ [22/26] Sent → sakshi@theglobalskills.com
2026-05-28 08:41:07  INFO      ✔ [23/26] Sent → savyoratech@gmail.com
2026-05-28 08:41:14  INFO      ✔ [24/26] Sent → sharma.abhishek@apptadinc.com
2026-05-28 08:41:23  INFO      ✔ [25/26] Sent → shrutirokde987@gmail.com
2026-05-28 08:41:23  DEBUG     Domain burst pause (gmail.com): 17.7s
2026-05-28 08:41:50  INFO      ✔ [26/26] Sent → yadavakriti1604@gmail.com
2026-05-28 08:41:55  INFO      🎉 Done — 26/26 emails sent today.
2026-05-28 08:41:55  INFO      📊 Total sent all time: 1108
2026-05-28 08:41:55  INFO      All emails sent. Deleting source PDF(s)…
2026-05-28 08:41:55  INFO      🗑  Deleted PDF: NCR_Noida_Delhi_Gurgaon (86).pdf
2026-06-02 09:59:05  INFO      📅 Daily cap: 250 | Sent today: 0 | Remaining: 250
2026-06-02 09:59:05  INFO      ⛔ Excluded domains (27): bonami.in, cgi.com, cognizant.com, dotpe.in, dronamaps.com, earthclock.in, embglobal.com, grappus.com, herovired.com, hudle.in, idreamcareer.com, infosys.com, legistify.com, locofast.com, ongrid.in, primathon.in, pushowl.com, questt.com, raftlabs.co, rayosys.com, scuderia.in, sparkeighteen.com, squareboat.com, squareops.com, tradingwithvivek.com, venturasecurities.com, wizzybox.com
2026-06-02 09:59:05  INFO      Reading PDF: NCR_Noida_Delhi_Gurgaon (88).pdf
2026-06-02 09:59:06  DEBUG     ⛔ Excluded: info@jobcurator.in
2026-06-02 09:59:06  DEBUG     ⛔ Excluded: info@jobcurator.in
2026-06-02 09:59:06  DEBUG     ⛔ Excluded: info@jobcurator.in
2026-06-02 09:59:06  DEBUG     ⛔ Excluded: info@jobcurator.in
2026-06-02 09:59:06  DEBUG     ⛔ Excluded: info@jobcurator.in
2026-06-02 09:59:06  DEBUG     ⛔ Excluded: info@jobcurator.in
2026-06-02 09:59:06  DEBUG     ⛔ Excluded: info@jobcurator.in
2026-06-02 09:59:06  DEBUG     ⛔ Excluded: info@jobcurator.in
2026-06-02 09:59:06  DEBUG     ⛔ Excluded: info@jobcurator.in
2026-06-02 09:59:06  DEBUG     ⛔ Excluded: info@jobcurator.in
2026-06-02 09:59:06  DEBUG     ⛔ Excluded: info@jobcurator.in
2026-06-02 09:59:06  DEBUG     ⛔ Excluded: info@jobcurator.in
2026-06-02 09:59:06  DEBUG     ⛔ Excluded: info@jobcurator.in
2026-06-02 09:59:06  DEBUG     ⛔ Excluded: info@jobcurator.in
2026-06-02 09:59:06  DEBUG     ⛔ Excluded: info@jobcurator.in
2026-06-02 09:59:06  DEBUG     ⛔ Excluded: info@jobcurator.in
2026-06-02 09:59:06  DEBUG     ⛔ Excluded: info@jobcurator.in
2026-06-02 09:59:06  INFO      Unique emails found: 24  |  Excluded (domain/email filter): 17
2026-06-02 09:59:06  INFO      Already sent (all time): 1108  |  New to send today: 18
2026-06-02 09:59:06  INFO      🚀 Starting send: 18 emails | Batch size: 40 | Max/hour: 55
2026-06-02 09:59:07  INFO      ✅ SMTP connected
2026-06-02 09:59:10  INFO      ✔ [1/18] Sent → aditya.pratap@makunaiglobal.ai
2026-06-02 09:59:17  INFO      ✔ [2/18] Sent → anushka.raturi@programming.com
2026-06-02 09:59:25  INFO      ✔ [3/18] Sent → deepti.pamnani@oceantechventures.com
2026-06-02 09:59:31  INFO      ✔ [4/18] Sent → hr6@nmgtechnologies.com
2026-06-02 09:59:39  INFO      ✔ [5/18] Sent → in.dorothy@questhiring.com
2026-06-02 09:59:46  INFO      ✔ [6/18] Sent → info@binder33labs.com
2026-06-02 09:59:55  INFO      ✔ [7/18] Sent → lakshya.sharma@insurity.com
2026-06-02 10:00:02  INFO      ✔ [8/18] Sent → nagalambuika.k@gmail.com
2026-06-02 10:00:10  INFO      ✔ [9/18] Sent → naina.gupta@agyom.com
2026-06-02 10:00:18  INFO      ✔ [10/18] Sent → praveen.g@firstmeridian.com
2026-06-02 10:00:27  INFO      ✔ [11/18] Sent → preetinder.singh@programming.com
2026-06-02 10:00:27  DEBUG     Domain burst pause (programming.com): 19.3s
2026-06-02 10:00:54  INFO      ✔ [12/18] Sent → priyanka.chavan@innovect.com
2026-06-02 10:01:02  INFO      ✔ [13/18] Sent → rajaram@linktreeit.com
2026-06-02 10:01:13  INFO      ✔ [14/18] Sent → rumana.wasi@iitp.in
2026-06-02 10:16:31  WARNING   🔌 Server disconnected — reconnecting…
2026-06-02 10:16:32  INFO      ✅ SMTP connected
2026-06-02 10:24:12  ERROR     ✘ Retry failed for saileela.y@aschpro.com: Connection unexpectedly closed: [Errno 54] Connection reset by peer
2026-06-02 10:24:18  WARNING   🔌 Server disconnected — reconnecting…
2026-06-02 10:24:19  INFO      ✅ SMTP connected
2026-06-02 10:24:22  INFO      ✔ [15/18] Sent (retry) → sarita.swain@steerlean.com
2026-06-02 10:24:29  INFO      ✔ [16/18] Sent → sirisha.d@aschpro.com
2026-06-02 10:24:29  DEBUG     Domain burst pause (aschpro.com): 28.2s
2026-06-02 10:25:04  INFO      ✔ [17/18] Sent → vardhika@spexiotech.com
2026-06-02 10:25:08  INFO      🎉 Done — 17/18 emails sent today.
2026-06-02 10:25:08  INFO      📊 Total sent all time: 1125
2026-06-02 10:25:08  WARNING   Skipping PDF deletion — only 17/18 emails sent.
2026-06-08 15:25:49  INFO      📅 Daily cap: 250 | Sent today: 0 | Remaining: 250
2026-06-08 15:25:49  INFO      ⛔ Excluded domains (27): bonami.in, cgi.com, cognizant.com, dotpe.in, dronamaps.com, earthclock.in, embglobal.com, grappus.com, herovired.com, hudle.in, idreamcareer.com, infosys.com, legistify.com, locofast.com, ongrid.in, primathon.in, pushowl.com, questt.com, raftlabs.co, rayosys.com, scuderia.in, sparkeighteen.com, squareboat.com, squareops.com, tradingwithvivek.com, venturasecurities.com, wizzybox.com
2026-06-08 15:25:49  INFO      Reading PDF: NCR_Noida_Delhi_Gurgaon (89).pdf
2026-06-08 15:25:49  DEBUG     ⛔ Excluded: info@jobcurator.in
2026-06-08 15:25:49  DEBUG     ⛔ Excluded: info@jobcurator.in
2026-06-08 15:25:49  DEBUG     ⛔ Excluded: info@jobcurator.in
2026-06-08 15:25:49  DEBUG     ⛔ Excluded: info@jobcurator.in
2026-06-08 15:25:49  DEBUG     ⛔ Excluded: info@jobcurator.in
2026-06-08 15:25:49  DEBUG     ⛔ Excluded: careers@sparkeighteen.com
2026-06-08 15:25:49  DEBUG     ⛔ Excluded: info@jobcurator.in
2026-06-08 15:25:49  DEBUG     ⛔ Excluded: info@jobcurator.in
2026-06-08 15:25:49  DEBUG     ⛔ Excluded: info@jobcurator.in
2026-06-08 15:25:49  DEBUG     ⛔ Excluded: info@jobcurator.in
2026-06-08 15:25:49  DEBUG     ⛔ Excluded: info@jobcurator.in
2026-06-08 15:25:49  DEBUG     ⛔ Excluded: info@jobcurator.in
2026-06-08 15:25:49  DEBUG     ⛔ Excluded: info@jobcurator.in
2026-06-08 15:25:50  DEBUG     ⛔ Excluded: info@jobcurator.in
2026-06-08 15:25:50  DEBUG     ⛔ Excluded: info@jobcurator.in
2026-06-08 15:25:50  DEBUG     ⛔ Excluded: info@jobcurator.in
2026-06-08 15:25:50  DEBUG     ⛔ Excluded: info@jobcurator.in
2026-06-08 15:25:50  DEBUG     ⛔ Excluded: info@jobcurator.in
2026-06-08 15:25:50  DEBUG     ⛔ Excluded: info@jobcurator.in
2026-06-08 15:25:50  DEBUG     ⛔ Excluded: info@jobcurator.in
2026-06-08 15:25:50  DEBUG     ⛔ Excluded: info@jobcurator.in
2026-06-08 15:25:50  DEBUG     ⛔ Excluded: info@jobcurator.in
2026-06-08 15:25:50  INFO      Unique emails found: 31  |  Excluded (domain/email filter): 22
2026-06-08 15:25:50  INFO      Already sent (all time): 1125  |  New to send today: 25
2026-06-08 15:25:50  INFO      🚀 Starting send: 25 emails | Batch size: 40 | Max/hour: 55
2026-06-08 15:25:51  INFO      ✅ SMTP connected
2026-06-08 15:25:54  INFO      ✔ [1/25] Sent → -sathya.k@takeinteki.com
2026-06-08 15:26:03  INFO      ✔ [2/25] Sent → adarsh.singh@enterslice.com
2026-06-08 15:26:10  INFO      ✔ [3/25] Sent → chandra.akurathi@oneteaminfotech.com
2026-06-08 15:26:16  INFO      ✔ [4/25] Sent → chingthangkhomba.laikhuram@dilatoinfotech.com
2026-06-08 15:26:25  INFO      ✔ [5/25] Sent → deepika@tquanta.com
2026-06-08 15:26:33  INFO      ✔ [6/25] Sent → dheeraj.gupta@shivsys.com
2026-06-08 15:26:40  INFO      ✔ [7/25] Sent → hr.1zenonhire@gmail.com
2026-06-08 15:26:46  INFO      ✔ [8/25] Sent → hr.dadapeer.d@lion-ix.com
2026-06-08 15:26:54  INFO      ✔ [9/25] Sent → hr@conceptialmedia.in
2026-06-08 15:27:03  INFO      ✔ [10/25] Sent → hr@shivsys.com
2026-06-08 15:27:03  DEBUG     Domain burst pause (shivsys.com): 16.5s
2026-06-08 15:27:28  INFO      ✔ [11/25] Sent → hrteam@rovoautomation.com
2026-06-08 15:27:37  INFO      ✔ [12/25] Sent → jobs@goognu.com
2026-06-08 15:27:45  INFO      ✔ [13/25] Sent → neha@firstcareercentre.com
2026-06-08 15:27:51  INFO      ✔ [14/25] Sent → nikey.singh@cloudcertitude.com
2026-06-08 15:27:58  INFO      ✔ [15/25] Sent → pavithra@livecjobs.com
2026-06-08 15:28:06  INFO      ✔ [16/25] Sent → pooja.sharma1@programming.com
2026-06-08 15:28:14  INFO      ✔ [17/25] Sent → priyanka@panoramasoftware.in
2026-06-08 15:28:20  INFO      ✔ [18/25] Sent → recruiter1@comsparkinnovinfra.com
2026-06-08 15:28:27  INFO      ✔ [19/25] Sent → recruiter@acadecraft.com
2026-06-08 15:28:33  INFO      ✔ [20/25] Sent → rsharma@forcecraver.com
2026-06-08 15:28:41  INFO      ✔ [21/25] Sent → sai.manjeera@oneteaminfotech.com
2026-06-08 15:28:41  DEBUG     Domain burst pause (oneteaminfotech.com): 26.8s
2026-06-08 15:29:13  INFO      ✔ [22/25] Sent → shilpi@fournesttalent.com
2026-06-08 15:29:22  INFO      ✔ [23/25] Sent → sowmya.t@noesisit.com
2026-06-08 15:29:29  INFO      ✔ [24/25] Sent → torali@nextcreationsoftware.com
2026-06-08 15:29:36  INFO      ✔ [25/25] Sent → vani@padmaatechnology.com
2026-06-08 15:29:42  INFO      🎉 Done — 25/25 emails sent today.
2026-06-08 15:29:42  INFO      📊 Total sent all time: 1150
2026-06-08 15:29:42  INFO      All emails sent. Deleting source PDF(s)…
2026-06-08 15:29:42  INFO      🗑  Deleted PDF: NCR_Noida_Delhi_Gurgaon (89).pdf
2026-06-09 09:11:01  INFO      📅 Daily cap: 250 | Sent today: 0 | Remaining: 250
2026-06-09 09:11:01  INFO      ⛔ Excluded domains (27): bonami.in, cgi.com, cognizant.com, dotpe.in, dronamaps.com, earthclock.in, embglobal.com, grappus.com, herovired.com, hudle.in, idreamcareer.com, infosys.com, legistify.com, locofast.com, ongrid.in, primathon.in, pushowl.com, questt.com, raftlabs.co, rayosys.com, scuderia.in, sparkeighteen.com, squareboat.com, squareops.com, tradingwithvivek.com, venturasecurities.com, wizzybox.com
2026-06-09 09:11:01  INFO      Reading PDF: NCR_Noida_Delhi_Gurgaon (90).pdf
2026-06-09 09:11:01  DEBUG     ⛔ Excluded: info@jobcurator.in
2026-06-09 09:11:01  DEBUG     ⛔ Excluded: info@jobcurator.in
2026-06-09 09:11:01  DEBUG     ⛔ Excluded: info@jobcurator.in
2026-06-09 09:11:01  DEBUG     ⛔ Excluded: info@jobcurator.in
2026-06-09 09:11:01  DEBUG     ⛔ Excluded: info@jobcurator.in
2026-06-09 09:11:01  DEBUG     ⛔ Excluded: info@jobcurator.in
2026-06-09 09:11:02  DEBUG     ⛔ Excluded: info@jobcurator.in
2026-06-09 09:11:02  DEBUG     ⛔ Excluded: info@jobcurator.in
2026-06-09 09:11:02  DEBUG     ⛔ Excluded: info@jobcurator.in
2026-06-09 09:11:02  DEBUG     ⛔ Excluded: info@jobcurator.in
2026-06-09 09:11:02  DEBUG     ⛔ Excluded: info@jobcurator.in
2026-06-09 09:11:02  DEBUG     ⛔ Excluded: info@jobcurator.in
2026-06-09 09:11:02  DEBUG     ⛔ Excluded: info@jobcurator.in
2026-06-09 09:11:02  DEBUG     ⛔ Excluded: info@jobcurator.in
2026-06-09 09:11:02  DEBUG     ⛔ Excluded: info@jobcurator.in
2026-06-09 09:11:02  DEBUG     ⛔ Excluded: info@jobcurator.in
2026-06-09 09:11:03  DEBUG     ⛔ Excluded: info@jobcurator.in
2026-06-09 09:11:03  DEBUG     ⛔ Excluded: info@jobcurator.in
2026-06-09 09:11:03  DEBUG     ⛔ Excluded: info@jobcurator.in
2026-06-09 09:11:03  DEBUG     ⛔ Excluded: info@jobcurator.in
2026-06-09 09:11:03  DEBUG     ⛔ Excluded: info@jobcurator.in
2026-06-09 09:11:03  DEBUG     ⛔ Excluded: info@jobcurator.in
2026-06-09 09:11:03  DEBUG     ⛔ Excluded: info@jobcurator.in
2026-06-09 09:11:03  DEBUG     ⛔ Excluded: info@jobcurator.in
2026-06-09 09:11:03  DEBUG     ⛔ Excluded: info@jobcurator.in
2026-06-09 09:11:03  DEBUG     ⛔ Excluded: info@jobcurator.in
2026-06-09 09:11:03  DEBUG     ⛔ Excluded: info@jobcurator.in
2026-06-09 09:11:04  DEBUG     ⛔ Excluded: info@jobcurator.in
2026-06-09 09:11:04  DEBUG     ⛔ Excluded: info@jobcurator.in
2026-06-09 09:11:04  INFO      Unique emails found: 38  |  Excluded (domain/email filter): 29
2026-06-09 09:11:04  INFO      Already sent (all time): 1150  |  New to send today: 31
2026-06-09 09:11:04  INFO      🚀 Starting send: 31 emails | Batch size: 40 | Max/hour: 55
2026-06-09 09:11:05  INFO      ✅ SMTP connected
2026-06-09 09:11:07  INFO      ✔ [1/31] Sent → -namita.dhunna@programming.com
2026-06-09 09:11:13  INFO      ✔ [2/31] Sent → 212.poojathakur@gmail.com
2026-06-09 09:11:22  INFO      ✔ [3/31] Sent → anushka@incredipets.in
2026-06-09 09:11:31  INFO      ✔ [4/31] Sent → apeksha.sawant@digitrixsoft.com
2026-06-09 09:11:40  INFO      ✔ [5/31] Sent → arunam@scorginternational.com
2026-06-09 09:11:48  INFO      ✔ [6/31] Sent → asha@rigelnetworks.com
2026-06-09 09:11:57  INFO      ✔ [7/31] Sent → divyatalan002@gmail.com
2026-06-09 09:11:57  DEBUG     Domain burst pause (gmail.com): 22.9s
2026-06-09 09:12:27  INFO      ✔ [8/31] Sent → gourav@idealabsol.com
2026-06-09 09:12:32  INFO      ✔ [9/31] Sent → goutham@zytheratalent.com
2026-06-09 09:12:39  INFO      ✔ [10/31] Sent → hr@exponentsolutions.ai
2026-06-09 09:12:47  INFO      ✔ [11/31] Sent → info@gipconsultancy.in
2026-06-09 09:12:53  INFO      ✔ [12/31] Sent → jaisika.batra@programming.com
2026-06-09 09:12:53  DEBUG     Domain burst pause (programming.com): 21.1s
2026-06-09 09:13:24  INFO      ✔ [13/31] Sent → jobs@xenelsoft.co.in
2026-06-09 09:13:31  INFO      ✔ [14/31] Sent → kalukhe.ganesh38@gmail.com
2026-06-09 09:13:38  INFO      ✔ [15/31] Sent → karan@natobotics.com
2026-06-09 09:13:47  INFO      ✔ [16/31] Sent → khusbu.pathania@programming.com
2026-06-09 09:13:53  INFO      ✔ [17/31] Sent → manishamawri.tquanta@gmail.com
2026-06-09 09:13:53  DEBUG     Domain burst pause (gmail.com): 18.7s
2026-06-09 09:14:18  INFO      ✔ [18/31] Sent → meet.k@apideltech.com
2026-06-09 09:14:24  INFO      ✔ [19/31] Sent → megha.bhatt@phebushr.com
2026-06-09 09:14:32  INFO      ✔ [20/31] Sent → namita.dhunna@programming.com
2026-06-09 09:14:32  DEBUG     Domain burst pause (programming.com): 28.4s
2026-06-09 09:15:07  INFO      ✔ [21/31] Sent → nkandpal@visitly.io
2026-06-09 09:15:14  INFO      ✔ [22/31] Sent → pitulbonhoeffer@gmail.com
2026-06-09 09:15:23  INFO      ✔ [23/31] Sent → prajakta.mohite@srijanspectrum.com
2026-06-09 09:15:29  INFO      ✔ [24/31] Sent → prasanth@skillrecruit.com
2026-06-09 09:15:35  INFO      ✔ [25/31] Sent → priya@incredipets.in
2026-06-09 09:15:35  DEBUG     Domain burst pause (incredipets.in): 26.0s
2026-06-09 09:16:09  INFO      ✔ [26/31] Sent → puja.sengupta@trbitix.com
2026-06-09 09:16:17  INFO      ✔ [27/31] Sent → qateel.fahmi@jobskey.com
2026-06-09 09:16:24  INFO      ✔ [28/31] Sent → rahulyadav.referral@gmail.com
2026-06-09 09:16:24  DEBUG     Domain burst pause (gmail.com): 21.5s
2026-06-09 09:16:51  INFO      ✔ [29/31] Sent → saleem.dagga@programming.com
2026-06-09 09:16:58  INFO      ✔ [30/31] Sent → shail@jobtrix.in
2026-06-09 09:17:07  INFO      ✔ [31/31] Sent → vandanay1@damcogroup.com
2026-06-09 09:17:14  INFO      🎉 Done — 31/31 emails sent today.
2026-06-09 09:17:14  INFO      📊 Total sent all time: 1181
2026-06-09 09:17:14  INFO      All emails sent. Deleting source PDF(s)…
2026-06-10 09:16:11  INFO      📅 Daily cap: 250 | Sent today: 0 | Remaining: 250
2026-06-10 09:16:11  INFO      ⛔ Excluded domains (27): bonami.in, cgi.com, cognizant.com, dotpe.in, dronamaps.com, earthclock.in, embglobal.com, grappus.com, herovired.com, hudle.in, idreamcareer.com, infosys.com, legistify.com, locofast.com, ongrid.in, primathon.in, pushowl.com, questt.com, raftlabs.co, rayosys.com, scuderia.in, sparkeighteen.com, squareboat.com, squareops.com, tradingwithvivek.com, venturasecurities.com, wizzybox.com
2026-06-10 09:16:11  INFO      Reading PDF: NCR_Noida_Delhi_Gurgaon (91).pdf
2026-06-10 09:16:11  DEBUG     ⛔ Excluded: info@jobcurator.in
2026-06-10 09:16:11  DEBUG     ⛔ Excluded: info@jobcurator.in
2026-06-10 09:16:11  DEBUG     ⛔ Excluded: info@jobcurator.in
2026-06-10 09:16:12  DEBUG     ⛔ Excluded: info@jobcurator.in
2026-06-10 09:16:12  DEBUG     ⛔ Excluded: info@jobcurator.in
2026-06-10 09:16:12  DEBUG     ⛔ Excluded: info@jobcurator.in
2026-06-10 09:16:12  DEBUG     ⛔ Excluded: info@jobcurator.in
2026-06-10 09:16:12  DEBUG     ⛔ Excluded: info@jobcurator.in
2026-06-10 09:16:12  DEBUG     ⛔ Excluded: info@jobcurator.in
2026-06-10 09:16:12  DEBUG     ⛔ Excluded: info@jobcurator.in
2026-06-10 09:16:12  DEBUG     ⛔ Excluded: info@jobcurator.in
2026-06-10 09:16:12  DEBUG     ⛔ Excluded: info@jobcurator.in
2026-06-10 09:16:12  DEBUG     ⛔ Excluded: info@jobcurator.in
2026-06-10 09:16:12  DEBUG     ⛔ Excluded: info@jobcurator.in
2026-06-10 09:16:12  DEBUG     ⛔ Excluded: info@jobcurator.in
2026-06-10 09:16:12  DEBUG     ⛔ Excluded: info@jobcurator.in
2026-06-10 09:16:12  DEBUG     ⛔ Excluded: info@jobcurator.in
2026-06-10 09:16:12  DEBUG     ⛔ Excluded: info@jobcurator.in
2026-06-10 09:16:12  DEBUG     ⛔ Excluded: info@jobcurator.in
2026-06-10 09:16:12  DEBUG     ⛔ Excluded: info@jobcurator.in
2026-06-10 09:16:12  DEBUG     ⛔ Excluded: info@jobcurator.in
2026-06-10 09:16:13  DEBUG     ⛔ Excluded: info@jobcurator.in
2026-06-10 09:16:13  DEBUG     ⛔ Excluded: info@jobcurator.in
2026-06-10 09:16:13  DEBUG     ⛔ Excluded: info@jobcurator.in
2026-06-10 09:16:13  DEBUG     ⛔ Excluded: info@jobcurator.in
2026-06-10 09:16:13  DEBUG     ⛔ Excluded: info@jobcurator.in
2026-06-10 09:16:13  DEBUG     ⛔ Excluded: info@jobcurator.in
2026-06-10 09:16:13  DEBUG     ⛔ Excluded: info@jobcurator.in
2026-06-10 09:16:13  DEBUG     ⛔ Excluded: info@jobcurator.in
2026-06-10 09:16:13  INFO      Unique emails found: 40  |  Excluded (domain/email filter): 29
2026-06-10 09:16:13  INFO      Already sent (all time): 1181  |  New to send today: 28
2026-06-10 09:16:13  INFO      🚀 Starting send: 28 emails | Batch size: 40 | Max/hour: 55
2026-06-10 09:16:14  INFO      ✅ SMTP connected
2026-06-10 09:16:17  INFO      ✔ [1/28] Sent → akhil.kumar@codinglimits.com
2026-06-10 09:16:25  INFO      ✔ [2/28] Sent → aman.shrivastava@vvdntech.in
2026-06-10 09:16:34  INFO      ✔ [3/28] Sent → ameena@techadvanceglobalsolutions.com
2026-06-10 09:16:42  INFO      ✔ [4/28] Sent → anil.yadav@scikiq.com
2026-06-10 09:16:49  INFO      ✔ [5/28] Sent → anmol.bhatia@incedoinc.com
2026-06-10 09:16:55  INFO      ✔ [6/28] Sent → careers@antino.com
2026-06-10 09:17:02  INFO      ✔ [7/28] Sent → dilnaz@techadvanceglobalsolutions.com
2026-06-10 09:17:02  DEBUG     Domain burst pause (techadvanceglobalsolutions.com): 24.5s
2026-06-10 09:17:33  INFO      ✔ [8/28] Sent → divya@magnor.in
2026-06-10 09:17:39  INFO      ✔ [9/28] Sent → divyanshu.tyagi@delta6labs.com
2026-06-10 09:17:49  INFO      ✔ [10/28] Sent → harshita.arora@netoyed.com
2026-06-10 09:17:56  INFO      ✔ [11/28] Sent → hr@trbitix.com
2026-06-10 09:18:05  INFO      ✔ [12/28] Sent → info@orviatechsol.com
2026-06-10 09:18:13  INFO      ✔ [13/28] Sent → info@shivik.in
2026-06-10 09:18:21  INFO      ✔ [14/28] Sent → jagriti.verma@chiacon.com
2026-06-10 09:18:29  INFO      ✔ [15/28] Sent → jyoti.yadav@uxdlab.com
2026-06-10 09:18:38  INFO      ✔ [16/28] Sent → karthik.karre@rainiersoft.com
2026-06-10 09:18:46  INFO      ✔ [17/28] Sent → mercy.talentxo@gmail.com
2026-06-10 09:18:54  INFO      ✔ [18/28] Sent → nikita.sah@talentoj.com
2026-06-10 09:18:59  INFO      ✔ [19/28] Sent → padma.n@livemindz.com
2026-06-10 09:19:09  INFO      ✔ [20/28] Sent → pallavia@livmindz.com
2026-06-10 09:19:18  INFO      ✔ [21/28] Sent → prashanth@intellistaff.in
2026-06-10 09:19:27  INFO      ✔ [22/28] Sent → prateeksha@rigelnetworks.net
2026-06-10 09:19:36  INFO      ✔ [23/28] Sent → rajat.singh@paxcom.net
2026-06-10 09:19:45  INFO      ✔ [24/28] Sent → renu.daroch@devlabstechnology.com
2026-06-10 09:19:53  INFO      ✔ [25/28] Sent → rrhh@iridiumsystems.cloud
2026-06-10 09:20:01  INFO      ✔ [26/28] Sent → sowmiya.s@meedenlabs.com
2026-06-10 09:20:07  INFO      ✔ [27/28] Sent → suhashini.singh@irissoftware.com
2026-06-10 09:20:15  INFO      ✔ [28/28] Sent → velionitpvtltd@gmail.com
2026-06-10 09:20:15  DEBUG     Domain burst pause (gmail.com): 19.1s
2026-06-10 09:20:41  INFO      🎉 Done — 28/28 emails sent today.
2026-06-10 09:20:41  INFO      📊 Total sent all time: 1209
2026-06-10 09:20:41  INFO      All emails sent. Deleting source PDF(s)…
2026-06-10 09:20:41  INFO      🗑  Deleted PDF: NCR_Noida_Delhi_Gurgaon (91).pdf
2026-06-11 09:44:51  INFO      📅 Daily cap: 250 | Sent today: 0 | Remaining: 250
2026-06-11 09:44:51  INFO      ⛔ Excluded domains (27): bonami.in, cgi.com, cognizant.com, dotpe.in, dronamaps.com, earthclock.in, embglobal.com, grappus.com, herovired.com, hudle.in, idreamcareer.com, infosys.com, legistify.com, locofast.com, ongrid.in, primathon.in, pushowl.com, questt.com, raftlabs.co, rayosys.com, scuderia.in, sparkeighteen.com, squareboat.com, squareops.com, tradingwithvivek.com, venturasecurities.com, wizzybox.com
2026-06-11 09:44:51  WARNING   Missing PDF: /Users/chiragkhanduja/PycharmProjects/PythonProject11/NCR_Noida_Delhi_Gurgaon (91).pdf
2026-06-11 09:44:51  INFO      Unique emails found: 0  |  Excluded (domain/email filter): 0
2026-06-11 09:44:51  INFO      Already sent (all time): 1209  |  New to send today: 0
2026-06-11 09:44:51  INFO      No new recipients — nothing to do.
2026-06-11 09:45:10  INFO      📅 Daily cap: 250 | Sent today: 0 | Remaining: 250
2026-06-11 09:45:10  INFO      ⛔ Excluded domains (27): bonami.in, cgi.com, cognizant.com, dotpe.in, dronamaps.com, earthclock.in, embglobal.com, grappus.com, herovired.com, hudle.in, idreamcareer.com, infosys.com, legistify.com, locofast.com, ongrid.in, primathon.in, pushowl.com, questt.com, raftlabs.co, rayosys.com, scuderia.in, sparkeighteen.com, squareboat.com, squareops.com, tradingwithvivek.com, venturasecurities.com, wizzybox.com
2026-06-11 09:45:10  INFO      Reading PDF: NCR_Noida_Delhi_Gurgaon (92).pdf
2026-06-11 09:45:10  DEBUG     ⛔ Excluded: info@jobcurator.in
2026-06-11 09:45:11  DEBUG     ⛔ Excluded: info@jobcurator.in
2026-06-11 09:45:11  DEBUG     ⛔ Excluded: info@jobcurator.in
2026-06-11 09:45:11  DEBUG     ⛔ Excluded: info@jobcurator.in
2026-06-11 09:45:12  DEBUG     ⛔ Excluded: info@jobcurator.in
2026-06-11 09:45:12  DEBUG     ⛔ Excluded: info@jobcurator.in
2026-06-11 09:45:12  DEBUG     ⛔ Excluded: info@jobcurator.in
2026-06-11 09:45:12  DEBUG     ⛔ Excluded: info@jobcurator.in
2026-06-11 09:45:13  DEBUG     ⛔ Excluded: info@jobcurator.in
2026-06-11 09:45:13  DEBUG     ⛔ Excluded: info@jobcurator.in
2026-06-11 09:45:13  DEBUG     ⛔ Excluded: info@jobcurator.in
2026-06-11 09:45:14  DEBUG     ⛔ Excluded: info@jobcurator.in
2026-06-11 09:45:14  DEBUG     ⛔ Excluded: info@jobcurator.in
2026-06-11 09:45:14  DEBUG     ⛔ Excluded: info@jobcurator.in
2026-06-11 09:45:14  DEBUG     ⛔ Excluded: info@jobcurator.in
2026-06-11 09:45:14  DEBUG     ⛔ Excluded: info@jobcurator.in
2026-06-11 09:45:15  DEBUG     ⛔ Excluded: info@jobcurator.in
2026-06-11 09:45:15  DEBUG     ⛔ Excluded: info@jobcurator.in
2026-06-11 09:45:15  DEBUG     ⛔ Excluded: info@jobcurator.in
2026-06-11 09:45:15  DEBUG     ⛔ Excluded: info@jobcurator.in
2026-06-11 09:45:15  DEBUG     ⛔ Excluded: info@jobcurator.in
2026-06-11 09:45:15  DEBUG     ⛔ Excluded: info@jobcurator.in
2026-06-11 09:45:15  DEBUG     ⛔ Excluded: info@jobcurator.in
2026-06-11 09:45:15  INFO      Unique emails found: 35  |  Excluded (domain/email filter): 23
2026-06-11 09:45:15  INFO      Already sent (all time): 1209  |  New to send today: 28
2026-06-11 09:45:15  INFO      🚀 Starting send: 28 emails | Batch size: 40 | Max/hour: 55
2026-06-11 09:45:17  INFO      ✅ SMTP connected
2026-06-11 09:45:21  INFO      ✔ [1/28] Sent → akansha.agarwal@nagarro.com
2026-06-11 09:45:30  INFO      ✔ [2/28] Sent → apurva.naphade@aqmtechnologies.com
2026-06-11 09:45:36  INFO      ✔ [3/28] Sent → armaan.singh@programming.com
2026-06-11 09:45:44  INFO      ✔ [4/28] Sent → arshiya.shaik@creativets.in
2026-06-11 09:45:51  INFO      ✔ [5/28] Sent → careers@aqmtechnologies.com
2026-06-11 09:45:51  DEBUG     Domain burst pause (aqmtechnologies.com): 22.8s
2026-06-11 09:46:21  INFO      ✔ [6/28] Sent → careers@ingenuitygaming.com
2026-06-11 09:46:30  INFO      ✔ [7/28] Sent → chanchal@metafic.co
2026-06-11 09:46:41  INFO      ✔ [8/28] Sent → divya@fusionevalx.ai
2026-06-11 09:46:48  INFO      ✔ [9/28] Sent → gokila@reveilletechnologies.com
2026-06-11 09:46:56  INFO      ✔ [10/28] Sent → gunveen.sharma1@sourcefuse.com
2026-06-11 09:47:05  INFO      ✔ [11/28] Sent → hr@elitemindz.co
2026-06-11 09:47:14  INFO      ✔ [12/28] Sent → katha.mahajan@atain.com
2026-06-11 09:47:21  INFO      ✔ [13/28] Sent → mandloipriyankavts@gmail.com
2026-06-11 09:47:27  INFO      ✔ [14/28] Sent → namrata.kumari@amzbizsol.in
2026-06-11 09:47:33  INFO      ✔ [15/28] Sent → navaneethan@reveilletechnologies.com
2026-06-11 09:47:33  DEBUG     Domain burst pause (reveilletechnologies.com): 18.5s
2026-06-11 09:48:02  INFO      ✔ [16/28] Sent → neha.sandurea@godoublu.com
2026-06-11 09:48:09  INFO      ✔ [17/28] Sent → pooja@hirequkly.com
2026-06-11 09:48:19  INFO      ✔ [18/28] Sent → radhika.yadav@quantumcommit.com
2026-06-11 09:48:27  INFO      ✔ [19/28] Sent → rathika.c@smartitframe.com
2026-06-11 09:48:37  INFO      ✔ [20/28] Sent → reshmi@techadvanceglobalsolutions.com
2026-06-11 09:48:44  INFO      ✔ [21/28] Sent → rishika@drabito.com
2026-06-11 09:48:51  INFO      ✔ [22/28] Sent → ritesh.ghadi@centricconsulting.com
2026-06-11 09:49:01  INFO      ✔ [23/28] Sent → sales@nexonsolution.com
2026-06-11 09:49:08  INFO      ✔ [24/28] Sent → santhosh.shetty@godoublu.com
2026-06-11 09:49:08  DEBUG     Domain burst pause (godoublu.com): 18.2s
2026-06-11 09:49:33  INFO      ✔ [25/28] Sent → shruti.tiwari@invarsys.com
2026-06-11 09:49:41  INFO      ✔ [26/28] Sent → soni.saraswat@godoublu.com
2026-06-11 09:49:48  INFO      ✔ [27/28] Sent → sowmya.t@melayati.com
2026-06-11 09:49:58  INFO      ✔ [28/28] Sent → vksri@calireqa.com
2026-06-11 09:50:02  INFO      🎉 Done — 28/28 emails sent today.
2026-06-11 09:50:02  INFO      📊 Total sent all time: 1237
2026-06-11 09:50:02  INFO      All emails sent. Deleting source PDF(s)…
2026-06-12 09:10:21  INFO      📅 Daily cap: 250 | Sent today: 0 | Remaining: 250
2026-06-12 09:10:21  INFO      ⛔ Excluded domains (27): bonami.in, cgi.com, cognizant.com, dotpe.in, dronamaps.com, earthclock.in, embglobal.com, grappus.com, herovired.com, hudle.in, idreamcareer.com, infosys.com, legistify.com, locofast.com, ongrid.in, primathon.in, pushowl.com, questt.com, raftlabs.co, rayosys.com, scuderia.in, sparkeighteen.com, squareboat.com, squareops.com, tradingwithvivek.com, venturasecurities.com, wizzybox.com
2026-06-12 09:10:21  INFO      Reading PDF: NCR_Noida_Delhi_Gurgaon (93).pdf
2026-06-12 09:10:21  DEBUG     ⛔ Excluded: info@jobcurator.in
2026-06-12 09:10:22  DEBUG     ⛔ Excluded: info@jobcurator.in
2026-06-12 09:10:22  DEBUG     ⛔ Excluded: info@jobcurator.in
2026-06-12 09:10:22  DEBUG     ⛔ Excluded: info@jobcurator.in
2026-06-12 09:10:22  DEBUG     ⛔ Excluded: info@jobcurator.in
2026-06-12 09:10:22  DEBUG     ⛔ Excluded: info@jobcurator.in
2026-06-12 09:10:22  DEBUG     ⛔ Excluded: info@jobcurator.in
2026-06-12 09:10:22  DEBUG     ⛔ Excluded: info@jobcurator.in
2026-06-12 09:10:22  DEBUG     ⛔ Excluded: info@jobcurator.in
2026-06-12 09:10:22  DEBUG     ⛔ Excluded: info@jobcurator.in
2026-06-12 09:10:22  DEBUG     ⛔ Excluded: info@jobcurator.in
2026-06-12 09:10:23  DEBUG     ⛔ Excluded: info@jobcurator.in
2026-06-12 09:10:23  DEBUG     ⛔ Excluded: info@jobcurator.in
2026-06-12 09:10:23  DEBUG     ⛔ Excluded: info@jobcurator.in
2026-06-12 09:10:23  DEBUG     ⛔ Excluded: info@jobcurator.in
2026-06-12 09:10:23  DEBUG     ⛔ Excluded: info@jobcurator.in
2026-06-12 09:10:23  DEBUG     ⛔ Excluded: info@jobcurator.in
2026-06-12 09:10:23  DEBUG     ⛔ Excluded: info@jobcurator.in
2026-06-12 09:10:23  DEBUG     ⛔ Excluded: info@jobcurator.in
2026-06-12 09:10:23  DEBUG     ⛔ Excluded: info@jobcurator.in
2026-06-12 09:10:23  DEBUG     ⛔ Excluded: info@jobcurator.in
2026-06-12 09:10:23  DEBUG     ⛔ Excluded: info@jobcurator.in
2026-06-12 09:10:24  DEBUG     ⛔ Excluded: info@jobcurator.in
2026-06-12 09:10:24  DEBUG     ⛔ Excluded: info@jobcurator.in
2026-06-12 09:10:24  DEBUG     ⛔ Excluded: info@jobcurator.in
2026-06-12 09:10:24  DEBUG     ⛔ Excluded: info@jobcurator.in
2026-06-12 09:10:24  DEBUG     ⛔ Excluded: info@jobcurator.in
2026-06-12 09:10:25  DEBUG     ⛔ Excluded: info@jobcurator.in
2026-06-12 09:10:25  DEBUG     ⛔ Excluded: info@jobcurator.in
2026-06-12 09:10:25  DEBUG     ⛔ Excluded: info@jobcurator.in
2026-06-12 09:10:25  DEBUG     ⛔ Excluded: info@jobcurator.in
2026-06-12 09:10:25  DEBUG     ⛔ Excluded: info@jobcurator.in
2026-06-12 09:10:25  DEBUG     ⛔ Excluded: info@jobcurator.in
2026-06-12 09:10:25  DEBUG     ⛔ Excluded: info@jobcurator.in
2026-06-12 09:10:25  INFO      Unique emails found: 53  |  Excluded (domain/email filter): 34
2026-06-12 09:10:25  INFO      Already sent (all time): 1237  |  New to send today: 40
2026-06-12 09:10:25  INFO      🚀 Starting send: 40 emails | Batch size: 40 | Max/hour: 55
2026-06-12 09:10:27  INFO      ✅ SMTP connected
2026-06-12 09:10:30  INFO      ✔ [1/40] Sent → abhishek.kundu@nexturn.com
2026-06-12 09:10:36  INFO      ✔ [2/40] Sent → adithya@symbioticconsultinggroup.com
2026-06-12 09:10:44  INFO      ✔ [3/40] Sent → alvin.atulpaul@metlife.com
2026-06-12 09:10:53  INFO      ✔ [4/40] Sent → aman4sk@gmail.com
2026-06-12 09:10:59  INFO      ✔ [5/40] Sent → anamika@cairovisions.com
2026-06-12 09:11:06  INFO      ✔ [6/40] Sent → anushree.02@freechargebiz.com
2026-06-12 09:11:14  INFO      ✔ [7/40] Sent → balwinder.singh@satintechnologies.com
2026-06-12 09:11:24  INFO      ✔ [8/40] Sent → career@zorder.in
2026-06-12 09:11:33  INFO      ✔ [9/40] Sent → eti.hr@aksitservices.co.in
2026-06-12 09:11:41  INFO      ✔ [10/40] Sent → faiyaz@suretouchleads.com
2026-06-12 09:11:49  INFO      ✔ [11/40] Sent → gaurav.malhotra@irissoftware.com
2026-06-12 09:11:56  INFO      ✔ [12/40] Sent → hr@ablyworks.in
2026-06-12 09:12:05  INFO      ✔ [13/40] Sent → hr@digiexcel.in
2026-06-12 09:12:11  INFO      ✔ [14/40] Sent → hr@sunbirditsolutions.com
2026-06-12 09:12:17  INFO      ✔ [15/40] Sent → info@cornexvora.com
2026-06-12 09:12:25  INFO      ✔ [16/40] Sent → jagriti.sharma@xicom.biz
2026-06-12 09:12:32  INFO      ✔ [17/40] Sent → jyoti@nustartech.com
2026-06-12 09:12:40  INFO      ✔ [18/40] Sent → karan@fxconsulting.in
2026-06-12 09:12:48  INFO      ✔ [19/40] Sent → karthikeyan@hollbornrecruitment.co.uk
2026-06-12 09:12:57  INFO      ✔ [20/40] Sent → komalrecruitmentplate@gmail.com
2026-06-12 09:12:57  DEBUG     Domain burst pause (gmail.com): 22.3s
2026-06-12 09:13:28  INFO      ✔ [21/40] Sent → lavanya855367@gmail.com
2026-06-12 09:13:38  INFO      ✔ [22/40] Sent → madhuric@huquo.com
2026-06-12 09:13:47  INFO      ✔ [23/40] Sent → manikaverma.icspl@gmail.com
2026-06-12 09:13:47  DEBUG     Domain burst pause (gmail.com): 25.4s
2026-06-12 09:14:21  INFO      ✔ [24/40] Sent → monika.malhotra@sourcefuse.com
2026-06-12 09:14:27  INFO      ✔ [25/40] Sent → nandini@theglobalskills.com
2026-06-12 09:14:33  INFO      ✔ [26/40] Sent → neha.rana@xccelera.ai
2026-06-12 09:14:39  INFO      ✔ [27/40] Sent → nikhil@llcscg.com
2026-06-12 09:14:46  INFO      ✔ [28/40] Sent → nikhitham@unifytech.com
2026-06-12 09:14:52  INFO      ✔ [29/40] Sent → nirupama@marketwicks.com
2026-06-12 09:14:59  INFO      ✔ [30/40] Sent → prem.kushwaha@provana.com
2026-06-12 09:15:07  INFO      ✔ [31/40] Sent → priyanshu.agarwal@publicissapient.com
2026-06-12 09:15:14  INFO      ✔ [32/40] Sent → sharashathi.vig@corrohealth.com
2026-06-12 09:15:20  INFO      ✔ [33/40] Sent → shikha.choudhary@magicedtech.com
2026-06-12 09:15:27  INFO      ✔ [34/40] Sent → shubham@zorder.in
2026-06-12 09:15:27  DEBUG     Domain burst pause (zorder.in): 22.0s
2026-06-12 09:15:57  INFO      ✔ [35/40] Sent → shweta@acmedian.com
2026-06-12 09:16:06  INFO      ✔ [36/40] Sent → sneha@mozark.ai
2026-06-12 09:16:14  INFO      ✔ [37/40] Sent → sowmya@ashratech.com
2026-06-12 09:16:21  INFO      ✔ [38/40] Sent → surendrakumarhr@gmail.com
2026-06-12 09:16:29  INFO      ✔ [39/40] Sent → tarun@galaxyitech.com
2026-06-12 09:16:35  INFO      ✔ [40/40] Sent → udit@turingiq.ai
2026-06-12 09:16:41  INFO      🎉 Done — 40/40 emails sent today.
2026-06-12 09:16:41  INFO      📊 Total sent all time: 1277
2026-06-12 09:16:41  INFO      All emails sent. Deleting source PDF(s)…
2026-06-12 09:16:41  INFO      🗑  Deleted PDF: NCR_Noida_Delhi_Gurgaon (93).pdf
2026-06-15 11:44:18  INFO      📅 Daily cap: 250 | Sent today: 0 | Remaining: 250
2026-06-15 11:44:18  INFO      ⛔ Excluded domains (27): bonami.in, cgi.com, cognizant.com, dotpe.in, dronamaps.com, earthclock.in, embglobal.com, grappus.com, herovired.com, hudle.in, idreamcareer.com, infosys.com, legistify.com, locofast.com, ongrid.in, primathon.in, pushowl.com, questt.com, raftlabs.co, rayosys.com, scuderia.in, sparkeighteen.com, squareboat.com, squareops.com, tradingwithvivek.com, venturasecurities.com, wizzybox.com
2026-06-15 11:44:18  INFO      Reading PDF: NCR_Noida_Delhi_Gurgaon (94).pdf
2026-06-15 11:44:19  DEBUG     ⛔ Excluded: info@jobcurator.in
2026-06-15 11:44:19  DEBUG     ⛔ Excluded: info@jobcurator.in
2026-06-15 11:44:19  DEBUG     ⛔ Excluded: info@jobcurator.in
2026-06-15 11:44:19  DEBUG     ⛔ Excluded: info@jobcurator.in
2026-06-15 11:44:20  DEBUG     ⛔ Excluded: info@jobcurator.in
2026-06-15 11:44:20  DEBUG     ⛔ Excluded: info@jobcurator.in
2026-06-15 11:44:20  DEBUG     ⛔ Excluded: info@jobcurator.in
2026-06-15 11:44:20  DEBUG     ⛔ Excluded: info@jobcurator.in
2026-06-15 11:44:20  DEBUG     ⛔ Excluded: info@jobcurator.in
2026-06-15 11:44:20  DEBUG     ⛔ Excluded: info@jobcurator.in
2026-06-15 11:44:21  DEBUG     ⛔ Excluded: info@jobcurator.in
2026-06-15 11:44:21  DEBUG     ⛔ Excluded: info@jobcurator.in
2026-06-15 11:44:21  DEBUG     ⛔ Excluded: info@jobcurator.in
2026-06-15 11:44:21  DEBUG     ⛔ Excluded: info@jobcurator.in
2026-06-15 11:44:21  DEBUG     ⛔ Excluded: info@jobcurator.in
2026-06-15 11:44:21  DEBUG     ⛔ Excluded: info@jobcurator.in
2026-06-15 11:44:21  DEBUG     ⛔ Excluded: info@jobcurator.in
2026-06-15 11:44:21  DEBUG     ⛔ Excluded: info@jobcurator.in
2026-06-15 11:44:22  DEBUG     ⛔ Excluded: info@jobcurator.in
2026-06-15 11:44:22  DEBUG     ⛔ Excluded: info@jobcurator.in
2026-06-15 11:44:22  INFO      Unique emails found: 31  |  Excluded (domain/email filter): 20
2026-06-15 11:44:22  INFO      Already sent (all time): 1277  |  New to send today: 22
2026-06-15 11:44:22  INFO      🚀 Starting send: 22 emails | Batch size: 40 | Max/hour: 55
2026-06-15 11:44:23  INFO      ✅ SMTP connected
2026-06-15 11:44:26  INFO      ✔ [1/22] Sent → abhishek.m@livecjobs.com
2026-06-15 11:44:35  INFO      ✔ [2/22] Sent → anjum@binqle.com
2026-06-15 11:44:45  INFO      ✔ [3/22] Sent → arvind.nair@healthclickaway.com
2026-06-15 11:44:53  INFO      ✔ [4/22] Sent → careers@aertrip.com
2026-06-15 11:45:03  INFO      ✔ [5/22] Sent → himalay.pasnur@dxc.com
2026-06-15 11:45:11  INFO      ✔ [6/22] Sent → hr@essitco.com
2026-06-15 11:45:18  INFO      ✔ [7/22] Sent → manisha.kumari@programming.com
2026-06-15 11:45:26  INFO      ✔ [8/22] Sent → mayank@digipanda.co.in
2026-06-15 11:45:36  INFO      ✔ [9/22] Sent → monal.gupta@programming.com
2026-06-15 11:45:36  DEBUG     Domain burst pause (programming.com): 17.3s
2026-06-15 11:46:00  INFO      ✔ [10/22] Sent → mounika.p@tekskills.in
2026-06-15 11:46:09  INFO      ✔ [11/22] Sent → pooja.bisht@flairdeck.com
2026-06-15 11:46:17  INFO      ✔ [12/22] Sent → pooja@themesoft.com
2026-06-15 11:46:25  INFO      ✔ [13/22] Sent → recruitment@acobloom.com
2026-06-15 11:46:34  INFO      ✔ [14/22] Sent → resumes@acmedian.com
2026-06-15 11:46:40  INFO      ✔ [15/22] Sent → richa@indovisionservices.in
2026-06-15 11:46:48  INFO      ✔ [16/22] Sent → saijal.jain@cloudanalogy.com
2026-06-15 11:46:54  INFO      ✔ [17/22] Sent → shsingh@quicketsolutions.com
2026-06-15 11:47:01  INFO      ✔ [18/22] Sent → skrekha@innominds.com
2026-06-15 11:47:08  INFO      ✔ [19/22] Sent → somin@gopaisa.in
2026-06-15 11:47:18  INFO      ✔ [20/22] Sent → sowmyaj@hexaware.com
2026-06-15 11:47:27  INFO      ✔ [21/22] Sent → vidhi.solanki@nx-block.com
2026-06-15 11:47:34  INFO      ✔ [22/22] Sent → vijay@searchlyst.com
2026-06-15 11:47:40  INFO      🎉 Done — 22/22 emails sent today.
2026-06-15 11:47:40  INFO      📊 Total sent all time: 1299
2026-06-15 11:47:40  INFO      All emails sent. Deleting source PDF(s)…
2026-06-15 11:47:40  INFO      🗑  Deleted PDF: NCR_Noida_Delhi_Gurgaon (94).pdf
2026-06-16 09:05:27  INFO      📅 Daily cap: 250 | Sent today: 0 | Remaining: 250
2026-06-16 09:05:27  INFO      ⛔ Excluded domains (27): bonami.in, cgi.com, cognizant.com, dotpe.in, dronamaps.com, earthclock.in, embglobal.com, grappus.com, herovired.com, hudle.in, idreamcareer.com, infosys.com, legistify.com, locofast.com, ongrid.in, primathon.in, pushowl.com, questt.com, raftlabs.co, rayosys.com, scuderia.in, sparkeighteen.com, squareboat.com, squareops.com, tradingwithvivek.com, venturasecurities.com, wizzybox.com
2026-06-16 09:05:27  INFO      Reading PDF: NCR_Noida_Delhi_Gurgaon (94).pdf
2026-06-16 09:05:27  DEBUG     ⛔ Excluded: info@jobcurator.in
2026-06-16 09:05:28  DEBUG     ⛔ Excluded: info@jobcurator.in
2026-06-16 09:05:28  DEBUG     ⛔ Excluded: info@jobcurator.in
2026-06-16 09:05:28  DEBUG     ⛔ Excluded: info@jobcurator.in
2026-06-16 09:05:28  DEBUG     ⛔ Excluded: info@jobcurator.in
2026-06-16 09:05:28  DEBUG     ⛔ Excluded: info@jobcurator.in
2026-06-16 09:05:28  DEBUG     ⛔ Excluded: info@jobcurator.in
2026-06-16 09:05:28  DEBUG     ⛔ Excluded: info@jobcurator.in
2026-06-16 09:05:28  DEBUG     ⛔ Excluded: info@jobcurator.in
2026-06-16 09:05:28  DEBUG     ⛔ Excluded: careers@sparkeighteen.com
2026-06-16 09:05:28  DEBUG     ⛔ Excluded: info@jobcurator.in
2026-06-16 09:05:28  DEBUG     ⛔ Excluded: info@jobcurator.in
2026-06-16 09:05:28  DEBUG     ⛔ Excluded: info@jobcurator.in
2026-06-16 09:05:28  DEBUG     ⛔ Excluded: info@jobcurator.in
2026-06-16 09:05:28  DEBUG     ⛔ Excluded: info@jobcurator.in
2026-06-16 09:05:28  DEBUG     ⛔ Excluded: info@jobcurator.in
2026-06-16 09:05:29  DEBUG     ⛔ Excluded: info@jobcurator.in
2026-06-16 09:05:29  DEBUG     ⛔ Excluded: info@jobcurator.in
2026-06-16 09:05:29  DEBUG     ⛔ Excluded: info@jobcurator.in
2026-06-16 09:05:29  DEBUG     ⛔ Excluded: info@jobcurator.in
2026-06-16 09:05:29  DEBUG     ⛔ Excluded: info@jobcurator.in
2026-06-16 09:05:29  DEBUG     ⛔ Excluded: info@jobcurator.in
2026-06-16 09:05:29  DEBUG     ⛔ Excluded: info@jobcurator.in
2026-06-16 09:05:29  DEBUG     ⛔ Excluded: info@jobcurator.in
2026-06-16 09:05:29  DEBUG     ⛔ Excluded: info@jobcurator.in
2026-06-16 09:05:29  DEBUG     ⛔ Excluded: info@jobcurator.in
2026-06-16 09:05:29  DEBUG     ⛔ Excluded: info@jobcurator.in
2026-06-16 09:05:29  DEBUG     ⛔ Excluded: info@jobcurator.in
2026-06-16 09:05:29  DEBUG     ⛔ Excluded: info@jobcurator.in
2026-06-16 09:05:29  DEBUG     ⛔ Excluded: info@jobcurator.in
2026-06-16 09:05:29  DEBUG     ⛔ Excluded: info@jobcurator.in
2026-06-16 09:05:29  DEBUG     ⛔ Excluded: info@jobcurator.in
2026-06-16 09:05:29  DEBUG     ⛔ Excluded: info@jobcurator.in
2026-06-16 09:05:29  DEBUG     ⛔ Excluded: info@jobcurator.in
2026-06-16 09:05:29  INFO      Unique emails found: 47  |  Excluded (domain/email filter): 34
2026-06-16 09:05:29  INFO      Already sent (all time): 1299  |  New to send today: 29
2026-06-16 09:05:29  INFO      🚀 Starting send: 29 emails | Batch size: 40 | Max/hour: 55
2026-06-16 09:05:31  INFO      ✅ SMTP connected
2026-06-16 09:05:34  INFO      ✔ [1/29] Sent → aman.pandey@c-zentrix.com
2026-06-16 09:05:41  INFO      ✔ [2/29] Sent → anchal.kaushik@rentilium.com
2026-06-16 09:05:50  INFO      ✔ [3/29] Sent → anshika.saxena@sparxitsolutions.com
2026-06-16 09:05:57  INFO      ✔ [4/29] Sent → ayushi.chaudhary@patanjalirenewable.com
2026-06-16 09:06:03  INFO      ✔ [5/29] Sent → career@datopic.com
2026-06-16 09:06:13  INFO      ✔ [6/29] Sent → chhaya.sethi@centricconsulting.com
2026-06-16 09:06:24  INFO      ✔ [7/29] Sent → divyanshi.naithani@irissoftware.com
2026-06-16 09:06:34  INFO      ✔ [8/29] Sent → hira@xlit.co
2026-06-16 09:06:40  INFO      ✔ [9/29] Sent → hiring@cloudcertitude.com
2026-06-16 09:06:48  INFO      ✔ [10/29] Sent → hr@c-zentrix.com
2026-06-16 09:06:48  DEBUG     Domain burst pause (c-zentrix.com): 17.9s
2026-06-16 09:07:11  INFO      ✔ [11/29] Sent → hr@geekfind.in
2026-06-16 09:07:22  INFO      ✔ [12/29] Sent → jayanth@sprintint.in
2026-06-16 09:07:30  INFO      ✔ [13/29] Sent → jyoti.kaur@programming.com
2026-06-16 09:07:40  INFO      ✔ [14/29] Sent → kundan.jha@rentilium.com
2026-06-16 09:07:40  DEBUG     Domain burst pause (rentilium.com): 23.2s
2026-06-16 09:08:10  INFO      ✔ [15/29] Sent → manish.singhal@irissoftware.com
2026-06-16 09:08:10  DEBUG     Domain burst pause (irissoftware.com): 20.5s
2026-06-16 09:08:37  INFO      ✔ [16/29] Sent → manjulathak@employee-hire.com
2026-06-16 09:08:46  INFO      ✔ [17/29] Sent → mitali.shrivastav@supersourcing.com
2026-06-16 09:08:54  INFO      ✔ [18/29] Sent → monika.yadav@staffingine.com
2026-06-16 09:09:04  INFO      ✔ [19/29] Sent → palak@eitbiz.com
2026-06-16 09:09:12  INFO      ✔ [20/29] Sent → pragya@sprintint.in
2026-06-16 09:09:12  DEBUG     Domain burst pause (sprintint.in): 17.8s
2026-06-16 09:09:38  INFO      ✔ [21/29] Sent → preeti.bedi@programming.com
2026-06-16 09:09:38  DEBUG     Domain burst pause (programming.com): 20.7s
2026-06-16 09:10:08  INFO      ✔ [22/29] Sent → simran.sah@ahomtech.com
2026-06-16 09:10:17  INFO      ✔ [23/29] Sent → sipra@saanvinexus.com
2026-06-16 09:10:28  INFO      ✔ [24/29] Sent → soumya@saanvinexus.com
2026-06-16 09:10:28  DEBUG     Domain burst pause (saanvinexus.com): 27.7s
2026-06-16 09:11:03  INFO      ✔ [25/29] Sent → sourcing@resoftwa.com
2026-06-16 09:11:10  INFO      ✔ [26/29] Sent → sravya@mpowerelyte.com
2026-06-16 09:11:20  INFO      ✔ [27/29] Sent → vanshika@cognitute.org
2026-06-16 09:11:28  INFO      ✔ [28/29] Sent → vasudha@silverlinktechnologies.com
2026-06-16 09:11:38  INFO      ✔ [29/29] Sent → yugain.sharma@genpact.com
2026-06-16 09:11:43  INFO      🎉 Done — 29/29 emails sent today.
2026-06-16 09:11:43  INFO      📊 Total sent all time: 1328
2026-06-16 09:11:43  INFO      All emails sent. Deleting source PDF(s)…
2026-06-16 09:11:43  INFO      🗑  Deleted PDF: NCR_Noida_Delhi_Gurgaon (94).pdf
2026-06-19 08:48:35  INFO      📅 Daily cap: 250 | Sent today: 0 | Remaining: 250
2026-06-19 08:48:35  INFO      ⛔ Excluded domains (27): bonami.in, cgi.com, cognizant.com, dotpe.in, dronamaps.com, earthclock.in, embglobal.com, grappus.com, herovired.com, hudle.in, idreamcareer.com, infosys.com, legistify.com, locofast.com, ongrid.in, primathon.in, pushowl.com, questt.com, raftlabs.co, rayosys.com, scuderia.in, sparkeighteen.com, squareboat.com, squareops.com, tradingwithvivek.com, venturasecurities.com, wizzybox.com
2026-06-19 08:48:35  INFO      Reading PDF: NCR_Noida_Delhi_Gurgaon (6).pdf
2026-06-19 08:48:35  DEBUG     ⛔ Excluded: info@jobcurator.in
2026-06-19 08:48:35  DEBUG     ⛔ Excluded: info@jobcurator.in
2026-06-19 08:48:35  DEBUG     ⛔ Excluded: info@jobcurator.in
2026-06-19 08:48:35  DEBUG     ⛔ Excluded: info@jobcurator.in
2026-06-19 08:48:35  DEBUG     ⛔ Excluded: info@jobcurator.in
2026-06-19 08:48:35  DEBUG     ⛔ Excluded: info@jobcurator.in
2026-06-19 08:48:35  DEBUG     ⛔ Excluded: info@jobcurator.in
2026-06-19 08:48:35  DEBUG     ⛔ Excluded: info@jobcurator.in
2026-06-19 08:48:35  DEBUG     ⛔ Excluded: info@jobcurator.in
2026-06-19 08:48:35  DEBUG     ⛔ Excluded: info@jobcurator.in
2026-06-19 08:48:35  DEBUG     ⛔ Excluded: info@jobcurator.in
2026-06-19 08:48:35  DEBUG     ⛔ Excluded: info@jobcurator.in
2026-06-19 08:48:35  DEBUG     ⛔ Excluded: info@jobcurator.in
2026-06-19 08:48:35  DEBUG     ⛔ Excluded: info@jobcurator.in
2026-06-19 08:48:35  DEBUG     ⛔ Excluded: info@jobcurator.in
2026-06-19 08:48:36  DEBUG     ⛔ Excluded: info@jobcurator.in
2026-06-19 08:48:36  DEBUG     ⛔ Excluded: info@jobcurator.in
2026-06-19 08:48:36  DEBUG     ⛔ Excluded: info@jobcurator.in
2026-06-19 08:48:36  DEBUG     ⛔ Excluded: info@jobcurator.in
2026-06-19 08:48:36  DEBUG     ⛔ Excluded: info@jobcurator.in
2026-06-19 08:48:36  DEBUG     ⛔ Excluded: info@jobcurator.in
2026-06-19 08:48:36  DEBUG     ⛔ Excluded: info@jobcurator.in
2026-06-19 08:48:36  DEBUG     ⛔ Excluded: info@jobcurator.in
2026-06-19 08:48:36  DEBUG     ⛔ Excluded: info@jobcurator.in
2026-06-19 08:48:36  DEBUG     ⛔ Excluded: info@jobcurator.in
2026-06-19 08:48:36  DEBUG     ⛔ Excluded: info@jobcurator.in
2026-06-19 08:48:36  DEBUG     ⛔ Excluded: info@jobcurator.in
2026-06-19 08:48:36  DEBUG     ⛔ Excluded: info@jobcurator.in
2026-06-19 08:48:36  DEBUG     ⛔ Excluded: info@jobcurator.in
2026-06-19 08:48:36  INFO      Unique emails found: 43  |  Excluded (domain/email filter): 29
2026-06-19 08:48:36  INFO      Already sent (all time): 1328  |  New to send today: 31
2026-06-19 08:48:36  INFO      🚀 Starting send: 31 emails | Batch size: 40 | Max/hour: 55
2026-06-19 08:48:38  INFO      ✅ SMTP connected
2026-06-19 08:48:40  INFO      ✔ [1/31] Sent → abhay.singh@bold.com
2026-06-19 08:48:48  INFO      ✔ [2/31] Sent → akash.r@techedge-solution.com
2026-06-19 08:48:56  INFO      ✔ [3/31] Sent → ankit@theopenlimits.com
2026-06-19 08:49:03  INFO      ✔ [4/31] Sent → balveerkumar971892@gmail.com
2026-06-19 08:49:12  INFO      ✔ [5/31] Sent → careers@fortuneconsultancy.org
2026-06-19 08:49:19  INFO      ✔ [6/31] Sent → connect@pgmservices.in
2026-06-19 08:49:27  INFO      ✔ [7/31] Sent → devi.mohan@dprsolutionsinc.com
2026-06-19 08:49:33  INFO      ✔ [8/31] Sent → fatima@allyted.com
2026-06-19 08:49:41  INFO      ✔ [9/31] Sent → gpiyush4997@gmail.com
2026-06-19 08:49:41  DEBUG     Domain burst pause (gmail.com): 20.3s
2026-06-19 08:50:09  INFO      ✔ [10/31] Sent → hiring@mobifly.in
2026-06-19 08:50:17  INFO      ✔ [11/31] Sent → hr@anphix.com
2026-06-19 08:50:24  INFO      ✔ [12/31] Sent → info@peopleinfraconsulting.com
2026-06-19 08:50:31  INFO      ✔ [13/31] Sent → jahanvi.jhingran@qagenic.com
2026-06-19 08:50:38  INFO      ✔ [14/31] Sent → kalyani.jadhav@atain.com
2026-06-19 08:50:46  INFO      ✔ [15/31] Sent → karan.srivastav@genpact.com
2026-06-19 08:50:52  INFO      ✔ [16/31] Sent → kunal.gupta@minditsystems.com
2026-06-19 08:51:01  INFO      ✔ [17/31] Sent → kunal@theopenlimits.com
2026-06-19 08:51:01  DEBUG     Domain burst pause (theopenlimits.com): 22.2s
2026-06-19 08:51:29  INFO      ✔ [18/31] Sent → mokshaparmar4@gmail.com
2026-06-19 08:51:37  INFO      ✔ [19/31] Sent → nandanigoel@michaelpage.co.in
2026-06-19 08:51:45  INFO      ✔ [20/31] Sent → narendra.n@tachyontech.com
2026-06-19 08:51:51  INFO      ✔ [21/31] Sent → pooja.sharma1@programming.comc
2026-06-19 08:51:59  INFO      ✔ [22/31] Sent → prabhjot.kaur@fre8.com
2026-06-19 08:52:07  INFO      ✔ [23/31] Sent → prakash.paul@sparxitsolutions.com
2026-06-19 08:52:13  INFO      ✔ [24/31] Sent → prashant.tiwari@atharvalab.com
2026-06-19 08:52:22  INFO      ✔ [25/31] Sent → rishi@nexgeniots.com
2026-06-19 08:52:29  INFO      ✔ [26/31] Sent → sachin@questhiring.com
2026-06-19 08:52:36  INFO      ✔ [27/31] Sent → shrasti.soni@tekfortune.com
2026-06-19 08:52:44  INFO      ✔ [28/31] Sent → shruti.srivastava@excelonsolutions.com
2026-06-19 08:52:53  INFO      ✔ [29/31] Sent → syadav@quicketsolutions.com
2026-06-19 08:52:59  INFO      ✔ [30/31] Sent → venu.billapati@gspann.com
2026-06-19 08:53:06  INFO      ✔ [31/31] Sent → vidisha.khobragade@orcapod.work
2026-06-19 08:53:12  INFO      🎉 Done — 31/31 emails sent today.
2026-06-19 08:53:12  INFO      📊 Total sent all time: 1359
2026-06-19 08:53:12  INFO      All emails sent. Deleting source PDF(s)…
2026-06-23 09:04:42  INFO      📅 Daily cap: 250 | Sent today: 0 | Remaining: 250
2026-06-23 09:04:42  INFO      ⛔ Excluded domains (27): bonami.in, cgi.com, cognizant.com, dotpe.in, dronamaps.com, earthclock.in, embglobal.com, grappus.com, herovired.com, hudle.in, idreamcareer.com, infosys.com, legistify.com, locofast.com, ongrid.in, primathon.in, pushowl.com, questt.com, raftlabs.co, rayosys.com, scuderia.in, sparkeighteen.com, squareboat.com, squareops.com, tradingwithvivek.com, venturasecurities.com, wizzybox.com
2026-06-23 09:04:42  INFO      Reading PDF: NCR_Noida_Delhi_Gurgaon (8).pdf
2026-06-23 09:04:42  DEBUG     ⛔ Excluded: info@jobcurator.in
2026-06-23 09:04:42  DEBUG     ⛔ Excluded: info@jobcurator.in
2026-06-23 09:04:42  DEBUG     ⛔ Excluded: info@jobcurator.in
2026-06-23 09:04:42  DEBUG     ⛔ Excluded: info@jobcurator.in
2026-06-23 09:04:42  DEBUG     ⛔ Excluded: info@jobcurator.in
2026-06-23 09:04:42  DEBUG     ⛔ Excluded: info@jobcurator.in
2026-06-23 09:04:42  DEBUG     ⛔ Excluded: info@jobcurator.in
2026-06-23 09:04:42  DEBUG     ⛔ Excluded: info@jobcurator.in
2026-06-23 09:04:42  DEBUG     ⛔ Excluded: info@jobcurator.in
2026-06-23 09:04:42  DEBUG     ⛔ Excluded: info@jobcurator.in
2026-06-23 09:04:42  DEBUG     ⛔ Excluded: info@jobcurator.in
2026-06-23 09:04:42  DEBUG     ⛔ Excluded: info@jobcurator.in
2026-06-23 09:04:42  DEBUG     ⛔ Excluded: info@jobcurator.in
2026-06-23 09:04:42  DEBUG     ⛔ Excluded: info@jobcurator.in
2026-06-23 09:04:42  DEBUG     ⛔ Excluded: info@jobcurator.in
2026-06-23 09:04:43  DEBUG     ⛔ Excluded: info@jobcurator.in
2026-06-23 09:04:43  DEBUG     ⛔ Excluded: info@jobcurator.in
2026-06-23 09:04:43  DEBUG     ⛔ Excluded: info@jobcurator.in
2026-06-23 09:04:43  DEBUG     ⛔ Excluded: info@jobcurator.in
2026-06-23 09:04:43  DEBUG     ⛔ Excluded: info@jobcurator.in
2026-06-23 09:04:43  DEBUG     ⛔ Excluded: info@jobcurator.in
2026-06-23 09:04:43  DEBUG     ⛔ Excluded: info@jobcurator.in
2026-06-23 09:04:43  DEBUG     ⛔ Excluded: info@jobcurator.in
2026-06-23 09:04:43  INFO      Unique emails found: 37  |  Excluded (domain/email filter): 23
2026-06-23 09:04:43  INFO      Already sent (all time): 1359  |  New to send today: 24
2026-06-23 09:04:43  INFO      🚀 Starting send: 24 emails | Batch size: 40 | Max/hour: 55
2026-06-23 09:04:45  INFO      ✅ SMTP connected
2026-06-23 09:04:48  INFO      ✔ [1/24] Sent → aanchal.mahajan@programming.com
2026-06-23 09:04:53  INFO      ✔ [2/24] Sent → abhiravinsol@gmail.com
2026-06-23 09:05:00  INFO      ✔ [3/24] Sent → amarjit.roy@pwc.com
2026-06-23 09:05:06  INFO      ✔ [4/24] Sent → anshika.kush@hexaviewtech.com
2026-06-23 09:05:15  INFO      ✔ [5/24] Sent → chennai@brraysoft.com
2026-06-23 09:05:21  INFO      ✔ [6/24] Sent → deepali.amitjawalkar@adecco.com
2026-06-23 09:05:30  INFO      ✔ [7/24] Sent → diksha@natalieconsultants.com
2026-06-23 09:05:37  INFO      ✔ [8/24] Sent → droutray@pepperflakes.in
2026-06-23 09:05:45  INFO      ✔ [9/24] Sent → hr@infinititechsolution.com
2026-06-23 09:05:53  INFO      ✔ [10/24] Sent → hrconnect@91mobiles.com
2026-06-23 09:06:01  INFO      ✔ [11/24] Sent → mangala.hanamshetty.tpr@pwc.com
2026-06-23 09:06:01  DEBUG     Domain burst pause (pwc.com): 21.2s
2026-06-23 09:06:32  INFO      ✔ [12/24] Sent → manik@ravinsol.com
2026-06-23 09:06:41  INFO      ✔ [13/24] Sent → mohit@grubpac.com
2026-06-23 09:06:47  INFO      ✔ [14/24] Sent → pradeep.singh@softcoresolutions.com
2026-06-23 09:06:53  INFO      ✔ [15/24] Sent → psobhagya@teksystems.com
2026-06-23 09:07:00  INFO      ✔ [16/24] Sent → raguraman.a@bct-consulting.com
2026-06-23 09:07:08  INFO      ✔ [17/24] Sent → ravalip@tblocks.com
2026-06-23 09:07:16  INFO      ✔ [18/24] Sent → raveena.fular@digimoksha.com
2026-06-23 09:07:24  INFO      ✔ [19/24] Sent → reenaverma@avivys.com
2026-06-23 09:07:32  INFO      ✔ [20/24] Sent → smone01@altimetrik.com
2026-06-23 09:07:41  INFO      ✔ [21/24] Sent → srishti.rai@qplusstaffing.com
2026-06-23 09:07:51  INFO      ✔ [22/24] Sent → swati.vk@delphieconsulting.in
2026-06-23 09:08:01  INFO      ✔ [23/24] Sent → vidya.p@cloudorbit.tech
2026-06-23 09:08:08  INFO      ✔ [24/24] Sent → zeenat.usmani@irissoftware.com
2026-06-23 09:08:12  INFO      🎉 Done — 24/24 emails sent today.
2026-06-23 09:08:12  INFO      📊 Total sent all time: 1383
2026-06-23 09:08:12  INFO      All emails sent. Deleting source PDF(s)…
2026-06-23 09:08:12  INFO      🗑  Deleted PDF: NCR_Noida_Delhi_Gurgaon (8).pdf
2026-06-24 09:39:48  INFO      📅 Daily cap: 250 | Sent today: 0 | Remaining: 250
2026-06-24 09:39:48  INFO      ⛔ Excluded domains (27): bonami.in, cgi.com, cognizant.com, dotpe.in, dronamaps.com, earthclock.in, embglobal.com, grappus.com, herovired.com, hudle.in, idreamcareer.com, infosys.com, legistify.com, locofast.com, ongrid.in, primathon.in, pushowl.com, questt.com, raftlabs.co, rayosys.com, scuderia.in, sparkeighteen.com, squareboat.com, squareops.com, tradingwithvivek.com, venturasecurities.com, wizzybox.com
2026-06-24 09:39:48  INFO      Reading PDF: NCR_Noida_Delhi_Gurgaon (9).pdf
2026-06-24 09:39:49  DEBUG     ⛔ Excluded: info@jobcurator.in
2026-06-24 09:39:49  DEBUG     ⛔ Excluded: info@jobcurator.in
2026-06-24 09:39:49  DEBUG     ⛔ Excluded: info@jobcurator.in
2026-06-24 09:39:50  DEBUG     ⛔ Excluded: info@jobcurator.in
2026-06-24 09:39:50  DEBUG     ⛔ Excluded: info@jobcurator.in
2026-06-24 09:39:50  DEBUG     ⛔ Excluded: info@jobcurator.in
2026-06-24 09:39:50  DEBUG     ⛔ Excluded: info@jobcurator.in
2026-06-24 09:39:50  DEBUG     ⛔ Excluded: info@jobcurator.in
2026-06-24 09:39:50  DEBUG     ⛔ Excluded: info@jobcurator.in
2026-06-24 09:39:51  DEBUG     ⛔ Excluded: info@jobcurator.in
2026-06-24 09:39:51  DEBUG     ⛔ Excluded: info@jobcurator.in
2026-06-24 09:39:51  DEBUG     ⛔ Excluded: info@jobcurator.in
2026-06-24 09:39:51  DEBUG     ⛔ Excluded: info@jobcurator.in
2026-06-24 09:39:51  DEBUG     ⛔ Excluded: info@jobcurator.in
2026-06-24 09:39:51  DEBUG     ⛔ Excluded: info@jobcurator.in
2026-06-24 09:39:51  DEBUG     ⛔ Excluded: info@jobcurator.in
2026-06-24 09:39:52  DEBUG     ⛔ Excluded: info@jobcurator.in
2026-06-24 09:39:52  DEBUG     ⛔ Excluded: info@jobcurator.in
2026-06-24 09:39:52  DEBUG     ⛔ Excluded: info@jobcurator.in
2026-06-24 09:39:52  DEBUG     ⛔ Excluded: info@jobcurator.in
2026-06-24 09:39:52  DEBUG     ⛔ Excluded: info@jobcurator.in
2026-06-24 09:39:52  DEBUG     ⛔ Excluded: info@jobcurator.in
2026-06-24 09:39:52  DEBUG     ⛔ Excluded: info@jobcurator.in
2026-06-24 09:39:52  DEBUG     ⛔ Excluded: info@jobcurator.in
2026-06-24 09:39:52  DEBUG     ⛔ Excluded: info@jobcurator.in
2026-06-24 09:39:52  DEBUG     ⛔ Excluded: info@jobcurator.in
2026-06-24 09:39:52  DEBUG     ⛔ Excluded: info@jobcurator.in
2026-06-24 09:39:53  DEBUG     ⛔ Excluded: info@jobcurator.in
2026-06-24 09:39:53  INFO      Unique emails found: 37  |  Excluded (domain/email filter): 28
2026-06-24 09:39:53  INFO      Already sent (all time): 1383  |  New to send today: 25
2026-06-24 09:39:53  INFO      🚀 Starting send: 25 emails | Batch size: 40 | Max/hour: 55
2026-06-24 09:39:54  INFO      ✅ SMTP connected
2026-06-24 09:39:57  INFO      ✔ [1/25] Sent → anjali.saluja@brihatisglobal.com
2026-06-24 09:40:05  INFO      ✔ [2/25] Sent → anuj.raut@programming.com
2026-06-24 09:40:11  INFO      ✔ [3/25] Sent → chandni@process9.com
2026-06-24 09:40:18  INFO      ✔ [4/25] Sent → diksha.yadav@delphic.in
2026-06-24 09:40:26  INFO      ✔ [5/25] Sent → hr@hikeapp.com
2026-06-24 09:40:35  INFO      ✔ [6/25] Sent → hr@techugo.com
2026-06-24 09:40:42  INFO      ✔ [7/25] Sent → hrm@envoys.net
2026-06-24 09:40:52  INFO      ✔ [8/25] Sent → jayanth.bs@tescra.com
2026-06-24 09:41:01  INFO      ✔ [9/25] Sent → jeevitha.arrconsultant@gmail.com
2026-06-24 09:41:07  INFO      ✔ [10/25] Sent → jsrivastava2@vbeyondapac.com
2026-06-24 09:41:14  INFO      ✔ [11/25] Sent → kratika.vijaywargiya@advantal.net
2026-06-24 09:41:23  INFO      ✔ [12/25] Sent → kyadav@vbeyondapac.com
2026-06-24 09:41:23  DEBUG     Domain burst pause (vbeyondapac.com): 30.0s
2026-06-24 09:42:02  INFO      ✔ [13/25] Sent → melvoinfotech@gmail.com
2026-06-24 09:42:02  DEBUG     Domain burst pause (gmail.com): 26.1s
2026-06-24 09:42:35  INFO      ✔ [14/25] Sent → memani0120@gmail.com
2026-06-24 09:42:43  INFO      ✔ [15/25] Sent → nandani@nivabupa.com
2026-06-24 09:42:50  INFO      ✔ [16/25] Sent → priyanka.hr@maxtratechnologies.net
2026-06-24 09:42:59  INFO      ✔ [17/25] Sent → rahul@upscalesolution.com
2026-06-24 09:43:04  INFO      ✔ [18/25] Sent → ranjith@timusconsulting.com
2026-06-24 09:43:11  INFO      ✔ [19/25] Sent → recruitment@bcstechnology.com.au
2026-06-24 09:43:18  INFO      ✔ [20/25] Sent → shivam.guleria@sourcefuse.com
2026-06-24 09:43:27  INFO      ✔ [21/25] Sent → sirisha.n@sritechsolutions.com
2026-06-24 09:43:34  INFO      ✔ [22/25] Sent → sriranjini.rammohan@dexian.com
2026-06-24 09:43:42  INFO      ✔ [23/25] Sent → surabhi.kumari@happiestminds.com
2026-06-24 09:43:50  INFO      ✔ [24/25] Sent → ta@hirehub.co.in
2026-06-24 09:43:56  INFO      ✔ [25/25] Sent → vishakha@ecubehub.com
2026-06-24 09:44:01  INFO      🎉 Done — 25/25 emails sent today.
2026-06-24 09:44:01  INFO      📊 Total sent all time: 1408
2026-06-24 09:44:01  INFO      All emails sent. Deleting source PDF(s)…
2026-06-26 11:20:40  INFO      📅 Daily cap: 250 | Sent today: 0 | Remaining: 250
2026-06-26 11:20:40  INFO      ⛔ Excluded domains (27): bonami.in, cgi.com, cognizant.com, dotpe.in, dronamaps.com, earthclock.in, embglobal.com, grappus.com, herovired.com, hudle.in, idreamcareer.com, infosys.com, legistify.com, locofast.com, ongrid.in, primathon.in, pushowl.com, questt.com, raftlabs.co, rayosys.com, scuderia.in, sparkeighteen.com, squareboat.com, squareops.com, tradingwithvivek.com, venturasecurities.com, wizzybox.com
2026-06-26 11:20:40  INFO      Reading PDF: NCR_Noida_Delhi_Gurgaon (9).pdf
2026-06-26 11:20:40  DEBUG     ⛔ Excluded: info@jobcurator.in
2026-06-26 11:20:41  DEBUG     ⛔ Excluded: info@jobcurator.in
2026-06-26 11:20:41  DEBUG     ⛔ Excluded: info@jobcurator.in
2026-06-26 11:20:41  DEBUG     ⛔ Excluded: info@jobcurator.in
2026-06-26 11:20:41  DEBUG     ⛔ Excluded: info@jobcurator.in
2026-06-26 11:20:41  DEBUG     ⛔ Excluded: info@jobcurator.in
2026-06-26 11:20:41  DEBUG     ⛔ Excluded: info@jobcurator.in
2026-06-26 11:20:41  DEBUG     ⛔ Excluded: info@jobcurator.in
2026-06-26 11:20:41  DEBUG     ⛔ Excluded: info@jobcurator.in
2026-06-26 11:20:41  DEBUG     ⛔ Excluded: info@jobcurator.in
2026-06-26 11:20:41  DEBUG     ⛔ Excluded: info@jobcurator.in
2026-06-26 11:20:41  DEBUG     ⛔ Excluded: info@jobcurator.in
2026-06-26 11:20:42  DEBUG     ⛔ Excluded: info@jobcurator.in
2026-06-26 11:20:42  DEBUG     ⛔ Excluded: info@jobcurator.in
2026-06-26 11:20:42  DEBUG     ⛔ Excluded: info@jobcurator.in
2026-06-26 11:20:42  DEBUG     ⛔ Excluded: info@jobcurator.in
2026-06-26 11:20:42  INFO      Unique emails found: 31  |  Excluded (domain/email filter): 16
2026-06-26 11:20:42  INFO      Already sent (all time): 1408  |  New to send today: 30
2026-06-26 11:20:42  INFO      🚀 Starting send: 30 emails | Batch size: 40 | Max/hour: 55
2026-06-26 11:20:43  INFO      ✅ SMTP connected
2026-06-26 11:20:47  INFO      ✔ [1/30] Sent → admin@gurgaonhire.com
2026-06-26 11:20:55  INFO      ✔ [2/30] Sent → aniket.soni@bayonesolutions.com
2026-06-26 11:21:02  INFO      ✔ [3/30] Sent → ashik.syed@iagami.com
2026-06-26 11:21:11  INFO      ✔ [4/30] Sent → atharva.vispute@aapzlogic.com
2026-06-26 11:21:20  INFO      ✔ [5/30] Sent → baljeetkaurwork8@gmail.com
2026-06-26 11:21:29  INFO      ✔ [6/30] Sent → chitrangada.dubey@zarthi.com
2026-06-26 11:21:36  INFO      ✔ [7/30] Sent → devika.reddymalla@citiustech.com
2026-06-26 11:21:43  INFO      ✔ [8/30] Sent → diksha.rana@testingxperts.com
2026-06-26 11:21:51  INFO      ✔ [9/30] Sent → kanchan.vajpayee@stmpl.co.in
2026-06-26 11:21:58  INFO      ✔ [10/30] Sent → kishore.s@vysystems.com
2026-06-26 11:22:05  INFO      ✔ [11/30] Sent → manasa@metafolks.tech
2026-06-26 11:22:15  INFO      ✔ [12/30] Sent → mohini.hr@technology-next.com
2026-06-26 11:22:23  INFO      ✔ [13/30] Sent → nafees.fathima@theitmind.com
2026-06-26 11:22:31  INFO      ✔ [14/30] Sent → nagalaxmi@lussotech.com
2026-06-26 11:22:40  INFO      ✔ [15/30] Sent → nettika.gupta@sparxitsolutions.com
2026-06-26 11:22:48  INFO      ✔ [16/30] Sent → nirmalakn@vmaptech.com
2026-06-26 11:22:57  INFO      ✔ [17/30] Sent → pa00920780@techmahindra.com
2026-06-26 11:23:06  INFO      ✔ [18/30] Sent → palak.agarwal@velocis.co.in
2026-06-26 11:23:12  INFO      ✔ [19/30] Sent → ritika.mukheja@provartesting.com
2026-06-26 11:23:20  INFO      ✔ [20/30] Sent → saivikas@lussotech.com
2026-06-26 11:23:20  DEBUG     Domain burst pause (lussotech.com): 29.2s
2026-06-26 11:23:57  INFO      ✔ [21/30] Sent → sandeep@sanengineeringsolutions.com
2026-06-26 11:24:04  INFO      ✔ [22/30] Sent → sanskar.jha@ozi.in
2026-06-26 11:24:12  INFO      ✔ [23/30] Sent → shoaib@zarthi.com
2026-06-26 11:24:12  DEBUG     Domain burst pause (zarthi.com): 22.8s
2026-06-26 11:24:44  INFO      ✔ [24/30] Sent → singh4@bayonesolutions.com
2026-06-26 11:24:44  DEBUG     Domain burst pause (bayonesolutions.com): 18.6s
2026-06-26 11:25:12  INFO      ✔ [25/30] Sent → sivaprasad.s@tavant.com
2026-06-26 11:25:19  INFO      ✔ [26/30] Sent → sonal@vimerseit.com
2026-06-26 11:25:26  INFO      ✔ [27/30] Sent → soundharya@lussotech.com
2026-06-26 11:25:32  INFO      ✔ [28/30] Sent → swati.kumari@antino.com
2026-06-26 11:25:39  INFO      ✔ [29/30] Sent → talent@sparxit.com
2026-06-26 11:25:45  INFO      ✔ [30/30] Sent → thanga@allimetech.com
2026-06-26 11:25:50  INFO      🎉 Done — 30/30 emails sent today.
2026-06-26 11:25:50  INFO      📊 Total sent all time: 1438
2026-06-26 11:25:50  INFO      All emails sent. Deleting source PDF(s)…
2026-06-29 10:48:13  INFO      📅 Daily cap: 250 | Sent today: 0 | Remaining: 250
2026-06-29 10:48:13  INFO      ⛔ Excluded domains (27): bonami.in, cgi.com, cognizant.com, dotpe.in, dronamaps.com, earthclock.in, embglobal.com, grappus.com, herovired.com, hudle.in, idreamcareer.com, infosys.com, legistify.com, locofast.com, ongrid.in, primathon.in, pushowl.com, questt.com, raftlabs.co, rayosys.com, scuderia.in, sparkeighteen.com, squareboat.com, squareops.com, tradingwithvivek.com, venturasecurities.com, wizzybox.com
2026-06-29 10:48:13  INFO      Reading PDF: NCR_Noida_Delhi_Gurgaon (10).pdf
2026-06-29 10:48:13  DEBUG     ⛔ Excluded: info@jobcurator.in
2026-06-29 10:48:14  DEBUG     ⛔ Excluded: info@jobcurator.in
2026-06-29 10:48:14  DEBUG     ⛔ Excluded: info@jobcurator.in
2026-06-29 10:48:14  DEBUG     ⛔ Excluded: info@jobcurator.in
2026-06-29 10:48:14  DEBUG     ⛔ Excluded: info@jobcurator.in
2026-06-29 10:48:14  DEBUG     ⛔ Excluded: info@jobcurator.in
2026-06-29 10:48:14  DEBUG     ⛔ Excluded: info@jobcurator.in
2026-06-29 10:48:14  DEBUG     ⛔ Excluded: info@jobcurator.in
2026-06-29 10:48:14  DEBUG     ⛔ Excluded: info@jobcurator.in
2026-06-29 10:48:14  DEBUG     ⛔ Excluded: info@jobcurator.in
2026-06-29 10:48:14  DEBUG     ⛔ Excluded: info@jobcurator.in
2026-06-29 10:48:14  DEBUG     ⛔ Excluded: info@jobcurator.in
2026-06-29 10:48:15  DEBUG     ⛔ Excluded: info@jobcurator.in
2026-06-29 10:48:15  DEBUG     ⛔ Excluded: info@jobcurator.in
2026-06-29 10:48:15  DEBUG     ⛔ Excluded: info@jobcurator.in
2026-06-29 10:48:15  DEBUG     ⛔ Excluded: info@jobcurator.in
2026-06-29 10:48:15  DEBUG     ⛔ Excluded: info@jobcurator.in
2026-06-29 10:48:15  DEBUG     ⛔ Excluded: info@jobcurator.in
2026-06-29 10:48:15  INFO      Unique emails found: 26  |  Excluded (domain/email filter): 18
2026-06-29 10:48:15  INFO      Already sent (all time): 1438  |  New to send today: 22
2026-06-29 10:48:15  INFO      🚀 Starting send: 22 emails | Batch size: 40 | Max/hour: 55
2026-06-29 10:48:16  INFO      ✅ SMTP connected
2026-06-29 10:48:19  INFO      ✔ [1/22] Sent → aditi@firstcareercentre.com
2026-06-29 10:48:27  INFO      ✔ [2/22] Sent → akshita.sinha@vinove.com
2026-06-29 10:48:36  INFO      ✔ [3/22] Sent → amit.rai@diverselynx.in
2026-06-29 10:48:44  INFO      ✔ [4/22] Sent → diksha@convrse.ai
2026-06-29 10:48:53  INFO      ✔ [5/22] Sent → divagar.p@infoplusltd.co.uk
2026-06-29 10:49:02  INFO      ✔ [6/22] Sent → hr@hyrmus.com
2026-06-29 10:49:11  INFO      ✔ [7/22] Sent → hr@systechnosoft.in
2026-06-29 10:49:17  INFO      ✔ [8/22] Sent → hr@traviyo.com
2026-06-29 10:49:25  INFO      ✔ [9/22] Sent → hrskoyo@gmail.com
2026-06-29 10:49:31  INFO      ✔ [10/22] Sent → info@sainokoyo.com
2026-06-29 10:49:37  INFO      ✔ [11/22] Sent → ishika.jain@bharatpecapital.com
2026-06-29 10:49:46  INFO      ✔ [12/22] Sent → jeetendra.mittal@irissoftware.com
2026-06-29 10:49:53  INFO      ✔ [13/22] Sent → kriti.sharma@systechnosoft.in
2026-06-29 10:49:53  DEBUG     Domain burst pause (systechnosoft.in): 21.7s
2026-06-29 10:50:24  INFO      ✔ [14/22] Sent → nanak.pandey@apptadinc.com
2026-06-29 10:50:31  INFO      ✔ [15/22] Sent → naveen.g@techilaservices.com
2026-06-29 10:50:38  INFO      ✔ [16/22] Sent → recruitment@appsoleutgames.com
2026-06-29 10:50:45  INFO      ✔ [17/22] Sent → santhosh.b@businessintelli.com
2026-06-29 10:50:51  INFO      ✔ [18/22] Sent → shiwangi@appsoleutgames.com
2026-06-29 10:50:51  DEBUG     Domain burst pause (appsoleutgames.com): 22.0s
2026-06-29 10:51:21  INFO      ✔ [19/22] Sent → talent@huru.co
2026-06-29 10:51:29  INFO      ✔ [20/22] Sent → tanya.yadav@rcvtechnologies.com
2026-06-29 10:51:39  INFO      ✔ [21/22] Sent → vaishali.j@cortexconsultants.com
2026-06-29 10:51:45  INFO      ✔ [22/22] Sent → vijaya@endurethconsulting.com
2026-06-29 10:51:49  INFO      🎉 Done — 22/22 emails sent today.
2026-06-29 10:51:49  INFO      📊 Total sent all time: 1460
2026-06-29 10:51:49  INFO      All emails sent. Deleting source PDF(s)…
2026-06-29 10:51:49  INFO      🗑  Deleted PDF: NCR_Noida_Delhi_Gurgaon (10).pdf
2026-06-30 10:32:19  INFO      📅 Daily cap: 250 | Sent today: 0 | Remaining: 250
2026-06-30 10:32:19  INFO      ⛔ Excluded domains (27): bonami.in, cgi.com, cognizant.com, dotpe.in, dronamaps.com, earthclock.in, embglobal.com, grappus.com, herovired.com, hudle.in, idreamcareer.com, infosys.com, legistify.com, locofast.com, ongrid.in, primathon.in, pushowl.com, questt.com, raftlabs.co, rayosys.com, scuderia.in, sparkeighteen.com, squareboat.com, squareops.com, tradingwithvivek.com, venturasecurities.com, wizzybox.com
2026-06-30 10:32:19  INFO      Reading PDF: NCR_Noida_Delhi_Gurgaon (11).pdf
2026-06-30 10:32:19  DEBUG     ⛔ Excluded: info@jobcurator.in
2026-06-30 10:32:20  DEBUG     ⛔ Excluded: info@jobcurator.in
2026-06-30 10:32:20  DEBUG     ⛔ Excluded: info@jobcurator.in
2026-06-30 10:32:20  DEBUG     ⛔ Excluded: info@jobcurator.in
2026-06-30 10:32:21  DEBUG     ⛔ Excluded: info@jobcurator.in
2026-06-30 10:32:21  DEBUG     ⛔ Excluded: info@jobcurator.in
2026-06-30 10:32:21  DEBUG     ⛔ Excluded: info@jobcurator.in
2026-06-30 10:32:21  DEBUG     ⛔ Excluded: info@jobcurator.in
2026-06-30 10:32:21  DEBUG     ⛔ Excluded: info@jobcurator.in
2026-06-30 10:32:21  DEBUG     ⛔ Excluded: info@jobcurator.in
2026-06-30 10:32:22  DEBUG     ⛔ Excluded: info@jobcurator.in
2026-06-30 10:32:22  DEBUG     ⛔ Excluded: info@jobcurator.in
2026-06-30 10:32:22  DEBUG     ⛔ Excluded: info@jobcurator.in
2026-06-30 10:32:22  DEBUG     ⛔ Excluded: info@jobcurator.in
2026-06-30 10:32:22  DEBUG     ⛔ Excluded: info@jobcurator.in
2026-06-30 10:32:22  DEBUG     ⛔ Excluded: info@jobcurator.in
2026-06-30 10:32:22  DEBUG     ⛔ Excluded: info@jobcurator.in
2026-06-30 10:32:22  DEBUG     ⛔ Excluded: info@jobcurator.in
2026-06-30 10:32:22  DEBUG     ⛔ Excluded: info@jobcurator.in
2026-06-30 10:32:22  DEBUG     ⛔ Excluded: info@jobcurator.in
2026-06-30 10:32:22  DEBUG     ⛔ Excluded: info@jobcurator.in
2026-06-30 10:32:23  DEBUG     ⛔ Excluded: info@jobcurator.in
2026-06-30 10:32:23  DEBUG     ⛔ Excluded: info@jobcurator.in
2026-06-30 10:32:23  DEBUG     ⛔ Excluded: info@jobcurator.in
2026-06-30 10:32:23  DEBUG     ⛔ Excluded: info@jobcurator.in
2026-06-30 10:32:23  INFO      Unique emails found: 41  |  Excluded (domain/email filter): 25
2026-06-30 10:32:23  INFO      Already sent (all time): 1460  |  New to send today: 34
2026-06-30 10:32:23  INFO      🚀 Starting send: 34 emails | Batch size: 40 | Max/hour: 55
2026-06-30 10:32:25  INFO      ✅ SMTP connected
2026-06-30 10:32:27  INFO      ✔ [1/34] Sent → aagnihotri@fcsltd.com
2026-06-30 10:32:37  INFO      ✔ [2/34] Sent → ankita.sharma@testingxperts.com
2026-06-30 10:32:46  INFO      ✔ [3/34] Sent → ayushi@teknobit.com
2026-06-30 10:32:55  INFO      ✔ [4/34] Sent → barath-kumars@hcltech.com
2026-06-30 10:33:04  INFO      ✔ [5/34] Sent → connect@krishpar.com
2026-06-30 10:33:10  INFO      ✔ [6/34] Sent → deepna.valecha@splashlearn.com
2026-06-30 10:33:17  INFO      ✔ [7/34] Sent → gautam@mounttalent.com
2026-06-30 10:33:25  INFO      ✔ [8/34] Sent → hiring@vivensha.com
2026-06-30 10:33:31  INFO      ✔ [9/34] Sent → hr@neogencode.com
2026-06-30 10:33:40  INFO      ✔ [10/34] Sent → hr@skandatech.com
2026-06-30 10:33:49  INFO      ✔ [11/34] Sent → hr@skilrock.com
2026-06-30 10:33:59  INFO      ✔ [12/34] Sent → hrd1@raspl.com
2026-06-30 10:34:05  INFO      ✔ [13/34] Sent → jitendra.singh@magicedtech.com
2026-06-30 10:34:13  INFO      ✔ [14/34] Sent → jobs.it2@evokehr.com
2026-06-30 10:34:22  INFO      ✔ [15/34] Sent → lalita.pathak@tiket.com
2026-06-30 10:34:30  INFO      ✔ [16/34] Sent → mantashangc@gmail.com
2026-06-30 10:34:36  INFO      ✔ [17/34] Sent → muskan.sharma.businessthrust@gmail.com
2026-06-30 10:34:36  DEBUG     Domain burst pause (gmail.com): 25.4s
2026-06-30 10:35:09  INFO      ✔ [18/34] Sent → nabila@jconnect.in
2026-06-30 10:35:15  INFO      ✔ [19/34] Sent → nancy@tekpillar.com
2026-06-30 10:35:22  INFO      ✔ [20/34] Sent → nidhi.bakshi@esecforte.com
2026-06-30 10:35:30  INFO      ✔ [21/34] Sent → nihar.ranjandas@publicissapient.com
2026-06-30 10:35:37  INFO      ✔ [22/34] Sent → nisha.lawaaniya@truelancer.com
2026-06-30 10:35:45  INFO      ✔ [23/34] Sent → partners@nexossoft.com
2026-06-30 10:35:51  INFO      ✔ [24/34] Sent → priya.r@nityo.com
2026-06-30 10:35:59  INFO      ✔ [25/34] Sent → rahul.mishra@talentorient.com
2026-06-30 10:36:08  INFO      ✔ [26/34] Sent → ridhi.rsc@gmail.com
2026-06-30 10:36:17  INFO      ✔ [27/34] Sent → shipra.jha@hcltech.com
2026-06-30 10:36:17  DEBUG     Domain burst pause (hcltech.com): 22.4s
2026-06-30 10:36:46  INFO      ✔ [28/34] Sent → sunanda.mungekar@testingxperts.com
2026-06-30 10:36:46  DEBUG     Domain burst pause (testingxperts.com): 15.1s
2026-06-30 10:37:08  INFO      ✔ [29/34] Sent → surendra.j@qpactsolutions.com
2026-06-30 10:37:16  INFO      ✔ [30/34] Sent → surendraqpact@gmail.com
2026-06-30 10:37:16  DEBUG     Domain burst pause (gmail.com): 15.2s
2026-06-30 10:37:40  INFO      ✔ [31/34] Sent → ta@xebo.ai
2026-06-30 10:37:49  INFO      ✔ [32/34] Sent → talent@bdoedge.com
2026-06-30 10:37:59  INFO      ✔ [33/34] Sent → vaibhav@weplaceconsulting.com
2026-06-30 10:38:06  INFO      ✔ [34/34] Sent → vaishnavi@questhiring.com
2026-06-30 10:38:12  INFO      🎉 Done — 34/34 emails sent today.
2026-06-30 10:38:12  INFO      📊 Total sent all time: 1494
2026-06-30 10:38:12  INFO      All emails sent. Deleting source PDF(s)…
2026-06-30 10:38:12  INFO      🗑  Deleted PDF: NCR_Noida_Delhi_Gurgaon (11).pdf
2026-07-01 11:00:35  INFO      📅 Daily cap: 250 | Sent today: 0 | Remaining: 250
2026-07-01 11:00:35  INFO      ⛔ Excluded domains (27): bonami.in, cgi.com, cognizant.com, dotpe.in, dronamaps.com, earthclock.in, embglobal.com, grappus.com, herovired.com, hudle.in, idreamcareer.com, infosys.com, legistify.com, locofast.com, ongrid.in, primathon.in, pushowl.com, questt.com, raftlabs.co, rayosys.com, scuderia.in, sparkeighteen.com, squareboat.com, squareops.com, tradingwithvivek.com, venturasecurities.com, wizzybox.com
2026-07-01 11:00:35  INFO      Reading PDF: NCR_Noida_Delhi_Gurgaon (12).pdf
2026-07-01 11:00:36  DEBUG     ⛔ Excluded: info@jobcurator.in
2026-07-01 11:00:36  DEBUG     ⛔ Excluded: info@jobcurator.in
2026-07-01 11:00:36  DEBUG     ⛔ Excluded: info@jobcurator.in
2026-07-01 11:00:36  DEBUG     ⛔ Excluded: info@jobcurator.in
2026-07-01 11:00:36  DEBUG     ⛔ Excluded: info@jobcurator.in
2026-07-01 11:00:36  DEBUG     ⛔ Excluded: info@jobcurator.in
2026-07-01 11:00:37  DEBUG     ⛔ Excluded: info@jobcurator.in
2026-07-01 11:00:37  DEBUG     ⛔ Excluded: info@jobcurator.in
2026-07-01 11:00:37  DEBUG     ⛔ Excluded: info@jobcurator.in
2026-07-01 11:00:37  DEBUG     ⛔ Excluded: info@jobcurator.in
2026-07-01 11:00:37  DEBUG     ⛔ Excluded: info@jobcurator.in
2026-07-01 11:00:37  DEBUG     ⛔ Excluded: info@jobcurator.in
2026-07-01 11:00:37  DEBUG     ⛔ Excluded: info@jobcurator.in
2026-07-01 11:00:37  DEBUG     ⛔ Excluded: info@jobcurator.in
2026-07-01 11:00:37  DEBUG     ⛔ Excluded: info@jobcurator.in
2026-07-01 11:00:37  DEBUG     ⛔ Excluded: info@jobcurator.in
2026-07-01 11:00:37  INFO      Unique emails found: 28  |  Excluded (domain/email filter): 16
2026-07-01 11:00:37  INFO      Already sent (all time): 1494  |  New to send today: 27
2026-07-01 11:00:37  INFO      🚀 Starting send: 27 emails | Batch size: 40 | Max/hour: 55
2026-07-01 11:00:38  INFO      ✅ SMTP connected
2026-07-01 11:00:41  INFO      ✔ [1/27] Sent → aakritisingh@yesitlabs.pro
2026-07-01 11:00:50  INFO      ✔ [2/27] Sent → aarya.paritkar@appzlogic.com
2026-07-01 11:00:59  INFO      ✔ [3/27] Sent → admin@willwaretech.com
2026-07-01 11:01:05  INFO      ✔ [4/27] Sent → alice@aliqan.com
2026-07-01 11:01:12  INFO      ✔ [5/27] Sent → anjali.singh@devlabstechnology.com
2026-07-01 11:01:19  INFO      ✔ [6/27] Sent → ankita@workfoxsolutions.com
2026-07-01 11:01:27  INFO      ✔ [7/27] Sent → anshu@knackconsulting.com
2026-07-01 11:01:34  INFO      ✔ [8/27] Sent → anushka.srivastava@bigohtech.com
2026-07-01 11:01:41  INFO      ✔ [9/27] Sent → careers@skeps.com
2026-07-01 11:01:51  INFO      ✔ [10/27] Sent → deepak.b@quadranttechnologies.com
2026-07-01 11:02:01  INFO      ✔ [11/27] Sent → deepti@teknobit.com
2026-07-01 11:02:07  INFO      ✔ [12/27] Sent → himani.negi@huntingcube.com
2026-07-01 11:02:16  INFO      ✔ [13/27] Sent → hr@stupaanalytics.com
2026-07-01 11:02:26  INFO      ✔ [14/27] Sent → jain.himanshu.tech@gmail.com
2026-07-01 11:02:33  INFO      ✔ [15/27] Sent → kavita.gusain@benthonlabs.com
2026-07-01 11:02:43  INFO      ✔ [16/27] Sent → mahek@aliqan.com
2026-07-01 11:02:43  DEBUG     Domain burst pause (aliqan.com): 24.6s
2026-07-01 11:03:16  INFO      ✔ [17/27] Sent → murtaza.hussain@provana.com
2026-07-01 11:03:23  INFO      ✔ [18/27] Sent → nitin.jain@varuna.net
2026-07-01 11:03:32  INFO      ✔ [19/27] Sent → nupurtiwari@embarkpace.com
2026-07-01 11:03:40  INFO      ✔ [20/27] Sent → priyanka.singh@covetus.com
2026-07-01 11:03:49  INFO      ✔ [21/27] Sent → shikha@questhiring.com
2026-07-01 11:03:58  INFO      ✔ [22/27] Sent → shweta.yadav@huntingcube.com
2026-07-01 11:03:58  DEBUG     Domain burst pause (huntingcube.com): 16.7s
2026-07-01 11:04:23  INFO      ✔ [23/27] Sent → simhathri.pilli@nityo.com
2026-07-01 11:04:30  INFO      ✔ [24/27] Sent → sonam.sonam@capgemini.com
2026-07-01 11:04:36  INFO      ✔ [25/27] Sent → sourav.sivach@bridginggaps.co.in
2026-07-01 11:04:46  INFO      ✔ [26/27] Sent → yousuf@mytechglobal.in
2026-07-01 11:04:55  INFO      ✔ [27/27] Sent → zoheb.shaikh@aqmtechnologies.com
2026-07-01 11:05:00  INFO      🎉 Done — 27/27 emails sent today.
2026-07-01 11:05:00  INFO      📊 Total sent all time: 1521
2026-07-01 11:05:00  INFO      All emails sent. Deleting source PDF(s)…
2026-07-02 09:54:54  INFO      📅 Daily cap: 250 | Sent today: 0 | Remaining: 250
2026-07-02 09:54:54  INFO      ⛔ Excluded domains (27): bonami.in, cgi.com, cognizant.com, dotpe.in, dronamaps.com, earthclock.in, embglobal.com, grappus.com, herovired.com, hudle.in, idreamcareer.com, infosys.com, legistify.com, locofast.com, ongrid.in, primathon.in, pushowl.com, questt.com, raftlabs.co, rayosys.com, scuderia.in, sparkeighteen.com, squareboat.com, squareops.com, tradingwithvivek.com, venturasecurities.com, wizzybox.com
2026-07-02 09:54:54  INFO      Reading PDF: NCR_Noida_Delhi_Gurgaon (11).pdf
2026-07-02 09:54:54  DEBUG     ⛔ Excluded: info@jobcurator.in
2026-07-02 09:54:54  DEBUG     ⛔ Excluded: info@jobcurator.in
2026-07-02 09:54:54  DEBUG     ⛔ Excluded: info@jobcurator.in
2026-07-02 09:54:54  DEBUG     ⛔ Excluded: info@jobcurator.in
2026-07-02 09:54:54  DEBUG     ⛔ Excluded: info@jobcurator.in
2026-07-02 09:54:54  DEBUG     ⛔ Excluded: info@jobcurator.in
2026-07-02 09:54:54  DEBUG     ⛔ Excluded: info@jobcurator.in
2026-07-02 09:54:54  DEBUG     ⛔ Excluded: info@jobcurator.in
2026-07-02 09:54:55  DEBUG     ⛔ Excluded: info@jobcurator.in
2026-07-02 09:54:55  DEBUG     ⛔ Excluded: info@jobcurator.in
2026-07-02 09:54:55  DEBUG     ⛔ Excluded: info@jobcurator.in
2026-07-02 09:54:55  DEBUG     ⛔ Excluded: info@jobcurator.in
2026-07-02 09:54:55  DEBUG     ⛔ Excluded: info@jobcurator.in
2026-07-02 09:54:55  DEBUG     ⛔ Excluded: info@jobcurator.in
2026-07-02 09:54:55  DEBUG     ⛔ Excluded: info@jobcurator.in
2026-07-02 09:54:55  DEBUG     ⛔ Excluded: info@jobcurator.in
2026-07-02 09:54:55  DEBUG     ⛔ Excluded: info@jobcurator.in
2026-07-02 09:54:55  DEBUG     ⛔ Excluded: info@jobcurator.in
2026-07-02 09:54:55  DEBUG     ⛔ Excluded: info@jobcurator.in
2026-07-02 09:54:55  DEBUG     ⛔ Excluded: info@jobcurator.in
2026-07-02 09:54:56  DEBUG     ⛔ Excluded: info@jobcurator.in
2026-07-02 09:54:56  DEBUG     ⛔ Excluded: info@jobcurator.in
2026-07-02 09:54:56  DEBUG     ⛔ Excluded: info@jobcurator.in
2026-07-02 09:54:56  DEBUG     ⛔ Excluded: info@jobcurator.in
2026-07-02 09:54:56  DEBUG     ⛔ Excluded: info@jobcurator.in
2026-07-02 09:54:56  DEBUG     ⛔ Excluded: info@jobcurator.in
2026-07-02 09:54:56  INFO      Unique emails found: 47  |  Excluded (domain/email filter): 26
2026-07-02 09:54:56  INFO      Already sent (all time): 1521  |  New to send today: 41
2026-07-02 09:54:56  INFO      🚀 Starting send: 41 emails | Batch size: 40 | Max/hour: 55
2026-07-02 09:54:57  INFO      ✅ SMTP connected
2026-07-02 09:55:00  INFO      ✔ [1/41] Sent → aanchal.nijhawan@airtel.com
2026-07-02 09:55:08  INFO      ✔ [2/41] Sent → abhilasha.s@netconnectglobal.com
2026-07-02 09:55:17  INFO      ✔ [3/41] Sent → abhishek.27.kumar@coforge.com
2026-07-02 09:55:25  INFO      ✔ [4/41] Sent → aimen@techadvanceglobalsolutions.com
2026-07-02 09:55:31  INFO      ✔ [5/41] Sent → alok1.ranjan@adamastech.in
2026-07-02 09:55:40  INFO      ✔ [6/41] Sent → amulyavaish@paisabazaar.com
2026-07-02 09:55:47  INFO      ✔ [7/41] Sent → ayushi.acumont@gmail.com
2026-07-02 09:55:55  INFO      ✔ [8/41] Sent → career@ilogixworks.com
2026-07-02 09:56:04  INFO      ✔ [9/41] Sent → careers@devlabstechnology.com
2026-07-02 09:56:13  INFO      ✔ [10/41] Sent → deepika@lussotech.com
2026-07-02 09:56:21  INFO      ✔ [11/41] Sent → hajira.amrin@antal.com
2026-07-02 09:56:30  INFO      ✔ [12/41] Sent → hifza@aliqan.com
2026-07-02 09:56:37  INFO      ✔ [13/41] Sent → hr.noida@itclab.com
2026-07-02 09:56:43  INFO      ✔ [14/41] Sent → hr@gmanalyticssolutions.in
2026-07-02 09:56:49  INFO      ✔ [15/41] Sent → hr@infobyd.in
2026-07-02 09:56:59  INFO      ✔ [16/41] Sent → inaya.mohideen@sodexo.com
2026-07-02 09:57:07  INFO      ✔ [17/41] Sent → juhi.rawat@birlasoft.com
2026-07-02 09:57:13  INFO      ✔ [18/41] Sent → kalitabiju345@gmail.com
2026-07-02 09:57:13  DEBUG     Domain burst pause (gmail.com): 15.7s
2026-07-02 09:57:36  INFO      ✔ [19/41] Sent → kamana@intellioz.com
2026-07-02 09:57:46  INFO      ✔ [20/41] Sent → keerthi@ntrixinnovations.com
2026-07-02 09:57:52  INFO      ✔ [21/41] Sent → manjula.a@growelsoftech.com
2026-07-02 09:58:01  INFO      ✔ [22/41] Sent → muskan.naugariya@devlabsalliance.com
2026-07-02 09:58:07  INFO      ✔ [23/41] Sent → nainamittal@pageoutsourcing.com
2026-07-02 09:58:15  INFO      ✔ [24/41] Sent → npal@marquistech.com
2026-07-02 09:58:23  INFO      ✔ [25/41] Sent → payal@aliqan.com
2026-07-02 09:58:23  DEBUG     Domain burst pause (aliqan.com): 23.8s
2026-07-02 09:58:54  INFO      ✔ [26/41] Sent → priyanka@uniquehire.co.in
2026-07-02 09:59:03  INFO      ✔ [27/41] Sent → ramchandra@liveconnections.in
2026-07-02 09:59:10  INFO      ✔ [28/41] Sent → ranjitha.kp@coforge.com
2026-07-02 09:59:10  DEBUG     Domain burst pause (coforge.com): 17.1s
2026-07-02 09:59:34  INFO      ✔ [29/41] Sent → revathi@mileveen.com
2026-07-02 09:59:43  INFO      ✔ [30/41] Sent → rishika.vikashtechnologies@gmail.com
2026-07-02 09:59:52  INFO      ✔ [31/41] Sent → ritika.k@karnival.com
2026-07-02 10:00:02  INFO      ✔ [32/41] Sent → roshan.i@growelsoftech.com
2026-07-02 10:00:02  DEBUG     Domain burst pause (growelsoftech.com): 24.0s
2026-07-02 10:00:33  INFO      ✔ [33/41] Sent → rubeena.m@growelsoftech.com
2026-07-02 10:00:41  INFO      ✔ [34/41] Sent → sachinsingh@northcorp.tech
2026-07-02 10:00:49  INFO      ✔ [35/41] Sent → saransh.saxena18@gmail.com
2026-07-02 10:00:49  DEBUG     Domain burst pause (gmail.com): 20.5s
2026-07-02 10:01:16  INFO      ✔ [36/41] Sent → satya.b@msysinc.com
2026-07-02 10:01:25  INFO      ✔ [37/41] Sent → sneha.thakur@programming.com
2026-07-02 10:01:31  INFO      ✔ [38/41] Sent → sunita.singh@nexaxis.tech
2026-07-02 10:01:38  INFO      ✔ [39/41] Sent → talent_acquisition@gmanalyticssolutions.in
2026-07-02 10:01:38  DEBUG     Domain burst pause (gmanalyticssolutions.in): 19.1s
2026-07-02 10:02:04  INFO      ✔ [40/41] Sent → tanushree@agiledigest.com
2026-07-02 10:02:08  INFO      ☕ Batch 1/2 complete (40 sent). Session break: 16 minutes…
2026-07-02 10:07:08  INFO      ⏰ Resuming in 11 minutes…
2026-07-02 10:12:08  INFO      ⏰ Resuming in 6 minutes…
2026-07-02 10:17:08  INFO      ⏰ Resuming in 1 minutes…
2026-07-02 10:18:17  INFO      ✅ SMTP connected
2026-07-02 10:18:20  INFO      ✔ [41/41] Sent → utsav.gaur@talentxo.in
2026-07-02 10:18:24  INFO      🎉 Done — 41/41 emails sent today.
2026-07-02 10:18:24  INFO      📊 Total sent all time: 1562
2026-07-02 10:18:24  INFO      All emails sent. Deleting source PDF(s)…
2026-07-03 10:25:27  INFO      📅 Daily cap: 250 | Sent today: 0 | Remaining: 250
2026-07-03 10:25:27  INFO      ⛔ Excluded domains (27): bonami.in, cgi.com, cognizant.com, dotpe.in, dronamaps.com, earthclock.in, embglobal.com, grappus.com, herovired.com, hudle.in, idreamcareer.com, infosys.com, legistify.com, locofast.com, ongrid.in, primathon.in, pushowl.com, questt.com, raftlabs.co, rayosys.com, scuderia.in, sparkeighteen.com, squareboat.com, squareops.com, tradingwithvivek.com, venturasecurities.com, wizzybox.com
2026-07-03 10:25:27  INFO      Reading PDF: NCR_Noida_Delhi_Gurgaon (13).pdf
2026-07-03 10:25:27  DEBUG     ⛔ Excluded: info@jobcurator.in
2026-07-03 10:25:27  DEBUG     ⛔ Excluded: info@jobcurator.in
2026-07-03 10:25:27  DEBUG     ⛔ Excluded: info@jobcurator.in
2026-07-03 10:25:27  DEBUG     ⛔ Excluded: info@jobcurator.in
2026-07-03 10:25:27  DEBUG     ⛔ Excluded: info@jobcurator.in
2026-07-03 10:25:27  DEBUG     ⛔ Excluded: info@jobcurator.in
2026-07-03 10:25:27  DEBUG     ⛔ Excluded: info@jobcurator.in
2026-07-03 10:25:27  DEBUG     ⛔ Excluded: info@jobcurator.in
2026-07-03 10:25:27  DEBUG     ⛔ Excluded: info@jobcurator.in
2026-07-03 10:25:27  DEBUG     ⛔ Excluded: info@jobcurator.in
2026-07-03 10:25:28  DEBUG     ⛔ Excluded: info@jobcurator.in
2026-07-03 10:25:28  DEBUG     ⛔ Excluded: info@jobcurator.in
2026-07-03 10:25:28  DEBUG     ⛔ Excluded: info@jobcurator.in
2026-07-03 10:25:28  DEBUG     ⛔ Excluded: info@jobcurator.in
2026-07-03 10:25:28  DEBUG     ⛔ Excluded: info@jobcurator.in
2026-07-03 10:25:28  DEBUG     ⛔ Excluded: info@jobcurator.in
2026-07-03 10:25:28  INFO      Unique emails found: 26  |  Excluded (domain/email filter): 16
2026-07-03 10:25:28  INFO      Already sent (all time): 1562  |  New to send today: 19
2026-07-03 10:25:28  INFO      🚀 Starting send: 19 emails | Batch size: 40 | Max/hour: 55
2026-07-03 10:25:30  INFO      ✅ SMTP connected
2026-07-03 10:25:33  INFO      ✔ [1/19] Sent → bhavanishankarn@vmaptech.com
2026-07-03 10:25:39  INFO      ✔ [2/19] Sent → careers@kousikatechnologies.com
2026-07-03 10:25:45  INFO      ✔ [3/19] Sent → ipshita.ray@thepinnacle.media
2026-07-03 10:25:52  INFO      ✔ [4/19] Sent → komal.p@sureminds.co.in
2026-07-03 10:25:59  INFO      ✔ [5/19] Sent → mansiagarwal@tspls.com
2026-07-03 10:26:08  INFO      ✔ [6/19] Sent → pranay.mateti@citiustech.com
2026-07-03 10:26:14  INFO      ✔ [7/19] Sent → ravindra.vairagi@capgemini.com
2026-07-03 10:26:22  INFO      ✔ [8/19] Sent → recruiter@aditrobotics.com
2026-07-03 10:26:30  INFO      ✔ [9/19] Sent → renukasharma@globalhireconnect.com
2026-07-03 10:26:39  INFO      ✔ [10/19] Sent → rohit.tiwari@tspls.com
2026-07-03 10:26:39  DEBUG     Domain burst pause (tspls.com): 15.6s
2026-07-03 10:27:00  INFO      ✔ [11/19] Sent → sakshi.singh@sdettech.com
2026-07-03 10:27:08  INFO      ✔ [12/19] Sent → satvinderjeet.kaur@fareye.com
2026-07-03 10:27:17  INFO      ✔ [13/19] Sent → sowmiya@doodleblue.com
2026-07-03 10:27:24  INFO      ✔ [14/19] Sent → sowmya.vathaluru@team-lease.co.in
2026-07-03 10:27:31  INFO      ✔ [15/19] Sent → swathi.c@cyanous.com
2026-07-03 10:27:36  INFO      ✔ [16/19] Sent → swathik@sadupsoft.com
2026-07-03 10:27:57  INFO      ✔ [17/19] Sent → swetha.nuteti@infinite.com
2026-07-03 10:28:06  INFO      ✔ [18/19] Sent → ta@fareye.com
2026-07-03 10:28:06  DEBUG     Domain burst pause (fareye.com): 17.1s
2026-07-03 10:28:33  INFO      ✔ [19/19] Sent → venkatesh.s@spruceinfotech.com
2026-07-03 10:28:37  INFO      🎉 Done — 19/19 emails sent today.
2026-07-03 10:28:37  INFO      📊 Total sent all time: 1581
2026-07-03 10:28:37  INFO      All emails sent. Deleting source PDF(s)…
2026-07-03 10:28:37  INFO      🗑  Deleted PDF: NCR_Noida_Delhi_Gurgaon (13).pdf
2026-07-06 10:12:45  INFO      📅 Daily cap: 250 | Sent today: 0 | Remaining: 250
2026-07-06 10:12:45  INFO      ⛔ Excluded domains (27): bonami.in, cgi.com, cognizant.com, dotpe.in, dronamaps.com, earthclock.in, embglobal.com, grappus.com, herovired.com, hudle.in, idreamcareer.com, infosys.com, legistify.com, locofast.com, ongrid.in, primathon.in, pushowl.com, questt.com, raftlabs.co, rayosys.com, scuderia.in, sparkeighteen.com, squareboat.com, squareops.com, tradingwithvivek.com, venturasecurities.com, wizzybox.com
2026-07-06 10:12:45  INFO      Reading PDF: NCR_Noida_Delhi_Gurgaon (14).pdf
2026-07-06 10:12:46  DEBUG     ⛔ Excluded: info@jobcurator.in
2026-07-06 10:12:46  DEBUG     ⛔ Excluded: info@jobcurator.in
2026-07-06 10:12:46  DEBUG     ⛔ Excluded: info@jobcurator.in
2026-07-06 10:12:46  DEBUG     ⛔ Excluded: info@jobcurator.in
2026-07-06 10:12:46  DEBUG     ⛔ Excluded: info@jobcurator.in
2026-07-06 10:12:46  DEBUG     ⛔ Excluded: info@jobcurator.in
2026-07-06 10:12:46  DEBUG     ⛔ Excluded: info@jobcurator.in
2026-07-06 10:12:46  DEBUG     ⛔ Excluded: info@jobcurator.in
2026-07-06 10:12:47  DEBUG     ⛔ Excluded: info@jobcurator.in
2026-07-06 10:12:47  DEBUG     ⛔ Excluded: info@jobcurator.in
2026-07-06 10:12:47  DEBUG     ⛔ Excluded: info@jobcurator.in
2026-07-06 10:12:47  DEBUG     ⛔ Excluded: info@jobcurator.in
2026-07-06 10:12:47  DEBUG     ⛔ Excluded: info@jobcurator.in
2026-07-06 10:12:47  DEBUG     ⛔ Excluded: info@jobcurator.in
2026-07-06 10:12:47  DEBUG     ⛔ Excluded: info@jobcurator.in
2026-07-06 10:12:47  DEBUG     ⛔ Excluded: info@jobcurator.in
2026-07-06 10:12:47  DEBUG     ⛔ Excluded: info@jobcurator.in
2026-07-06 10:12:47  DEBUG     ⛔ Excluded: info@jobcurator.in
2026-07-06 10:12:48  DEBUG     ⛔ Excluded: info@jobcurator.in
2026-07-06 10:12:48  DEBUG     ⛔ Excluded: info@jobcurator.in
2026-07-06 10:12:48  DEBUG     ⛔ Excluded: info@jobcurator.in
2026-07-06 10:12:48  DEBUG     ⛔ Excluded: info@jobcurator.in
2026-07-06 10:12:48  DEBUG     ⛔ Excluded: info@jobcurator.in
2026-07-06 10:12:48  DEBUG     ⛔ Excluded: info@jobcurator.in
2026-07-06 10:12:48  DEBUG     ⛔ Excluded: info@jobcurator.in
2026-07-06 10:12:48  DEBUG     ⛔ Excluded: info@jobcurator.in
2026-07-06 10:12:48  DEBUG     ⛔ Excluded: info@jobcurator.in
2026-07-06 10:12:48  DEBUG     ⛔ Excluded: info@jobcurator.in
2026-07-06 10:12:49  DEBUG     ⛔ Excluded: info@jobcurator.in
2026-07-06 10:12:49  DEBUG     ⛔ Excluded: info@jobcurator.in
2026-07-06 10:12:49  DEBUG     ⛔ Excluded: info@jobcurator.in
2026-07-06 10:12:49  DEBUG     ⛔ Excluded: info@jobcurator.in
2026-07-06 10:12:49  INFO      Unique emails found: 54  |  Excluded (domain/email filter): 32
2026-07-06 10:12:49  INFO      Already sent (all time): 1581  |  New to send today: 53
2026-07-06 10:12:49  INFO      🚀 Starting send: 53 emails | Batch size: 40 | Max/hour: 55
2026-07-06 10:12:50  INFO      ✅ SMTP connected
2026-07-06 10:12:53  INFO      ✔ [1/53] Sent → -mayank.shekhar@milliman.com
2026-07-06 10:12:59  INFO      ✔ [2/53] Sent → amardeep@vastika.com
2026-07-06 10:13:07  INFO      ✔ [3/53] Sent → angeline@codersbrain.com
2026-07-06 10:13:13  INFO      ✔ [4/53] Sent → anisha.babbar@tothenew.com
2026-07-06 10:13:23  INFO      ✔ [5/53] Sent → anupam.ghosh@cube.ms
2026-07-06 10:13:32  INFO      ✔ [6/53] Sent → careers@gkmit.co
2026-07-06 10:13:40  INFO      ✔ [7/53] Sent → chadha.smriti@thinksys.com
2026-07-06 10:13:48  INFO      ✔ [8/53] Sent → chetan.pathak@daxko.com
2026-07-06 10:13:56  INFO      ✔ [9/53] Sent → deepika.rajeshkumar@dexian.com
2026-07-06 10:14:02  INFO      ✔ [10/53] Sent → divya.pawar@dcsplus.net
2026-07-06 10:14:08  INFO      ✔ [11/53] Sent → ds00795013@techmahindra.com
2026-07-06 10:14:17  INFO      ✔ [12/53] Sent → ekta.thakur@quesscorp.com
2026-07-06 10:14:23  INFO      ✔ [13/53] Sent → gazal.khan@credflow.in
2026-07-06 10:14:31  INFO      ✔ [14/53] Sent → harikumar@lussotech.com
2026-07-06 10:14:37  INFO      ✔ [15/53] Sent → harini.kanduru@citiustech.com
2026-07-06 10:14:45  INFO      ✔ [16/53] Sent → harshita.chaurasiya@eicetechnology.com
2026-07-06 10:14:51  INFO      ✔ [17/53] Sent → hr@bluechik.in
2026-07-06 10:14:56  INFO      ✔ [18/53] Sent → hr@eicetechnology.com
2026-07-06 10:14:56  DEBUG     Domain burst pause (eicetechnology.com): 24.4s
2026-07-06 10:15:30  INFO      ✔ [19/53] Sent → hr@lagozon.com
2026-07-06 10:15:38  INFO      ✔ [20/53] Sent → hr@sourceinfosys.com
2026-07-06 10:15:44  INFO      ✔ [21/53] Sent → hr@talentaspire.com
2026-07-06 10:15:52  INFO      ✔ [22/53] Sent → hrbp@rapidqube.com
2026-07-06 10:16:00  INFO      ✔ [23/53] Sent → info@sdettech.com
2026-07-06 10:16:07  INFO      ✔ [24/53] Sent → jagadish@procigma.com
2026-07-06 10:16:14  INFO      ✔ [25/53] Sent → jour.rahul@gmail.com
2026-07-06 10:16:21  INFO      ✔ [26/53] Sent → juhi.verma@nagarro.com
2026-07-06 10:16:27  INFO      ✔ [27/53] Sent → jyothi.edugu@coforge.com
2026-07-06 10:16:35  INFO      ✔ [28/53] Sent → kartikey@vastika.com
2026-07-06 10:16:35  DEBUG     Domain burst pause (vastika.com): 21.6s
2026-07-06 10:17:05  INFO      ✔ [29/53] Sent → keerthika@ashratech.com
2026-07-06 10:17:12  INFO      ✔ [30/53] Sent → mamta.lakhani@incedoinc.com
2026-07-06 10:17:18  INFO      ✔ [31/53] Sent → mdhiddu16@gmail.com
2026-07-06 10:17:18  DEBUG     Domain burst pause (gmail.com): 27.4s
2026-07-06 10:17:54  INFO      ✔ [32/53] Sent → meenakshi@fundamento.ai
2026-07-06 10:18:02  INFO      ✔ [33/53] Sent → nandunettem11@gmail.com
2026-07-06 10:18:09  INFO      ✔ [34/53] Sent → navin.sharma@in.ey.com
2026-07-06 10:18:14  INFO      ✔ [35/53] Sent → nehabhambri@webviotechnologies.com
2026-07-06 10:18:23  INFO      ✔ [36/53] Sent → pallavi.r@anstelglobal.com
2026-07-06 10:18:30  INFO      ✔ [37/53] Sent → pankila@sohodragon.com
2026-07-06 10:18:39  INFO      ✔ [38/53] Sent → piyush.jha@in.ey.com
2026-07-06 10:18:39  DEBUG     Domain burst pause (in.ey.com): 22.7s
2026-07-06 10:19:10  INFO      ✔ [39/53] Sent → prastuti.saxena@sundaylabs.io
2026-07-06 10:19:18  INFO      ✔ [40/53] Sent → priya.rani@testingxperts.com
2026-07-06 10:19:22  INFO      ☕ Batch 1/2 complete (40 sent). Session break: 14 minutes…
2026-07-06 10:24:23  INFO      ⏰ Resuming in 9 minutes…
2026-07-06 10:29:23  INFO      ⏰ Resuming in 4 minutes…
2026-07-06 10:33:40  INFO      ✅ SMTP connected
2026-07-06 10:33:42  INFO      ✔ [41/53] Sent → rashmi.k@roletwit.com
2026-07-06 10:33:51  INFO      ✔ [42/53] Sent → resume.qalead@techoon.in
2026-07-06 10:33:59  INFO      ✔ [43/53] Sent → ritika.kherata@veersatech.com
2026-07-06 10:34:05  INFO      ✔ [44/53] Sent → sahil@kezanconsulting.com
2026-07-06 10:34:11  INFO      ✔ [45/53] Sent → sairam@lussotech.com
2026-07-06 10:34:11  DEBUG     Domain burst pause (lussotech.com): 18.7s
2026-07-06 10:34:37  INFO      ✔ [46/53] Sent → shubham.singh@hrizen.com
2026-07-06 10:34:45  INFO      ✔ [47/53] Sent → shubhi.varshney@cloudanalogy.com
2026-07-06 10:34:53  INFO      ✔ [48/53] Sent → somya@rebrandgurus.us
2026-07-06 10:35:01  INFO      ✔ [49/53] Sent → suhani.kulshrestha@sundaylabs.io
2026-07-06 10:35:01  DEBUG     Domain burst pause (sundaylabs.io): 17.1s
2026-07-06 10:35:27  INFO      ✔ [50/53] Sent → surekhagundubeni41@gmail.com
2026-07-06 10:35:27  DEBUG     Domain burst pause (gmail.com): 18.2s
2026-07-06 10:35:53  INFO      ✔ [51/53] Sent → tarun@lussotech.com
2026-07-06 10:35:59  INFO      ✔ [52/53] Sent → ujjual@bayonesolutions.com
2026-07-06 10:36:08  INFO      ✔ [53/53] Sent → utsav.gaur.ta@gmail.com
2026-07-06 10:36:14  INFO      🎉 Done — 53/53 emails sent today.
2026-07-06 10:36:14  INFO      📊 Total sent all time: 1634
2026-07-06 10:36:14  INFO      All emails sent. Deleting source PDF(s)…
2026-07-06 10:36:14  INFO      🗑  Deleted PDF: NCR_Noida_Delhi_Gurgaon (14).pdf
2026-07-07 09:37:09  INFO      📅 Daily cap: 250 | Sent today: 0 | Remaining: 250
2026-07-07 09:37:09  INFO      ⛔ Excluded domains (27): bonami.in, cgi.com, cognizant.com, dotpe.in, dronamaps.com, earthclock.in, embglobal.com, grappus.com, herovired.com, hudle.in, idreamcareer.com, infosys.com, legistify.com, locofast.com, ongrid.in, primathon.in, pushowl.com, questt.com, raftlabs.co, rayosys.com, scuderia.in, sparkeighteen.com, squareboat.com, squareops.com, tradingwithvivek.com, venturasecurities.com, wizzybox.com
2026-07-07 09:37:09  INFO      Reading PDF: NCR_Noida_Delhi_Gurgaon (15).pdf
2026-07-07 09:37:09  DEBUG     ⛔ Excluded: info@jobcurator.in
2026-07-07 09:37:09  DEBUG     ⛔ Excluded: info@jobcurator.in
2026-07-07 09:37:09  DEBUG     ⛔ Excluded: info@jobcurator.in
2026-07-07 09:37:09  DEBUG     ⛔ Excluded: info@jobcurator.in
2026-07-07 09:37:09  DEBUG     ⛔ Excluded: info@jobcurator.in
2026-07-07 09:37:09  DEBUG     ⛔ Excluded: info@jobcurator.in
2026-07-07 09:37:09  DEBUG     ⛔ Excluded: info@jobcurator.in
2026-07-07 09:37:10  DEBUG     ⛔ Excluded: info@jobcurator.in
2026-07-07 09:37:10  DEBUG     ⛔ Excluded: info@jobcurator.in
2026-07-07 09:37:10  DEBUG     ⛔ Excluded: info@jobcurator.in
2026-07-07 09:37:10  DEBUG     ⛔ Excluded: info@jobcurator.in
2026-07-07 09:37:10  DEBUG     ⛔ Excluded: info@jobcurator.in
2026-07-07 09:37:10  DEBUG     ⛔ Excluded: info@jobcurator.in
2026-07-07 09:37:10  DEBUG     ⛔ Excluded: info@jobcurator.in
2026-07-07 09:37:10  DEBUG     ⛔ Excluded: info@jobcurator.in
2026-07-07 09:37:10  DEBUG     ⛔ Excluded: info@jobcurator.in
2026-07-07 09:37:10  DEBUG     ⛔ Excluded: info@jobcurator.in
2026-07-07 09:37:10  DEBUG     ⛔ Excluded: info@jobcurator.in
2026-07-07 09:37:10  DEBUG     ⛔ Excluded: info@jobcurator.in
2026-07-07 09:37:10  DEBUG     ⛔ Excluded: info@jobcurator.in
2026-07-07 09:37:10  DEBUG     ⛔ Excluded: info@jobcurator.in
2026-07-07 09:37:10  DEBUG     ⛔ Excluded: info@jobcurator.in
2026-07-07 09:37:10  INFO      Unique emails found: 43  |  Excluded (domain/email filter): 22
2026-07-07 09:37:10  INFO      Already sent (all time): 1634  |  New to send today: 42
2026-07-07 09:37:10  INFO      🚀 Starting send: 42 emails | Batch size: 40 | Max/hour: 55
2026-07-07 09:37:12  INFO      ✅ SMTP connected
2026-07-07 09:37:15  INFO      ✔ [1/42] Sent → aim@aimplusstaffing.com
2026-07-07 09:37:21  INFO      ✔ [2/42] Sent → aliya.t@apideltech.com
2026-07-07 09:37:29  INFO      ✔ [3/42] Sent → amit.singh@dhspltd.com
2026-07-07 09:37:36  INFO      ✔ [4/42] Sent → anisha.sharma@mobulous.com
2026-07-07 09:37:45  INFO      ✔ [5/42] Sent → annamol.sibi@nlbtech.com
2026-07-07 09:37:55  INFO      ✔ [6/42] Sent → apoorva110903@gmail.com
2026-07-07 09:38:00  INFO      ✔ [7/42] Sent → arju.kumari@servoedge.com
2026-07-07 09:38:08  INFO      ✔ [8/42] Sent → aryan.pathela@ibotix.in
2026-07-07 09:38:15  INFO      ✔ [9/42] Sent → atul.saini@esscorptech.com
2026-07-07 09:38:23  INFO      ✔ [10/42] Sent → avneet.kaur@uzio.com
2026-07-07 09:38:30  INFO      ✔ [11/42] Sent → binishajeslin.v@saksoft.com
2026-07-07 09:38:39  INFO      ✔ [12/42] Sent → careers@acgil.net
2026-07-07 09:38:46  INFO      ✔ [13/42] Sent → chandankumara@onwardpath.com
2026-07-07 09:38:54  INFO      ✔ [14/42] Sent → dipanshi.garg@nlbtech.com
2026-07-07 09:38:54  DEBUG     Domain burst pause (nlbtech.com): 23.3s
2026-07-07 09:39:24  INFO      ✔ [15/42] Sent → gauravkandpal141@gmail.com
2026-07-07 09:39:24  DEBUG     Domain burst pause (gmail.com): 29.4s
2026-07-07 09:40:01  INFO      ✔ [16/42] Sent → gayathri.b@connectio.co.in
2026-07-07 09:40:10  INFO      ✔ [17/42] Sent → harvendra.rathore@nykaa.com
2026-07-07 09:40:16  INFO      ✔ [18/42] Sent → hr@pingasolutions.com
2026-07-07 09:40:24  INFO      ✔ [19/42] Sent → jonysingla@beans.ai
2026-07-07 09:40:33  INFO      ✔ [20/42] Sent → jyoti.gupta@nlbtech.in
2026-07-07 09:40:41  INFO      ✔ [21/42] Sent → kanika.pal@airtelbank.com
2026-07-07 09:40:47  INFO      ✔ [22/42] Sent → keerthanatanuku@gmail.com
2026-07-07 09:40:54  INFO      ✔ [23/42] Sent → mayank.gupta@evorait.com
2026-07-07 09:41:02  INFO      ✔ [24/42] Sent → neha.pandey@bluethinkinc.com
2026-07-07 09:41:08  INFO      ✔ [25/42] Sent → nishtha@jconnect.in
2026-07-07 09:41:14  INFO      ✔ [26/42] Sent → pallavi.rathore@innovaesi.com
2026-07-07 09:41:23  INFO      ✔ [27/42] Sent → parul.nagwanshi@ksolves.com
2026-07-07 09:41:30  INFO      ✔ [28/42] Sent → pawan.kumar3@nykaa.com
2026-07-07 09:41:30  DEBUG     Domain burst pause (nykaa.com): 16.9s
2026-07-07 09:41:56  INFO      ✔ [29/42] Sent → poojas@insightekgc.com
2026-07-07 09:42:02  INFO      ✔ [30/42] Sent → priya.pandey@impetus.com
2026-07-07 09:42:09  INFO      ✔ [31/42] Sent → rashi@jconnect.in
2026-07-07 09:42:09  DEBUG     Domain burst pause (jconnect.in): 19.9s
2026-07-07 09:42:34  INFO      ✔ [32/42] Sent → raveena@infutive.com
2026-07-07 09:42:43  INFO      ✔ [33/42] Sent → recruiter1@infutive.com
2026-07-07 09:42:43  DEBUG     Domain burst pause (infutive.com): 15.5s
2026-07-07 09:43:06  INFO      ✔ [34/42] Sent → recruitment1@talentplacers.org
2026-07-07 09:43:15  INFO      ✔ [35/42] Sent → saba@aliqan.com
2026-07-07 09:43:23  INFO      ✔ [36/42] Sent → samriti.sharma@mounttalent.com
2026-07-07 09:43:29  INFO      ✔ [37/42] Sent → shrutibhardwaj@pw.live
2026-07-07 09:43:38  INFO      ✔ [38/42] Sent → soumyamolugu21@gmail.com
2026-07-07 09:43:38  DEBUG     Domain burst pause (gmail.com): 23.4s
2026-07-07 09:44:10  INFO      ✔ [39/42] Sent → srushti.j@tekpillar.com
2026-07-07 09:44:18  INFO      ✔ [40/42] Sent → sverma@metasysinc.com
2026-07-07 09:44:22  INFO      ☕ Batch 1/2 complete (40 sent). Session break: 15 minutes…
2026-07-07 09:49:22  INFO      ⏰ Resuming in 10 minutes…
2026-07-07 09:54:22  INFO      ⏰ Resuming in 5 minutes…
2026-07-07 09:59:22  INFO      ⏰ Resuming in 0 minutes…
2026-07-07 09:59:42  INFO      ✅ SMTP connected
2026-07-07 09:59:45  INFO      ✔ [41/42] Sent → swapnil.gavali@codersbrain.com
2026-07-07 09:59:54  INFO      ✔ [42/42] Sent → virendra@jconnect.in
2026-07-07 09:59:59  INFO      🎉 Done — 42/42 emails sent today.
2026-07-07 09:59:59  INFO      📊 Total sent all time: 1676
2026-07-07 09:59:59  INFO      All emails sent. Deleting source PDF(s)…
2026-07-07 09:59:59  INFO      🗑  Deleted PDF: NCR_Noida_Delhi_Gurgaon (15).pdf
2026-07-08 07:17:47  INFO      📅 Daily cap: 250 | Sent today: 0 | Remaining: 250
2026-07-08 07:17:47  INFO      ⛔ Excluded domains (27): bonami.in, cgi.com, cognizant.com, dotpe.in, dronamaps.com, earthclock.in, embglobal.com, grappus.com, herovired.com, hudle.in, idreamcareer.com, infosys.com, legistify.com, locofast.com, ongrid.in, primathon.in, pushowl.com, questt.com, raftlabs.co, rayosys.com, scuderia.in, sparkeighteen.com, squareboat.com, squareops.com, tradingwithvivek.com, venturasecurities.com, wizzybox.com
2026-07-08 07:17:47  INFO      Reading PDF: NCR_Noida_Delhi_Gurgaon (16).pdf
2026-07-08 07:17:47  DEBUG     ⛔ Excluded: info@jobcurator.in
2026-07-08 07:17:47  DEBUG     ⛔ Excluded: info@jobcurator.in
2026-07-08 07:17:48  DEBUG     ⛔ Excluded: info@jobcurator.in
2026-07-08 07:17:48  DEBUG     ⛔ Excluded: info@jobcurator.in
2026-07-08 07:17:48  DEBUG     ⛔ Excluded: info@jobcurator.in
2026-07-08 07:17:48  DEBUG     ⛔ Excluded: info@jobcurator.in
2026-07-08 07:17:48  DEBUG     ⛔ Excluded: info@jobcurator.in
2026-07-08 07:17:48  DEBUG     ⛔ Excluded: info@jobcurator.in
2026-07-08 07:17:48  DEBUG     ⛔ Excluded: info@jobcurator.in
2026-07-08 07:17:48  DEBUG     ⛔ Excluded: info@jobcurator.in
2026-07-08 07:17:48  DEBUG     ⛔ Excluded: info@jobcurator.in
2026-07-08 07:17:48  DEBUG     ⛔ Excluded: info@jobcurator.in
2026-07-08 07:17:48  DEBUG     ⛔ Excluded: info@jobcurator.in
2026-07-08 07:17:49  DEBUG     ⛔ Excluded: info@jobcurator.in
2026-07-08 07:17:49  DEBUG     ⛔ Excluded: info@jobcurator.in
2026-07-08 07:17:49  DEBUG     ⛔ Excluded: info@jobcurator.in
2026-07-08 07:17:49  DEBUG     ⛔ Excluded: info@jobcurator.in
2026-07-08 07:17:49  DEBUG     ⛔ Excluded: info@jobcurator.in
2026-07-08 07:17:49  DEBUG     ⛔ Excluded: info@jobcurator.in
2026-07-08 07:17:49  DEBUG     ⛔ Excluded: info@jobcurator.in
2026-07-08 07:17:49  DEBUG     ⛔ Excluded: info@jobcurator.in
2026-07-08 07:17:49  DEBUG     ⛔ Excluded: info@jobcurator.in
2026-07-08 07:17:49  DEBUG     ⛔ Excluded: info@jobcurator.in
2026-07-08 07:17:50  DEBUG     ⛔ Excluded: info@jobcurator.in
2026-07-08 07:17:50  DEBUG     ⛔ Excluded: info@jobcurator.in
2026-07-08 07:17:50  DEBUG     ⛔ Excluded: info@jobcurator.in
2026-07-08 07:17:50  DEBUG     ⛔ Excluded: info@jobcurator.in
2026-07-08 07:17:50  DEBUG     ⛔ Excluded: info@jobcurator.in
2026-07-08 07:17:50  DEBUG     ⛔ Excluded: info@jobcurator.in
2026-07-08 07:17:50  DEBUG     ⛔ Excluded: info@jobcurator.in
2026-07-08 07:17:50  INFO      Unique emails found: 47  |  Excluded (domain/email filter): 30
2026-07-08 07:17:50  INFO      Already sent (all time): 1676  |  New to send today: 38
2026-07-08 07:17:50  INFO      🚀 Starting send: 38 emails | Batch size: 40 | Max/hour: 55
2026-07-08 07:17:51  INFO      ✅ SMTP connected
2026-07-08 07:17:54  INFO      ✔ [1/38] Sent → aagrijyoti881@gmail.com
2026-07-08 07:18:03  INFO      ✔ [2/38] Sent → afrozkhan@rapinnotech.com
2026-07-08 07:18:09  INFO      ✔ [3/38] Sent → bathul.b@sureminds.co.in
2026-07-08 07:18:18  INFO      ✔ [4/38] Sent → career@nexusproservices.com
2026-07-08 07:18:24  INFO      ✔ [5/38] Sent → careers@assurex.co
2026-07-08 07:18:32  INFO      ✔ [6/38] Sent → careers@iqtreetechsoft.com
2026-07-08 07:18:38  INFO      ✔ [7/38] Sent → chetna.motwani@iratechnologies.com
2026-07-08 07:18:45  INFO      ✔ [8/38] Sent → conner@fcs.world
2026-07-08 07:18:53  INFO      ✔ [9/38] Sent → hemanth.a@sureminds.co.in
2026-07-08 07:18:53  DEBUG     Domain burst pause (sureminds.co.in): 18.7s
2026-07-08 07:19:20  INFO      ✔ [10/38] Sent → himani.bhakt@syansoft.in
2026-07-08 07:19:26  INFO      ✔ [11/38] Sent → hire.it@evokehr.com
2026-07-08 07:19:33  INFO      ✔ [12/38] Sent → hr@fship.in
2026-07-08 07:19:41  INFO      ✔ [13/38] Sent → hr@tvidservices.com
2026-07-08 07:19:50  INFO      ✔ [14/38] Sent → hrdelhi1@muthootgroup.com
2026-07-08 07:19:58  INFO      ✔ [15/38] Sent → info@volitionsphereitservices.net
2026-07-08 07:20:06  INFO      ✔ [16/38] Sent → jayshree.palai@creenosolutions.com
2026-07-08 07:20:13  INFO      ✔ [17/38] Sent → jesna@dicetekindia.com
2026-07-08 07:20:21  INFO      ✔ [18/38] Sent → kiran@qable.io
2026-07-08 07:20:28  INFO      ✔ [19/38] Sent → manikandan.pitchai@bahwancybertek.com
2026-07-08 07:20:37  INFO      ✔ [20/38] Sent → manoj.sharma02@motherson.com
2026-07-08 07:20:46  INFO      ✔ [21/38] Sent → mayank.kumar@ienergizer.com
2026-07-08 07:20:53  INFO      ✔ [22/38] Sent → mohit.singla@mounttalent.com
2026-07-08 07:21:01  INFO      ✔ [23/38] Sent → nayna@joulestowatts.co
2026-07-08 07:21:09  INFO      ✔ [24/38] Sent → pratiksha.m@greyorange.com
2026-07-08 07:21:16  INFO      ✔ [25/38] Sent → recruit@lynkit.in
2026-07-08 07:21:23  INFO      ✔ [26/38] Sent → recruitmentteam@rudhrainfosolutions.com
2026-07-08 07:21:31  INFO      ✔ [27/38] Sent → renuka.rathi@puresoftware.com
2026-07-08 07:21:38  INFO      ✔ [28/38] Sent → sakshi.goel@ezeiatech.com
2026-07-08 07:21:46  INFO      ✔ [29/38] Sent → shanky124@gmail.com
2026-07-08 07:21:46  DEBUG     Domain burst pause (gmail.com): 16.3s
2026-07-08 07:22:08  INFO      ✔ [30/38] Sent → shivani.rathore@reliason.com
2026-07-08 07:22:14  INFO      ✔ [31/38] Sent → shristi.s.rajput@profferit.in
2026-07-08 07:22:21  INFO      ✔ [32/38] Sent → simran.gulati@rsystems.com
2026-07-08 07:22:29  INFO      ✔ [33/38] Sent → sonali@warpdrivetech.in
2026-07-08 07:22:35  INFO      ✔ [34/38] Sent → stshukla@teksystems.com
2026-07-08 07:22:44  INFO      ✔ [35/38] Sent → subhika.chatterjee@quokkalabs.com
2026-07-08 07:22:51  INFO      ✔ [36/38] Sent → tapabrata.sarkar@ltimindtree.com
2026-07-08 07:22:58  INFO      ✔ [37/38] Sent → tvisha.sindwani@zs.com
2026-07-08 07:23:05  INFO      ✔ [38/38] Sent → vnaveen@teksystems.com
2026-07-08 07:23:05  DEBUG     Domain burst pause (teksystems.com): 22.6s
2026-07-08 07:23:35  INFO      🎉 Done — 38/38 emails sent today.
2026-07-08 07:23:35  INFO      📊 Total sent all time: 1714
2026-07-08 07:23:35  INFO      All emails sent. Deleting source PDF(s)…
2026-07-08 07:23:35  INFO      🗑  Deleted PDF: NCR_Noida_Delhi_Gurgaon (16).pdf
2026-07-08 10:30:56  INFO      📅 Daily cap: 250 | Sent today: 38 | Remaining: 212
2026-07-08 10:30:56  INFO      ⛔ Excluded domains (27): bonami.in, cgi.com, cognizant.com, dotpe.in, dronamaps.com, earthclock.in, embglobal.com, grappus.com, herovired.com, hudle.in, idreamcareer.com, infosys.com, legistify.com, locofast.com, ongrid.in, primathon.in, pushowl.com, questt.com, raftlabs.co, rayosys.com, scuderia.in, sparkeighteen.com, squareboat.com, squareops.com, tradingwithvivek.com, venturasecurities.com, wizzybox.com
2026-07-08 10:30:56  INFO      Reading PDF: Pune Mumbai (5).pdf
2026-07-08 10:30:56  DEBUG     ⛔ Excluded: info@jobcurator.in
2026-07-08 10:30:56  DEBUG     ⛔ Excluded: info@jobcurator.in
2026-07-08 10:30:56  DEBUG     ⛔ Excluded: info@jobcurator.in
2026-07-08 10:30:56  DEBUG     ⛔ Excluded: info@jobcurator.in
2026-07-08 10:30:57  DEBUG     ⛔ Excluded: info@jobcurator.in
2026-07-08 10:30:57  DEBUG     ⛔ Excluded: info@jobcurator.in
2026-07-08 10:30:57  DEBUG     ⛔ Excluded: info@jobcurator.in
2026-07-08 10:30:57  DEBUG     ⛔ Excluded: info@jobcurator.in
2026-07-08 10:30:57  DEBUG     ⛔ Excluded: info@jobcurator.in
2026-07-08 10:30:57  DEBUG     ⛔ Excluded: info@jobcurator.in
2026-07-08 10:30:57  DEBUG     ⛔ Excluded: info@jobcurator.in
2026-07-08 10:30:57  DEBUG     ⛔ Excluded: info@jobcurator.in
2026-07-08 10:30:57  DEBUG     ⛔ Excluded: info@jobcurator.in
2026-07-08 10:30:57  DEBUG     ⛔ Excluded: info@jobcurator.in
2026-07-08 10:30:57  DEBUG     ⛔ Excluded: info@jobcurator.in
2026-07-08 10:30:57  DEBUG     ⛔ Excluded: info@jobcurator.in
2026-07-08 10:30:58  DEBUG     ⛔ Excluded: info@jobcurator.in
2026-07-08 10:30:58  DEBUG     ⛔ Excluded: info@jobcurator.in
2026-07-08 10:30:58  DEBUG     ⛔ Excluded: info@jobcurator.in
2026-07-08 10:30:58  DEBUG     ⛔ Excluded: info@jobcurator.in
2026-07-08 10:30:58  DEBUG     ⛔ Excluded: info@jobcurator.in
2026-07-08 10:30:58  DEBUG     ⛔ Excluded: info@jobcurator.in
2026-07-08 10:30:58  DEBUG     ⛔ Excluded: info@jobcurator.in
2026-07-08 10:30:58  DEBUG     ⛔ Excluded: info@jobcurator.in
2026-07-08 10:30:58  DEBUG     ⛔ Excluded: info@jobcurator.in
2026-07-08 10:30:58  DEBUG     ⛔ Excluded: info@jobcurator.in
2026-07-08 10:30:58  DEBUG     ⛔ Excluded: info@jobcurator.in
2026-07-08 10:30:59  DEBUG     ⛔ Excluded: info@jobcurator.in
2026-07-08 10:30:59  DEBUG     ⛔ Excluded: info@jobcurator.in
2026-07-08 10:30:59  DEBUG     ⛔ Excluded: info@jobcurator.in
2026-07-08 10:30:59  DEBUG     ⛔ Excluded: info@jobcurator.in
2026-07-08 10:30:59  DEBUG     ⛔ Excluded: info@jobcurator.in
2026-07-08 10:30:59  DEBUG     ⛔ Excluded: info@jobcurator.in
2026-07-08 10:30:59  DEBUG     ⛔ Excluded: info@jobcurator.in
2026-07-08 10:30:59  DEBUG     ⛔ Excluded: info@jobcurator.in
2026-07-08 10:30:59  DEBUG     ⛔ Excluded: info@jobcurator.in
2026-07-08 10:30:59  DEBUG     ⛔ Excluded: info@jobcurator.in
2026-07-08 10:30:59  INFO      Unique emails found: 59  |  Excluded (domain/email filter): 37
2026-07-08 10:30:59  INFO      Already sent (all time): 1714  |  New to send today: 47
2026-07-08 10:30:59  INFO      🚀 Starting send: 47 emails | Batch size: 40 | Max/hour: 55
2026-07-08 10:31:06  INFO      ✅ SMTP connected
2026-07-08 10:31:17  INFO      ✔ [1/47] Sent → aarti@selectpro.in
2026-07-08 10:31:26  INFO      ✔ [2/47] Sent → akash.sharma@esolglobal.com
2026-07-08 10:31:32  INFO      ✔ [3/47] Sent → arjun@techshell-soft.com
2026-07-08 10:31:40  INFO      ✔ [4/47] Sent → aswathy.anandan@pegasusinfocorp.com
2026-07-08 10:31:50  INFO      ✔ [5/47] Sent → avinash.kour@quantaltech.ai
2026-07-08 10:31:58  INFO      ✔ [6/47] Sent → careers@kyrossglobal.com
2026-07-08 10:32:06  INFO      ✔ [7/47] Sent → deepika.r@truglobal.com
2026-07-08 10:32:14  INFO      ✔ [8/47] Sent → dipali@srssolutions.co.in
2026-07-08 10:32:23  INFO      ✔ [9/47] Sent → durga.prasad@webpipl.com
2026-07-08 10:32:31  INFO      ✔ [10/47] Sent → hemanth@cognitbotz.com
2026-07-08 10:32:40  INFO      ✔ [11/47] Sent → himanship@natalieconsultants.com
2026-07-08 10:32:48  INFO      ✔ [12/47] Sent → hiringteam@resource-excellence.com
2026-07-08 10:32:55  INFO      ✔ [13/47] Sent → hr@eazyrecruitmentsolutions.com
2026-07-08 10:33:05  INFO      ✔ [14/47] Sent → hr@kloudera.ai
2026-07-08 10:33:14  INFO      ✔ [15/47] Sent → hrchennai@brraysoft.com
2026-07-08 10:33:20  INFO      ✔ [16/47] Sent → kanchan.kamankar@ampcustech.com
2026-07-08 10:33:27  INFO      ✔ [17/47] Sent → krishnaveni@enejobs.com
2026-07-08 10:33:35  INFO      ✔ [18/47] Sent → lovenish.gupta@prismberry.com
2026-07-08 10:33:44  INFO      ✔ [19/47] Sent → mahendra.k@h2itsol.in
2026-07-08 10:33:53  INFO      ✔ [20/47] Sent → nagalakshmi@schrilltech.com
2026-07-08 10:34:00  INFO      ✔ [21/47] Sent → nagesh.nissn@gmail.com
2026-07-08 10:34:07  INFO      ✔ [22/47] Sent → nancy.jain@akrinfotech.in
2026-07-08 10:34:14  INFO      ✔ [23/47] Sent → nrcupindia.group@rediffmail.com
2026-07-08 10:34:22  INFO      ✔ [24/47] Sent → opportunity@univar.in
2026-07-08 10:34:30  INFO      ✔ [25/47] Sent → pradnya.bhalshankar@comunus.in
2026-07-08 10:34:39  INFO      ✔ [26/47] Sent → pravallika@moxieit.com
2026-07-08 10:34:48  INFO      ✔ [27/47] Sent → priti@huquo.com
2026-07-08 10:34:55  INFO      ✔ [28/47] Sent → rakesh.gupta@jiocredit.in
2026-07-08 10:35:01  INFO      ✔ [29/47] Sent → rathna@trinityconsulting.asia
2026-07-08 10:35:09  INFO      ✔ [30/47] Sent → resume@jobsmartindia.com
2026-07-08 10:35:17  INFO      ✔ [31/47] Sent → resume@satyasakshi.com
2026-07-08 10:35:26  INFO      ✔ [32/47] Sent → ritikaa@selectsourceintl.com
2026-07-08 10:35:36  INFO      ✔ [33/47] Sent → roohija.m@tekskills.in
2026-07-08 10:35:44  INFO      ✔ [34/47] Sent → sandhyarani.b@kairostech.com
2026-07-08 10:35:51  INFO      ✔ [35/47] Sent → shikha.sachdeva@zentekinfosoft.com
2026-07-08 10:35:59  INFO      ✔ [36/47] Sent → shivani.ganatra@programming.com
2026-07-08 10:36:08  INFO      ✔ [37/47] Sent → shubhangi@talentone.co.in
2026-07-08 10:36:14  INFO      ✔ [38/47] Sent → social@byterecruiting.com
2026-07-08 10:36:21  INFO      ✔ [39/47] Sent → sowjanya.g@cyanous.com
2026-07-08 10:36:30  INFO      ✔ [40/47] Sent → suma.p@anlage.co.in
2026-07-08 10:36:34  INFO      ☕ Batch 1/2 complete (40 sent). Session break: 18 minutes…
2026-07-08 10:41:34  INFO      ⏰ Resuming in 13 minutes…
2026-07-08 10:46:34  INFO      ⏰ Resuming in 8 minutes…
2026-07-08 10:51:34  INFO      ⏰ Resuming in 3 minutes…
2026-07-09 09:08:54  INFO      📅 Daily cap: 250 | Sent today: 0 | Remaining: 250
2026-07-09 09:08:54  INFO      ⛔ Excluded domains (27): bonami.in, cgi.com, cognizant.com, dotpe.in, dronamaps.com, earthclock.in, embglobal.com, grappus.com, herovired.com, hudle.in, idreamcareer.com, infosys.com, legistify.com, locofast.com, ongrid.in, primathon.in, pushowl.com, questt.com, raftlabs.co, rayosys.com, scuderia.in, sparkeighteen.com, squareboat.com, squareops.com, tradingwithvivek.com, venturasecurities.com, wizzybox.com
2026-07-09 09:08:54  INFO      Reading PDF: Pune Mumbai (5).pdf
2026-07-09 09:08:54  DEBUG     ⛔ Excluded: info@jobcurator.in
2026-07-09 09:08:54  DEBUG     ⛔ Excluded: info@jobcurator.in
2026-07-09 09:08:54  DEBUG     ⛔ Excluded: info@jobcurator.in
2026-07-09 09:08:54  DEBUG     ⛔ Excluded: info@jobcurator.in
2026-07-09 09:08:54  DEBUG     ⛔ Excluded: info@jobcurator.in
2026-07-09 09:08:55  DEBUG     ⛔ Excluded: info@jobcurator.in
2026-07-09 09:08:55  DEBUG     ⛔ Excluded: info@jobcurator.in
2026-07-09 09:08:55  DEBUG     ⛔ Excluded: info@jobcurator.in
2026-07-09 09:08:55  DEBUG     ⛔ Excluded: info@jobcurator.in
2026-07-09 09:08:55  DEBUG     ⛔ Excluded: info@jobcurator.in
2026-07-09 09:08:55  DEBUG     ⛔ Excluded: info@jobcurator.in
2026-07-09 09:08:55  DEBUG     ⛔ Excluded: info@jobcurator.in
2026-07-09 09:08:55  DEBUG     ⛔ Excluded: info@jobcurator.in
2026-07-09 09:08:55  DEBUG     ⛔ Excluded: info@jobcurator.in
2026-07-09 09:08:55  DEBUG     ⛔ Excluded: info@jobcurator.in
2026-07-09 09:08:55  DEBUG     ⛔ Excluded: info@jobcurator.in
2026-07-09 09:08:55  DEBUG     ⛔ Excluded: info@jobcurator.in
2026-07-09 09:08:56  DEBUG     ⛔ Excluded: info@jobcurator.in
2026-07-09 09:08:56  DEBUG     ⛔ Excluded: info@jobcurator.in
2026-07-09 09:08:56  DEBUG     ⛔ Excluded: info@jobcurator.in
2026-07-09 09:08:56  DEBUG     ⛔ Excluded: info@jobcurator.in
2026-07-09 09:08:56  DEBUG     ⛔ Excluded: info@jobcurator.in
2026-07-09 09:08:56  DEBUG     ⛔ Excluded: info@jobcurator.in
2026-07-09 09:08:56  DEBUG     ⛔ Excluded: info@jobcurator.in
2026-07-09 09:08:56  DEBUG     ⛔ Excluded: info@jobcurator.in
2026-07-09 09:08:56  DEBUG     ⛔ Excluded: info@jobcurator.in
2026-07-09 09:08:56  DEBUG     ⛔ Excluded: info@jobcurator.in
2026-07-09 09:08:56  DEBUG     ⛔ Excluded: info@jobcurator.in
2026-07-09 09:08:57  DEBUG     ⛔ Excluded: info@jobcurator.in
2026-07-09 09:08:57  DEBUG     ⛔ Excluded: info@jobcurator.in
2026-07-09 09:08:57  DEBUG     ⛔ Excluded: info@jobcurator.in
2026-07-09 09:08:57  DEBUG     ⛔ Excluded: info@jobcurator.in
2026-07-09 09:08:57  DEBUG     ⛔ Excluded: info@jobcurator.in
2026-07-09 09:08:57  DEBUG     ⛔ Excluded: info@jobcurator.in
2026-07-09 09:08:57  DEBUG     ⛔ Excluded: info@jobcurator.in
2026-07-09 09:08:57  DEBUG     ⛔ Excluded: info@jobcurator.in
2026-07-09 09:08:57  DEBUG     ⛔ Excluded: info@jobcurator.in
2026-07-09 09:08:57  INFO      Unique emails found: 59  |  Excluded (domain/email filter): 37
2026-07-09 09:08:57  INFO      Already sent (all time): 1754  |  New to send today: 7
2026-07-09 09:08:57  INFO      🚀 Starting send: 7 emails | Batch size: 40 | Max/hour: 55
2026-07-09 09:09:01  INFO      📅 Daily cap: 250 | Sent today: 0 | Remaining: 250
2026-07-09 09:09:01  INFO      ⛔ Excluded domains (27): bonami.in, cgi.com, cognizant.com, dotpe.in, dronamaps.com, earthclock.in, embglobal.com, grappus.com, herovired.com, hudle.in, idreamcareer.com, infosys.com, legistify.com, locofast.com, ongrid.in, primathon.in, pushowl.com, questt.com, raftlabs.co, rayosys.com, scuderia.in, sparkeighteen.com, squareboat.com, squareops.com, tradingwithvivek.com, venturasecurities.com, wizzybox.com
2026-07-09 09:09:01  INFO      Reading PDF: Pune Mumbai (5).pdf
2026-07-09 09:09:01  DEBUG     ⛔ Excluded: info@jobcurator.in
2026-07-09 09:09:01  DEBUG     ⛔ Excluded: info@jobcurator.in
2026-07-09 09:09:01  DEBUG     ⛔ Excluded: info@jobcurator.in
2026-07-09 09:09:01  DEBUG     ⛔ Excluded: info@jobcurator.in
2026-07-09 09:09:01  DEBUG     ⛔ Excluded: info@jobcurator.in
2026-07-09 09:09:01  DEBUG     ⛔ Excluded: info@jobcurator.in
2026-07-09 09:09:01  DEBUG     ⛔ Excluded: info@jobcurator.in
2026-07-09 09:09:01  DEBUG     ⛔ Excluded: info@jobcurator.in
2026-07-09 09:09:01  DEBUG     ⛔ Excluded: info@jobcurator.in
2026-07-09 09:09:02  DEBUG     ⛔ Excluded: info@jobcurator.in
2026-07-09 09:09:02  DEBUG     ⛔ Excluded: info@jobcurator.in
2026-07-09 09:09:02  DEBUG     ⛔ Excluded: info@jobcurator.in
2026-07-09 09:09:02  DEBUG     ⛔ Excluded: info@jobcurator.in
2026-07-09 09:09:02  DEBUG     ⛔ Excluded: info@jobcurator.in
2026-07-09 09:09:02  DEBUG     ⛔ Excluded: info@jobcurator.in
2026-07-09 09:09:02  DEBUG     ⛔ Excluded: info@jobcurator.in
2026-07-09 09:09:02  DEBUG     ⛔ Excluded: info@jobcurator.in
2026-07-09 09:09:02  DEBUG     ⛔ Excluded: info@jobcurator.in
2026-07-09 09:09:02  DEBUG     ⛔ Excluded: info@jobcurator.in
2026-07-09 09:09:02  DEBUG     ⛔ Excluded: info@jobcurator.in
2026-07-09 09:09:03  DEBUG     ⛔ Excluded: info@jobcurator.in
2026-07-09 09:09:03  DEBUG     ⛔ Excluded: info@jobcurator.in
2026-07-09 09:09:03  DEBUG     ⛔ Excluded: info@jobcurator.in
2026-07-09 09:09:03  DEBUG     ⛔ Excluded: info@jobcurator.in
2026-07-09 09:09:03  DEBUG     ⛔ Excluded: info@jobcurator.in
2026-07-09 09:09:03  DEBUG     ⛔ Excluded: info@jobcurator.in
2026-07-09 09:09:03  DEBUG     ⛔ Excluded: info@jobcurator.in
2026-07-09 09:09:03  DEBUG     ⛔ Excluded: info@jobcurator.in
2026-07-09 09:09:03  DEBUG     ⛔ Excluded: info@jobcurator.in
2026-07-09 09:09:03  DEBUG     ⛔ Excluded: info@jobcurator.in
2026-07-09 09:09:03  DEBUG     ⛔ Excluded: info@jobcurator.in
2026-07-09 09:09:04  DEBUG     ⛔ Excluded: info@jobcurator.in
2026-07-09 09:09:04  DEBUG     ⛔ Excluded: info@jobcurator.in
2026-07-09 09:09:04  DEBUG     ⛔ Excluded: info@jobcurator.in
2026-07-09 09:09:04  DEBUG     ⛔ Excluded: info@jobcurator.in
2026-07-09 09:09:04  DEBUG     ⛔ Excluded: info@jobcurator.in
2026-07-09 09:09:04  DEBUG     ⛔ Excluded: info@jobcurator.in
2026-07-09 09:09:04  INFO      Unique emails found: 59  |  Excluded (domain/email filter): 37
2026-07-09 09:09:04  INFO      Already sent (all time): 1754  |  New to send today: 7
2026-07-09 09:09:04  INFO      🚀 Starting send: 7 emails | Batch size: 40 | Max/hour: 55
2026-07-09 09:09:05  INFO      ✅ SMTP connected
2026-07-09 09:09:08  INFO      ✔ [1/7] Sent → talent@aiadeptconsulting.com
2026-07-09 09:09:17  INFO      ✔ [2/7] Sent → talenttruimph@gmail.com
2026-07-09 09:09:24  INFO      ✔ [3/7] Sent → teja.c@csiglobal.co.uk
2026-07-09 09:10:06  INFO      📅 Daily cap: 250 | Sent today: 0 | Remaining: 250
2026-07-09 09:10:06  INFO      ⛔ Excluded domains (27): bonami.in, cgi.com, cognizant.com, dotpe.in, dronamaps.com, earthclock.in, embglobal.com, grappus.com, herovired.com, hudle.in, idreamcareer.com, infosys.com, legistify.com, locofast.com, ongrid.in, primathon.in, pushowl.com, questt.com, raftlabs.co, rayosys.com, scuderia.in, sparkeighteen.com, squareboat.com, squareops.com, tradingwithvivek.com, venturasecurities.com, wizzybox.com
2026-07-09 09:10:06  INFO      Reading PDF: Pune Mumbai (5).pdf
2026-07-09 09:10:06  DEBUG     ⛔ Excluded: info@jobcurator.in
2026-07-09 09:10:06  DEBUG     ⛔ Excluded: info@jobcurator.in
2026-07-09 09:10:06  DEBUG     ⛔ Excluded: info@jobcurator.in
2026-07-09 09:10:06  DEBUG     ⛔ Excluded: info@jobcurator.in
2026-07-09 09:10:06  DEBUG     ⛔ Excluded: info@jobcurator.in
2026-07-09 09:10:06  DEBUG     ⛔ Excluded: info@jobcurator.in
2026-07-09 09:10:06  DEBUG     ⛔ Excluded: info@jobcurator.in
2026-07-09 09:10:06  DEBUG     ⛔ Excluded: info@jobcurator.in
2026-07-09 09:10:07  DEBUG     ⛔ Excluded: info@jobcurator.in
2026-07-09 09:10:07  DEBUG     ⛔ Excluded: info@jobcurator.in
2026-07-09 09:10:07  DEBUG     ⛔ Excluded: info@jobcurator.in
2026-07-09 09:10:07  DEBUG     ⛔ Excluded: info@jobcurator.in
2026-07-09 09:10:07  DEBUG     ⛔ Excluded: info@jobcurator.in
2026-07-09 09:10:07  DEBUG     ⛔ Excluded: info@jobcurator.in
2026-07-09 09:10:07  DEBUG     ⛔ Excluded: info@jobcurator.in
2026-07-09 09:10:07  DEBUG     ⛔ Excluded: info@jobcurator.in
2026-07-09 09:10:07  DEBUG     ⛔ Excluded: info@jobcurator.in
2026-07-09 09:10:07  DEBUG     ⛔ Excluded: info@jobcurator.in
2026-07-09 09:10:08  DEBUG     ⛔ Excluded: info@jobcurator.in
2026-07-09 09:10:08  DEBUG     ⛔ Excluded: info@jobcurator.in
2026-07-09 09:10:08  DEBUG     ⛔ Excluded: info@jobcurator.in
2026-07-09 09:10:08  DEBUG     ⛔ Excluded: info@jobcurator.in
2026-07-09 09:10:08  DEBUG     ⛔ Excluded: info@jobcurator.in
2026-07-09 09:10:08  DEBUG     ⛔ Excluded: info@jobcurator.in
2026-07-09 09:10:08  DEBUG     ⛔ Excluded: info@jobcurator.in
2026-07-09 09:10:08  DEBUG     ⛔ Excluded: info@jobcurator.in
2026-07-09 09:10:08  DEBUG     ⛔ Excluded: info@jobcurator.in
2026-07-09 09:10:08  DEBUG     ⛔ Excluded: info@jobcurator.in
2026-07-09 09:10:08  INFO      Unique emails found: 46  |  Excluded (domain/email filter): 28
2026-07-09 09:10:08  INFO      Already sent (all time): 1757  |  New to send today: 42
2026-07-09 09:10:08  INFO      🚀 Starting send: 42 emails | Batch size: 40 | Max/hour: 55
2026-07-09 09:10:09  INFO      ✅ SMTP connected
2026-07-09 09:10:12  INFO      ✔ [1/42] Sent → aaryompathak@gmail.com
2026-07-09 09:10:19  INFO      ✔ [2/42] Sent → abrar@techhighbrows.com
2026-07-09 09:10:25  INFO      ✔ [3/42] Sent → adithya.kanaveni@euclidinnovations.com
2026-07-09 09:10:34  INFO      ✔ [4/42] Sent → amol.upade@synechron.com
2026-07-09 09:10:40  INFO      ✔ [5/42] Sent → archi.variya@aqmtechnologies.com
2026-07-09 09:10:47  INFO      ✔ [6/42] Sent → ashwini.jagtap@cvgrp.com
2026-07-09 09:10:53  INFO      ✔ [7/42] Sent → chetan.j@aquilasysinc.com
2026-07-09 09:11:01  INFO      ✔ [8/42] Sent → hr@asjtransglobal.com
2026-07-09 09:11:10  INFO      ✔ [9/42] Sent → ittis@sysmind.com
2026-07-09 09:11:17  INFO      ✔ [10/42] Sent → jaishri.rai@dexian.com
2026-07-09 09:11:23  INFO      ✔ [11/42] Sent → jaykishan@bwbsol.com
2026-07-09 09:11:32  INFO      ✔ [12/42] Sent → jkraj1419@gmail.com
2026-07-09 09:11:32  DEBUG     Domain burst pause (gmail.com): 23.0s
2026-07-09 09:12:01  INFO      ✔ [13/42] Sent → jobs@quadzero.com
2026-07-09 09:12:10  INFO      ✔ [14/42] Sent → jyoti.verma@esolglobal.com
2026-07-09 09:12:18  INFO      ✔ [15/42] Sent → karthikboppy36918@gmail.com
2026-07-09 09:12:25  INFO      ✔ [16/42] Sent → karulal@gorec.ai
2026-07-09 09:12:31  INFO      ✔ [17/42] Sent → kboppy@saventech.com
2026-07-09 09:12:39  INFO      ✔ [18/42] Sent → krutikar.swift@gmail.com
2026-07-09 09:12:39  DEBUG     Domain burst pause (gmail.com): 20.2s
2026-07-09 09:13:05  INFO      ✔ [19/42] Sent → kumar.v@infyshine.com
2026-07-09 09:13:11  INFO      ✔ [20/42] Sent → leelaram@darttag.in
2026-07-09 09:13:21  INFO      ✔ [21/42] Sent → mithradevi.gunakumar@sunware.in
2026-07-09 09:13:28  INFO      ✔ [22/42] Sent → mithun@sparshcorp.com
2026-07-09 09:13:34  INFO      ✔ [23/42] Sent → muskanshaw332@gmail.com
2026-07-09 09:13:40  INFO      ✔ [24/42] Sent → nandakishan@kgisl.com
2026-07-09 09:13:47  INFO      ✔ [25/42] Sent → narharipgawali@gmail.com
2026-07-09 09:13:47  DEBUG     Domain burst pause (gmail.com): 21.3s
2026-07-09 09:14:18  INFO      ✔ [26/42] Sent → nishi.sulekhiya@diverselynx.in
2026-07-09 09:14:25  INFO      ✔ [27/42] Sent → pragathi.nookala@quesscorp.com
2026-07-09 09:14:31  INFO      ✔ [28/42] Sent → pranav.shirke@aqmtechnologies.com
2026-07-09 09:14:31  DEBUG     Domain burst pause (aqmtechnologies.com): 15.2s
2026-07-09 09:14:55  INFO      ✔ [29/42] Sent → rabinarayan@coventine.com
2026-07-09 09:15:04  INFO      ✔ [30/42] Sent → ramkumarv@gkhrconsulting.com
2026-07-09 09:15:10  INFO      ✔ [31/42] Sent → rasikar@vilwaatech.com
2026-07-09 09:15:19  INFO      ✔ [32/42] Sent → rituraj@phaxonservies.com
2026-07-09 09:15:27  INFO      ✔ [33/42] Sent → ruchita.parsekar@e-stonetech.com
2026-07-09 09:15:34  INFO      ✔ [34/42] Sent → sakshi.j@actualise.in
2026-07-09 09:15:42  INFO      ✔ [35/42] Sent → sarita.mishra@rulesiq.com
2026-07-09 09:15:49  INFO      ✔ [36/42] Sent → shivam.s@neosofttech.com
2026-07-09 09:15:57  INFO      ✔ [37/42] Sent → simran@beanhr.com
2026-07-09 09:16:04  INFO      ✔ [38/42] Sent → sohrab.a@srsinfoway.com
2026-07-09 09:16:11  INFO      ✔ [39/42] Sent → tanuj.lamba@thewitslab.com
2026-07-09 09:16:17  INFO      ✔ [40/42] Sent → vamsi.k@gfm-now.com
2026-07-09 09:16:23  INFO      ☕ Batch 1/2 complete (40 sent). Session break: 18 minutes…
2026-07-09 09:21:23  INFO      ⏰ Resuming in 13 minutes…
2026-07-09 09:26:23  INFO      ⏰ Resuming in 8 minutes…
2026-07-09 09:31:23  INFO      ⏰ Resuming in 3 minutes…
2026-07-09 09:34:21  INFO      ✅ SMTP connected
2026-07-09 09:34:24  INFO      ✔ [41/42] Sent → vidyapriya.ramakrishnan@sunware.in
2026-07-09 09:34:24  DEBUG     Domain burst pause (sunware.in): 27.7s
2026-07-09 09:35:00  INFO      ✔ [42/42] Sent → vijayabharathi.t@twsol.com
2026-07-09 09:35:07  INFO      🎉 Done — 42/42 emails sent today.
2026-07-09 09:35:07  INFO      📊 Total sent all time: 1799
2026-07-09 09:35:07  INFO      All emails sent. Deleting source PDF(s)…
2026-07-09 09:35:07  INFO      🗑  Deleted PDF: Pune Mumbai (5).pdf
2026-07-09 10:29:19  INFO      📅 Daily cap: 250 | Sent today: 42 | Remaining: 208
2026-07-09 10:29:19  INFO      ⛔ Excluded domains (27): bonami.in, cgi.com, cognizant.com, dotpe.in, dronamaps.com, earthclock.in, embglobal.com, grappus.com, herovired.com, hudle.in, idreamcareer.com, infosys.com, legistify.com, locofast.com, ongrid.in, primathon.in, pushowl.com, questt.com, raftlabs.co, rayosys.com, scuderia.in, sparkeighteen.com, squareboat.com, squareops.com, tradingwithvivek.com, venturasecurities.com, wizzybox.com
2026-07-09 10:29:19  WARNING   Missing PDF: /Users/chiragkhanduja/PycharmProjects/PythonProject11/Pune Mumbai (5).pdf
2026-07-09 10:29:19  INFO      Unique emails found: 0  |  Excluded (domain/email filter): 0
2026-07-09 10:29:19  INFO      Already sent (all time): 1799  |  New to send today: 0
2026-07-09 10:29:19  INFO      No new recipients — nothing to do.
2026-07-09 10:29:28  INFO      📅 Daily cap: 250 | Sent today: 42 | Remaining: 208
2026-07-09 10:29:28  INFO      ⛔ Excluded domains (27): bonami.in, cgi.com, cognizant.com, dotpe.in, dronamaps.com, earthclock.in, embglobal.com, grappus.com, herovired.com, hudle.in, idreamcareer.com, infosys.com, legistify.com, locofast.com, ongrid.in, primathon.in, pushowl.com, questt.com, raftlabs.co, rayosys.com, scuderia.in, sparkeighteen.com, squareboat.com, squareops.com, tradingwithvivek.com, venturasecurities.com, wizzybox.com
2026-07-09 10:29:28  INFO      Reading PDF: NCR_Noida_Delhi_Gurgaon (16).pdf
2026-07-09 10:29:28  DEBUG     ⛔ Excluded: info@jobcurator.in
2026-07-09 10:29:28  DEBUG     ⛔ Excluded: info@jobcurator.in
2026-07-09 10:29:28  DEBUG     ⛔ Excluded: info@jobcurator.in
2026-07-09 10:29:29  DEBUG     ⛔ Excluded: info@jobcurator.in
2026-07-09 10:29:29  DEBUG     ⛔ Excluded: info@jobcurator.in
2026-07-09 10:29:29  DEBUG     ⛔ Excluded: info@jobcurator.in
2026-07-09 10:29:29  DEBUG     ⛔ Excluded: info@jobcurator.in
2026-07-09 10:29:29  DEBUG     ⛔ Excluded: info@jobcurator.in
2026-07-09 10:29:29  DEBUG     ⛔ Excluded: info@jobcurator.in
2026-07-09 10:29:29  DEBUG     ⛔ Excluded: info@jobcurator.in
2026-07-09 10:29:29  DEBUG     ⛔ Excluded: info@jobcurator.in
2026-07-09 10:29:29  DEBUG     ⛔ Excluded: info@jobcurator.in
2026-07-09 10:29:29  DEBUG     ⛔ Excluded: info@jobcurator.in
2026-07-09 10:29:30  DEBUG     ⛔ Excluded: info@jobcurator.in
2026-07-09 10:29:30  DEBUG     ⛔ Excluded: info@jobcurator.in
2026-07-09 10:29:30  DEBUG     ⛔ Excluded: info@jobcurator.in
2026-07-09 10:29:30  DEBUG     ⛔ Excluded: info@jobcurator.in
2026-07-09 10:29:30  DEBUG     ⛔ Excluded: info@jobcurator.in
2026-07-09 10:29:30  DEBUG     ⛔ Excluded: info@jobcurator.in
2026-07-09 10:29:30  INFO      Unique emails found: 24  |  Excluded (domain/email filter): 19
2026-07-09 10:29:30  INFO      Already sent (all time): 1799  |  New to send today: 13
2026-07-09 10:29:30  INFO      🚀 Starting send: 13 emails | Batch size: 40 | Max/hour: 55
2026-07-09 10:29:31  INFO      ✅ SMTP connected
2026-07-09 10:29:34  INFO      ✔ [1/13] Sent → astha@questhiring.com
2026-07-09 10:29:41  INFO      ✔ [2/13] Sent → careers@axs.in
2026-07-09 10:29:49  INFO      ✔ [3/13] Sent → careers@codeitinfotech.com
2026-07-09 10:29:57  INFO      ✔ [4/13] Sent → in.anadika@questhiring.com
2026-07-09 10:29:57  DEBUG     Domain burst pause (questhiring.com): 23.0s
2026-07-09 10:30:27  INFO      ✔ [5/13] Sent → leena.popli@linkageit.com
2026-07-09 10:30:36  INFO      ✔ [6/13] Sent → psingh@quantizer.com
2026-07-09 10:30:45  INFO      ✔ [7/13] Sent → rashitha.shetty@tredence.com
2026-07-09 10:30:53  INFO      ✔ [8/13] Sent → sania.a@implementmyidea.com
2026-07-09 10:31:01  INFO      ✔ [9/13] Sent → simon@rajcons.com
2026-07-09 10:31:08  INFO      ✔ [10/13] Sent → surekha.k@eliostechinc.com
2026-07-09 10:31:17  INFO      ✔ [11/13] Sent → talent@linkageit.com
2026-07-09 10:31:17  DEBUG     Domain burst pause (linkageit.com): 21.7s
2026-07-09 10:31:48  INFO      ✔ [12/13] Sent → tanya@talenthuntz.com
2026-07-09 10:31:55  INFO      ✔ [13/13] Sent → vaishnavishelke014@gmail.com
2026-07-09 10:32:00  INFO      🎉 Done — 13/13 emails sent today.
2026-07-09 10:32:00  INFO      📊 Total sent all time: 1812
2026-07-09 10:32:00  INFO      All emails sent. Deleting source PDF(s)…
2026-07-09 15:48:43  INFO      Daily cap: 40 | Sent today: 0 | Remaining: 40
2026-07-09 15:48:43  WARNING   Invalid email skipped: h.salama@minds_pool.com
2026-07-09 15:48:43  INFO      Total unique valid emails loaded: 2
2026-07-09 15:48:43  INFO      New recipients to send today: 1
2026-07-09 15:48:45  INFO      Connected via 587 (STARTTLS) — attempt 1
2026-07-09 15:48:48  INFO      [1/1] Sent -> sunil.b@dprsolutionsinc.com
2026-07-09 15:48:55  INFO      Done — sent 1/1 emails today.
2026-07-10 09:26:10  INFO      📅 Daily cap: 250 | Sent today: 0 | Remaining: 250
2026-07-10 09:26:10  INFO      ⛔ Excluded domains (27): bonami.in, cgi.com, cognizant.com, dotpe.in, dronamaps.com, earthclock.in, embglobal.com, grappus.com, herovired.com, hudle.in, idreamcareer.com, infosys.com, legistify.com, locofast.com, ongrid.in, primathon.in, pushowl.com, questt.com, raftlabs.co, rayosys.com, scuderia.in, sparkeighteen.com, squareboat.com, squareops.com, tradingwithvivek.com, venturasecurities.com, wizzybox.com
2026-07-10 09:26:10  INFO      Reading PDF: NCR_Noida_Delhi_Gurgaon (17).pdf
2026-07-10 09:26:10  DEBUG     ⛔ Excluded: info@jobcurator.in
2026-07-10 09:26:10  DEBUG     ⛔ Excluded: info@jobcurator.in
2026-07-10 09:26:10  DEBUG     ⛔ Excluded: info@jobcurator.in
2026-07-10 09:26:10  DEBUG     ⛔ Excluded: info@jobcurator.in
2026-07-10 09:26:10  DEBUG     ⛔ Excluded: info@jobcurator.in
2026-07-10 09:26:11  DEBUG     ⛔ Excluded: info@jobcurator.in
2026-07-10 09:26:11  DEBUG     ⛔ Excluded: info@jobcurator.in
2026-07-10 09:26:11  DEBUG     ⛔ Excluded: info@jobcurator.in
2026-07-10 09:26:11  DEBUG     ⛔ Excluded: info@jobcurator.in
2026-07-10 09:26:11  DEBUG     ⛔ Excluded: info@jobcurator.in
2026-07-10 09:26:11  DEBUG     ⛔ Excluded: info@jobcurator.in
2026-07-10 09:26:12  DEBUG     ⛔ Excluded: info@jobcurator.in
2026-07-10 09:26:12  DEBUG     ⛔ Excluded: info@jobcurator.in
2026-07-10 09:26:13  DEBUG     ⛔ Excluded: info@jobcurator.in
2026-07-10 09:26:13  DEBUG     ⛔ Excluded: info@jobcurator.in
2026-07-10 09:26:13  DEBUG     ⛔ Excluded: info@jobcurator.in
2026-07-10 09:26:13  DEBUG     ⛔ Excluded: info@jobcurator.in
2026-07-10 09:26:13  DEBUG     ⛔ Excluded: info@jobcurator.in
2026-07-10 09:26:13  DEBUG     ⛔ Excluded: info@jobcurator.in
2026-07-10 09:26:14  DEBUG     ⛔ Excluded: info@jobcurator.in
2026-07-10 09:26:14  DEBUG     ⛔ Excluded: info@jobcurator.in
2026-07-10 09:26:14  DEBUG     ⛔ Excluded: info@jobcurator.in
2026-07-10 09:26:14  DEBUG     ⛔ Excluded: info@jobcurator.in
2026-07-10 09:26:14  INFO      Unique emails found: 38  |  Excluded (domain/email filter): 23
2026-07-10 09:26:14  INFO      Already sent (all time): 1813  |  New to send today: 26
2026-07-10 09:26:14  INFO      🚀 Starting send: 26 emails | Batch size: 40 | Max/hour: 55
2026-07-10 09:26:16  INFO      ✅ SMTP connected
2026-07-10 09:26:19  INFO      ✔ [1/26] Sent → abhishek.singh.1@talentola.com
2026-07-10 09:26:28  INFO      ✔ [2/26] Sent → ankhi.g@kudzuinfotech.com
2026-07-10 09:26:34  INFO      ✔ [3/26] Sent → careers@novapatterns.com
2026-07-10 09:26:43  INFO      ✔ [4/26] Sent → hemaarrrsolutions@gmail.com
2026-07-10 09:26:50  INFO      ✔ [5/26] Sent → hr@cosmoindia.in
2026-07-10 09:26:58  INFO      ✔ [6/26] Sent → hrsupport@divinecampus.in
2026-07-10 09:27:04  INFO      ✔ [7/26] Sent → jadhav.nandini@hankersystems.in
2026-07-10 09:27:13  INFO      ✔ [8/26] Sent → jaskaran@flickd.app
2026-07-10 09:27:19  INFO      ✔ [9/26] Sent → jhansi.m@eliostechinc.com
2026-07-10 09:27:25  INFO      ✔ [10/26] Sent → khushi.gupta@devlabstechnology.com
2026-07-10 09:27:31  INFO      ✔ [11/26] Sent → komal.kumari@nlbtech.com
2026-07-10 09:27:38  INFO      ✔ [12/26] Sent → monika.talentoj@gmail.com
2026-07-10 09:27:38  DEBUG     Domain burst pause (gmail.com): 21.5s
2026-07-10 09:28:09  INFO      ✔ [13/26] Sent → nghiring@nexgeniots.com
2026-07-10 09:28:17  INFO      ✔ [14/26] Sent → nisha.chauhan@questhiring.com
2026-07-10 09:28:23  INFO      ✔ [15/26] Sent → ojasva@questhiring.com
2026-07-10 09:28:23  DEBUG     Domain burst pause (questhiring.com): 22.2s
2026-07-10 09:28:54  INFO      ✔ [16/26] Sent → rahul@questhiring.com
2026-07-10 09:29:01  INFO      ✔ [17/26] Sent → recruit1@taln.cloud
2026-07-10 09:29:08  INFO      ✔ [18/26] Sent → recruitment@skeps.com
2026-07-10 09:29:16  INFO      ✔ [19/26] Sent → riya.saxena@diverselynx.in
2026-07-10 09:29:25  INFO      ✔ [20/26] Sent → sandeep@taln.cloud
2026-07-10 09:29:25  DEBUG     Domain burst pause (taln.cloud): 15.8s
2026-07-10 09:29:50  INFO      ✔ [21/26] Sent → saurabh08.talentoj@gmail.com
2026-07-10 09:29:56  INFO      ✔ [22/26] Sent → sowmya.nk@sonata-software.com
2026-07-10 09:30:03  INFO      ✔ [23/26] Sent → sunithaakula@cabptoidsolutions.com
2026-07-10 09:30:10  INFO      ✔ [24/26] Sent → taarni@questhiring.com
2026-07-10 09:30:10  DEBUG     Domain burst pause (questhiring.com): 27.1s
2026-07-10 09:30:44  INFO      ✔ [25/26] Sent → talent@impactqa.com
2026-07-10 09:30:50  INFO      ✔ [26/26] Sent → uma@coventine.com
2026-07-10 09:30:56  INFO      🎉 Done — 26/26 emails sent today.
2026-07-10 09:30:56  INFO      📊 Total sent all time: 1839
2026-07-10 09:30:56  INFO      All emails sent. Deleting source PDF(s)…
2026-07-10 09:30:56  INFO      🗑  Deleted PDF: NCR_Noida_Delhi_Gurgaon (17).pdf
2026-07-10 10:29:09  INFO      📅 Daily cap: 250 | Sent today: 26 | Remaining: 224
2026-07-10 10:29:09  INFO      ⛔ Excluded domains (27): bonami.in, cgi.com, cognizant.com, dotpe.in, dronamaps.com, earthclock.in, embglobal.com, grappus.com, herovired.com, hudle.in, idreamcareer.com, infosys.com, legistify.com, locofast.com, ongrid.in, primathon.in, pushowl.com, questt.com, raftlabs.co, rayosys.com, scuderia.in, sparkeighteen.com, squareboat.com, squareops.com, tradingwithvivek.com, venturasecurities.com, wizzybox.com
2026-07-10 10:29:09  INFO      Reading PDF: WFH Remote Outside India (5).pdf
2026-07-10 10:29:09  DEBUG     ⛔ Excluded: info@jobcurator.in
2026-07-10 10:29:10  DEBUG     ⛔ Excluded: info@jobcurator.in
2026-07-10 10:29:10  DEBUG     ⛔ Excluded: info@jobcurator.in
2026-07-10 10:29:10  DEBUG     ⛔ Excluded: info@jobcurator.in
2026-07-10 10:29:10  DEBUG     ⛔ Excluded: info@jobcurator.in
2026-07-10 10:29:10  DEBUG     ⛔ Excluded: info@jobcurator.in
2026-07-10 10:29:10  DEBUG     ⛔ Excluded: info@jobcurator.in
2026-07-10 10:29:10  DEBUG     ⛔ Excluded: info@jobcurator.in
2026-07-10 10:29:10  DEBUG     ⛔ Excluded: info@jobcurator.in
2026-07-10 10:29:10  DEBUG     ⛔ Excluded: info@jobcurator.in
2026-07-10 10:29:10  DEBUG     ⛔ Excluded: info@jobcurator.in
2026-07-10 10:29:10  DEBUG     ⛔ Excluded: info@jobcurator.in
2026-07-10 10:29:11  DEBUG     ⛔ Excluded: info@jobcurator.in
2026-07-10 10:29:11  DEBUG     ⛔ Excluded: info@jobcurator.in
2026-07-10 10:29:11  DEBUG     ⛔ Excluded: info@jobcurator.in
2026-07-10 10:29:11  DEBUG     ⛔ Excluded: info@jobcurator.in
2026-07-10 10:29:11  DEBUG     ⛔ Excluded: info@jobcurator.in
2026-07-10 10:29:11  DEBUG     ⛔ Excluded: info@jobcurator.in
2026-07-10 10:29:11  DEBUG     ⛔ Excluded: info@jobcurator.in
2026-07-10 10:29:11  DEBUG     ⛔ Excluded: info@jobcurator.in
2026-07-10 10:29:11  DEBUG     ⛔ Excluded: info@jobcurator.in
2026-07-10 10:29:11  DEBUG     ⛔ Excluded: info@jobcurator.in
2026-07-10 10:29:11  DEBUG     ⛔ Excluded: info@jobcurator.in
2026-07-10 10:29:11  DEBUG     ⛔ Excluded: info@jobcurator.in
2026-07-10 10:29:12  DEBUG     ⛔ Excluded: info@jobcurator.in
2026-07-10 10:29:12  DEBUG     ⛔ Excluded: info@jobcurator.in
2026-07-10 10:29:12  DEBUG     ⛔ Excluded: info@jobcurator.in
2026-07-10 10:29:12  DEBUG     ⛔ Excluded: info@jobcurator.in
2026-07-10 10:29:12  INFO      Unique emails found: 41  |  Excluded (domain/email filter): 28
2026-07-10 10:29:12  INFO      Already sent (all time): 1839  |  New to send today: 36
2026-07-10 10:29:12  INFO      🚀 Starting send: 36 emails | Batch size: 40 | Max/hour: 55
2026-07-10 10:29:13  INFO      ✅ SMTP connected
2026-07-10 10:29:16  INFO      ✔ [1/36] Sent → -varsha.m@tarangansolutions.com
2026-07-10 10:29:25  INFO      ✔ [2/36] Sent → abhishek@innovee.com
2026-07-10 10:29:32  INFO      ✔ [3/36] Sent → akshatha@paramountsoft.net
2026-07-10 10:29:38  INFO      ✔ [4/36] Sent → anuradha.prajapati@etechtexas.com
2026-07-10 10:29:44  INFO      ✔ [5/36] Sent → aquib@nabuzsoftware.com
2026-07-10 10:29:51  INFO      ✔ [6/36] Sent → archana.shenoy@jbplacement.com
2026-07-10 10:29:57  INFO      ✔ [7/36] Sent → ayush.a@e-solutionsinc.com
2026-07-10 10:30:06  INFO      ✔ [8/36] Sent → bhawna.bisht@mavenworkforce.com
2026-07-10 10:30:13  INFO      ✔ [9/36] Sent → bsoto@ccsglobaltech.com
2026-07-10 10:30:36  WARNING   🔌 Server disconnected — reconnecting…
2026-07-10 10:30:36  ERROR     ✘ Retry failed for candiate@zygonich.com: [Errno 8] nodename nor servname provided, or not known
2026-07-10 10:30:40  WARNING   🔌 Server disconnected — reconnecting…
2026-07-10 10:30:40  ERROR     ✘ Retry failed for career@vtuae.com: [Errno 8] nodename nor servname provided, or not known
2026-07-10 10:30:46  WARNING   🔌 Server disconnected — reconnecting…
2026-07-10 10:30:46  ERROR     ✘ Retry failed for divya.c@ekloudservices.com: [Errno 8] nodename nor servname provided, or not known
2026-07-10 10:30:49  WARNING   🔌 Server disconnected — reconnecting…
2026-07-10 10:30:49  ERROR     ✘ Retry failed for executive.recruitment.office@gmail.com: [Errno 8] nodename nor servname provided, or not known
2026-07-10 10:30:54  WARNING   🔌 Server disconnected — reconnecting…
2026-07-10 10:30:54  ERROR     ✘ Retry failed for giftcard8recruitment@gmail.com: [Errno 8] nodename nor servname provided, or not known
2026-07-10 10:30:54  DEBUG     Domain burst pause (gmail.com): 25.6s
2026-07-10 10:31:26  WARNING   🔌 Server disconnected — reconnecting…
2026-07-10 10:31:26  ERROR     ✘ Retry failed for grisha.s@pragyateksolutions.com: [Errno 8] nodename nor servname provided, or not known
2026-07-10 10:31:30  WARNING   🔌 Server disconnected — reconnecting…
2026-07-10 10:31:30  ERROR     ✘ Retry failed for info@neoitstaffing.com: [Errno 8] nodename nor servname provided, or not known
2026-07-10 10:31:35  WARNING   🔌 Server disconnected — reconnecting…
2026-07-10 10:31:35  ERROR     ✘ Retry failed for jadeeconnect@gmail.com: [Errno 8] nodename nor servname provided, or not known
2026-07-10 10:31:40  WARNING   🔌 Server disconnected — reconnecting…
2026-07-10 10:31:40  ERROR     ✘ Retry failed for janani.p@kiaq.in: [Errno 8] nodename nor servname provided, or not known
2026-07-10 10:31:45  WARNING   🔌 Server disconnected — reconnecting…
2026-07-10 10:31:45  ERROR     ✘ Retry failed for krishna.g@mmbglobaltech.com: [Errno 8] nodename nor servname provided, or not known
2026-07-10 10:31:50  WARNING   🔌 Server disconnected — reconnecting…
2026-07-10 10:31:50  ERROR     ✘ Retry failed for kuldeep@techrcs.com: [Errno 8] nodename nor servname provided, or not known
2026-07-10 10:31:56  WARNING   🔌 Server disconnected — reconnecting…
2026-07-10 10:31:56  ERROR     ✘ Retry failed for leena@neoitstaffing.com: [Errno 8] nodename nor servname provided, or not known
2026-07-10 10:31:56  DEBUG     Domain burst pause (neoitstaffing.com): 16.9s
2026-07-10 10:32:19  WARNING   🔌 Server disconnected — reconnecting…
2026-07-10 10:32:19  ERROR     ✘ Retry failed for meghana@sidraforce.com: [Errno 8] nodename nor servname provided, or not known
2026-07-10 10:32:23  WARNING   🔌 Server disconnected — reconnecting…
2026-07-10 10:32:23  ERROR     ✘ Retry failed for mounika.k@avanceservices.us: [Errno 8] nodename nor servname provided, or not known
2026-07-10 10:32:30  WARNING   🔌 Server disconnected — reconnecting…
2026-07-10 10:32:30  ERROR     ✘ Retry failed for nabuzsoftware@gmail.com: [Errno 8] nodename nor servname provided, or not known
2026-07-10 10:32:30  DEBUG     Domain burst pause (gmail.com): 27.2s
2026-07-10 10:33:02  WARNING   🔌 Server disconnected — reconnecting…
2026-07-10 10:33:03  INFO      ✅ SMTP connected
2026-07-10 10:33:06  INFO      ✔ [10/36] Sent (retry) → pallavi.y@soltrakdigital.com
2026-07-10 10:33:15  INFO      ✔ [11/36] Sent → raghunth@hastraa.com
2026-07-10 10:33:24  INFO      ✔ [12/36] Sent → recruitment@shilohgroup.co.za
2026-07-10 10:33:30  INFO      ✔ [13/36] Sent → sachinr@rajtechny.com
2026-07-10 10:33:36  INFO      ✔ [14/36] Sent → sai.prakash@iglobuscc.com
2026-07-10 10:33:44  INFO      ✔ [15/36] Sent → sammy.m@rayvenit.solutio
2026-07-10 10:33:50  INFO      ✔ [16/36] Sent → seleccionhr.msc@gmail.com
2026-07-10 10:33:57  INFO      ✔ [17/36] Sent → sheeman.kafayat@extravis.co
2026-07-10 10:34:06  INFO      ✔ [18/36] Sent → shweta.sgempertsindia@gmail.com
2026-07-10 10:34:06  DEBUG     Domain burst pause (gmail.com): 27.5s
2026-07-10 10:34:40  INFO      ✔ [19/36] Sent → vanitha.s@thriventree.com
2026-07-10 10:34:47  INFO      ✔ [20/36] Sent → vipul@gl.block-stars.com
2026-07-10 10:34:55  INFO      ✔ [21/36] Sent → vishal@omegahires.com
2026-07-10 10:35:00  INFO      🎉 Done — 21/36 emails sent today.
2026-07-10 10:35:00  INFO      📊 Total sent all time: 1860
2026-07-10 10:35:00  WARNING   Skipping PDF deletion — only 21/36 emails sent.
2026-07-10 10:56:35  INFO      📅 Daily cap: 250 | Sent today: 47 | Remaining: 203
2026-07-10 10:56:35  INFO      ⛔ Excluded domains (27): bonami.in, cgi.com, cognizant.com, dotpe.in, dronamaps.com, earthclock.in, embglobal.com, grappus.com, herovired.com, hudle.in, idreamcareer.com, infosys.com, legistify.com, locofast.com, ongrid.in, primathon.in, pushowl.com, questt.com, raftlabs.co, rayosys.com, scuderia.in, sparkeighteen.com, squareboat.com, squareops.com, tradingwithvivek.com, venturasecurities.com, wizzybox.com
2026-07-10 10:56:35  INFO      Reading PDF: Pune Mumbai (6).pdf
2026-07-10 10:56:35  DEBUG     ⛔ Excluded: info@jobcurator.in
2026-07-10 10:56:35  DEBUG     ⛔ Excluded: info@jobcurator.in
2026-07-10 10:56:35  DEBUG     ⛔ Excluded: info@jobcurator.in
2026-07-10 10:56:35  DEBUG     ⛔ Excluded: info@jobcurator.in
2026-07-10 10:56:35  DEBUG     ⛔ Excluded: info@jobcurator.in
2026-07-10 10:56:35  DEBUG     ⛔ Excluded: info@jobcurator.in
2026-07-10 10:56:35  DEBUG     ⛔ Excluded: info@jobcurator.in
2026-07-10 10:56:35  DEBUG     ⛔ Excluded: info@jobcurator.in
2026-07-10 10:56:35  DEBUG     ⛔ Excluded: info@jobcurator.in
2026-07-10 10:56:35  DEBUG     ⛔ Excluded: info@jobcurator.in
2026-07-10 10:56:36  DEBUG     ⛔ Excluded: info@jobcurator.in
2026-07-10 10:56:36  DEBUG     ⛔ Excluded: info@jobcurator.in
2026-07-10 10:56:36  DEBUG     ⛔ Excluded: info@jobcurator.in
2026-07-10 10:56:36  DEBUG     ⛔ Excluded: info@jobcurator.in
2026-07-10 10:56:36  DEBUG     ⛔ Excluded: info@jobcurator.in
2026-07-10 10:56:36  DEBUG     ⛔ Excluded: info@jobcurator.in
2026-07-10 10:56:36  DEBUG     ⛔ Excluded: info@jobcurator.in
2026-07-10 10:56:36  DEBUG     ⛔ Excluded: info@jobcurator.in
2026-07-10 10:56:36  DEBUG     ⛔ Excluded: info@jobcurator.in
2026-07-10 10:56:36  DEBUG     ⛔ Excluded: info@jobcurator.in
2026-07-10 10:56:36  DEBUG     ⛔ Excluded: info@jobcurator.in
2026-07-10 10:56:36  DEBUG     ⛔ Excluded: info@jobcurator.in
2026-07-10 10:56:36  DEBUG     ⛔ Excluded: info@jobcurator.in
2026-07-10 10:56:37  DEBUG     ⛔ Excluded: info@jobcurator.in
2026-07-10 10:56:37  DEBUG     ⛔ Excluded: info@jobcurator.in
2026-07-10 10:56:37  DEBUG     ⛔ Excluded: info@jobcurator.in
2026-07-10 10:56:37  DEBUG     ⛔ Excluded: info@jobcurator.in
2026-07-10 10:56:37  DEBUG     ⛔ Excluded: info@jobcurator.in
2026-07-10 10:56:37  DEBUG     ⛔ Excluded: info@jobcurator.in
2026-07-10 10:56:37  DEBUG     ⛔ Excluded: info@jobcurator.in
2026-07-10 10:56:37  INFO      Unique emails found: 41  |  Excluded (domain/email filter): 30
2026-07-10 10:56:37  INFO      Already sent (all time): 1860  |  New to send today: 26
2026-07-10 10:56:37  INFO      🚀 Starting send: 26 emails | Batch size: 40 | Max/hour: 55
2026-07-10 10:56:38  INFO      ✅ SMTP connected
2026-07-10 10:56:41  INFO      ✔ [1/26] Sent → aishwarya.bhatkande@waayu.app
2026-07-10 10:56:49  INFO      ✔ [2/26] Sent → anita.awarad@quesscorp.com
2026-07-10 10:56:56  INFO      ✔ [3/26] Sent → bindu.bhollam@clyptus.net
2026-07-10 10:57:03  INFO      ✔ [4/26] Sent → bose_p@bluerose-tech.com
2026-07-10 10:57:10  INFO      ✔ [5/26] Sent → careers@clkedge.com
2026-07-10 10:57:17  INFO      ✔ [6/26] Sent → careers@veyratech.in
2026-07-10 10:57:26  INFO      ✔ [7/26] Sent → charbel.manuel@everetfleet.com
2026-07-10 10:57:36  INFO      ✔ [8/26] Sent → gayathri.bhupathiraju@enixza.com
2026-07-10 10:57:42  INFO      ✔ [9/26] Sent → hr@chat360.io
2026-07-10 10:57:51  INFO      ✔ [10/26] Sent → hr@saffotech.com
2026-07-10 10:58:01  INFO      ✔ [11/26] Sent → hr@tsrtalenthub.com
2026-07-10 10:58:06  INFO      ✔ [12/26] Sent → hrd@corp.vmedulife.com
2026-07-10 10:58:15  INFO      ✔ [13/26] Sent → mishtis@sysmind.com
2026-07-10 10:58:21  INFO      ✔ [14/26] Sent → muskan.s@techmantraglobal.com
2026-07-10 10:58:27  INFO      ✔ [15/26] Sent → nirmala@ambizen.in
2026-07-10 10:58:34  INFO      ✔ [16/26] Sent → pragati.kumari@alikethoughts.com
2026-07-10 10:58:41  INFO      ✔ [17/26] Sent → priyab.zurunge@ltm.com
2026-07-10 10:58:47  INFO      ✔ [18/26] Sent → recruitment@kytechservices.com
2026-07-10 10:58:55  INFO      ✔ [19/26] Sent → reshma.kuriakose@varite.com
2026-07-10 10:59:04  INFO      ✔ [20/26] Sent → riddhi.kumari@thrivehub.in
2026-07-10 10:59:13  INFO      ✔ [21/26] Sent → samruddhi.p@cloudintellectsystems.com
2026-07-10 10:59:19  INFO      ✔ [22/26] Sent → siva.thokala@kodeva.com
2026-07-10 10:59:28  INFO      ✔ [23/26] Sent → tauseeba.bano@rakshaelite.com
2026-07-10 10:59:36  INFO      ✔ [24/26] Sent → trupti@rbmsoft.com
2026-07-10 10:59:45  INFO      ✔ [25/26] Sent → umamaheswari.alla@quesscorp.com
2026-07-10 10:59:45  DEBUG     Domain burst pause (quesscorp.com): 25.0s
2026-07-10 11:00:16  INFO      ✔ [26/26] Sent → varaprasad.t@thoughtwavesoft.com
2026-07-10 11:00:19  INFO      🎉 Done — 26/26 emails sent today.
2026-07-10 11:00:19  INFO      📊 Total sent all time: 1886
2026-07-10 11:00:19  INFO      All emails sent. Deleting source PDF(s)…
2026-07-10 11:00:19  INFO      🗑  Deleted PDF: Pune Mumbai (6).pdf
